user_id,user_name,gender,age,province,city,member_level,register_date
U000001,高明轩1,女,33,四川省,德阳,铂金,2025-09-26
U000002,胡佳怡2,女,33,浙江省,温州,普通,2023-11-30
U000003,徐思源3,女,44,山东省,青岛,普通,2023-08-16
U000004,李佳怡4,女,18,湖北省,武汉,铂金,2023-06-14
U000005,徐雨桐5,女,29,河南省,许昌,黄金,2024-02-20
U000006,朱俊杰6,女,30,陕西省,咸阳,普通,2023-02-08
U000007,赵浩然7,男,39,广东省,深圳,普通,2025-06-12
U000008,吴梓萱8,男,33,湖南省,长沙,普通,2024-12-10
U000009,吴佳怡9,女,40,河南省,郑州,铂金,2024-07-06
U000010,刘欣然10,女,26,上海市,上海,普通,2024-12-02
U000011,陈诗涵11,男,34,浙江省,杭州,白银,2026-03-27
U000012,孙子涵12,女,37,江苏省,南通,普通,2025-02-04
U000013,胡浩然13,女,47,江苏省,苏州,白银,2025-09-01
U000014,徐梓萱14,男,51,浙江省,嘉兴,白银,2024-01-01
U000015,朱梓萱15,女,35,河北省,保定,普通,2025-06-27
U000016,吴浩然16,男,32,上海市,上海,普通,2026-06-14
U000017,胡俊杰17,女,40,广东省,佛山,白银,2024-12-08
U000018,孙佳怡18,男,41,山东省,临沂,白银,2025-12-12
U000019,周一诺19,男,33,陕西省,西安,白银,2024-08-21
U000020,胡俊杰20,女,19,浙江省,绍兴,黄金,2026-06-06
U000021,黄俊杰21,男,36,北京市,北京,普通,2026-01-28
U000022,徐嘉诚22,女,43,湖北省,襄阳,铂金,2023-12-28
U000023,徐浩然23,男,31,浙江省,杭州,普通,2023-04-15
U000024,张嘉诚24,男,45,四川省,德阳,白银,2023-09-30
U000025,刘梓萱25,女,37,上海市,上海,铂金,2023-08-30
U000026,赵子涵26,男,24,北京市,北京,普通,2025-05-30
U000027,刘子涵27,女,31,重庆市,重庆,白银,2024-06-18
U000028,刘浩然28,男,26,河北省,唐山,普通,2025-02-16
U000029,杨一诺29,男,27,湖南省,长沙,普通,2026-05-29
U000030,李俊杰30,男,39,河北省,廊坊,白银,2023-12-02
U000031,张雨桐31,女,30,北京市,北京,黄金,2025-02-24
U000032,陈嘉诚32,男,34,江苏省,南通,白银,2023-11-23
U000033,杨欣然33,男,29,湖北省,武汉,普通,2023-06-06
U000034,杨欣然34,男,35,山东省,临沂,普通,2023-02-18
U000035,李欣然35,女,29,江苏省,苏州,普通,2025-02-11
U000036,李一诺36,女,41,北京市,北京,普通,2023-12-05
U000037,胡明轩37,男,26,广东省,东莞,黄金,2024-02-18
U000038,孙嘉诚38,男,32,河南省,许昌,普通,2023-08-02
U000039,周一诺39,男,23,河南省,郑州,普通,2026-01-24
U000040,周俊杰40,女,30,河南省,南阳,黄金,2024-11-29
U000041,朱俊杰41,女,23,四川省,成都,白银,2025-04-16
U000042,胡明轩42,男,18,浙江省,温州,普通,2025-01-19
U000043,周诗涵43,男,17,江苏省,南京,普通,2024-12-13
U000044,周一诺44,女,43,江苏省,南通,黄金,2023-02-27
U000045,高欣然45,女,37,江苏省,常州,普通,2024-03-10
U000046,赵浩然46,女,31,广东省,广州,白银,2024-04-16
U000047,李诗涵47,男,38,广东省,佛山,普通,2024-09-07
U000048,朱佳怡48,男,33,上海市,上海,白银,2026-02-27
U000049,刘子涵49,男,36,湖北省,荆州,黄金,2026-02-24
U000050,孙明轩50,女,46,湖南省,长沙,黄金,2025-07-26
U000051,赵俊杰51,女,23,广东省,深圳,普通,2026-01-12
U000052,李明轩52,男,29,山东省,临沂,普通,2024-07-12
U000053,刘俊杰53,女,44,江苏省,无锡,普通,2024-09-26
U000054,徐梓萱54,男,41,广东省,广州,白银,2025-10-18
U000055,刘嘉诚55,男,16,山东省,济南,普通,2025-08-22
U000056,高梓萱56,男,18,广东省,佛山,白银,2025-03-16
U000057,黄明轩57,男,16,福建省,厦门,普通,2025-10-07
U000058,王诗涵58,女,34,山东省,烟台,普通,2026-04-25
U000059,周佳怡59,女,38,广东省,佛山,黄金,2025-02-15
U000060,孙思源60,女,24,重庆市,重庆,黄金,2024-03-25
U000061,李诗涵61,女,23,浙江省,嘉兴,普通,2023-05-17
U000062,赵梓萱62,男,22,陕西省,西安,白银,2025-07-05
U000063,杨梓萱63,男,43,广东省,东莞,普通,2024-05-29
U000064,王佳怡64,女,23,江苏省,无锡,普通,2026-04-10
U000065,胡佳怡65,女,28,重庆市,重庆,普通,2023-12-15
U000066,张子涵66,女,39,河北省,石家庄,普通,2024-01-31
U000067,吴子涵67,女,16,安徽省,合肥,黄金,2025-09-19
U000068,刘一诺68,女,35,浙江省,温州,白银,2024-02-15
U000069,陈俊杰69,女,47,广东省,深圳,白银,2023-06-20
U000070,胡雨桐70,女,26,江苏省,南通,白银,2023-03-29
U000071,杨诗涵71,女,52,广东省,东莞,普通,2025-09-28
U000072,李俊杰72,女,30,浙江省,宁波,普通,2025-09-06
U000073,周一诺73,男,35,福建省,福州,普通,2023-08-01
U000074,李思源74,女,23,广东省,珠海,白银,2025-10-30
U000075,李子涵75,女,28,陕西省,西安,白银,2025-03-10
U000076,朱雨桐76,男,37,河南省,郑州,普通,2023-04-05
U000077,李梓萱77,女,33,江苏省,南京,普通,2026-05-20
U000078,张一诺78,男,34,福建省,厦门,普通,2024-09-03
U000079,徐欣然79,女,30,北京市,北京,铂金,2023-04-06
U000080,胡思源80,男,21,江苏省,南京,普通,2024-10-31
U000081,李欣然81,女,38,湖南省,岳阳,普通,2023-12-02
U000082,高诗涵82,男,24,河南省,许昌,黄金,2023-12-01
U000083,王明轩83,女,34,福建省,莆田,黑金,2023-02-26
U000084,王思源84,男,29,湖北省,黄冈,白银,2026-04-21
U000085,李俊杰85,男,40,江苏省,常州,普通,2024-06-10
U000086,王一诺86,男,19,河北省,保定,普通,2026-01-11
U000087,孙一诺87,女,41,河南省,南阳,普通,2026-06-10
U000088,张浩然88,女,34,湖北省,荆州,普通,2024-09-27
U000089,杨嘉诚89,男,25,陕西省,西安,普通,2023-02-05
U000090,赵明轩90,男,33,湖北省,武汉,普通,2026-06-02
U000091,陈佳怡91,女,43,北京市,北京,普通,2023-01-25
U000092,吴子涵92,女,22,湖南省,株洲,普通,2025-05-08
U000093,黄一诺93,女,43,河北省,保定,普通,2024-06-12
U000094,吴俊杰94,女,31,四川省,德阳,普通,2025-05-24
U000095,胡梓萱95,男,43,福建省,厦门,普通,2023-12-13
U000096,徐嘉诚96,女,48,重庆市,重庆,铂金,2024-05-01
U000097,朱雨桐97,女,39,浙江省,宁波,白银,2024-09-04
U000098,黄梓萱98,男,65,河北省,石家庄,普通,2025-11-10
U000099,李嘉诚99,女,32,湖北省,宜昌,白银,2023-04-13
U000100,陈浩然100,女,35,湖南省,株洲,普通,2023-01-11
U000101,朱雨桐101,男,24,北京市,北京,铂金,2024-03-02
U000102,朱明轩102,男,16,山东省,临沂,白银,2023-01-03
U000103,徐子涵103,男,29,河北省,唐山,普通,2023-02-04
U000104,王俊杰104,男,19,江苏省,苏州,普通,2024-01-23
U000105,朱俊杰105,男,22,广东省,东莞,普通,2025-12-03
U000106,徐子涵106,女,41,福建省,莆田,白银,2023-02-16
U000107,高雨桐107,男,28,湖南省,岳阳,普通,2024-07-09
U000108,张诗涵108,男,20,上海市,上海,白银,2025-02-21
U000109,高浩然109,男,22,河南省,郑州,黄金,2024-10-18
U000110,吴嘉诚110,女,34,湖北省,武汉,白银,2024-05-23
U000111,刘嘉诚111,男,34,山东省,青岛,普通,2023-11-03
U000112,胡一诺112,男,16,广东省,深圳,普通,2023-03-10
U000113,陈思源113,男,62,江苏省,常州,普通,2023-05-11
U000114,刘浩然114,男,26,广东省,东莞,铂金,2025-03-28
U000115,李雨桐115,女,23,浙江省,杭州,黄金,2023-07-22
U000116,孙雨桐116,男,16,广东省,深圳,白银,2025-11-20
U000117,孙佳怡117,男,44,江苏省,苏州,普通,2025-07-08
U000118,刘子涵118,女,30,四川省,成都,铂金,2024-06-30
U000119,孙一诺119,男,40,江苏省,常州,白银,2024-06-25
U000120,杨雨桐120,男,36,广东省,东莞,普通,2023-12-15
U000121,胡俊杰121,女,42,山东省,济南,普通,2025-09-11
U000122,李思源122,男,30,广东省,珠海,普通,2023-02-15
U000123,周俊杰123,女,30,广东省,佛山,普通,2023-11-21
U000124,黄梓萱124,女,21,北京市,北京,普通,2023-06-11
U000125,张浩然125,男,33,安徽省,芜湖,普通,2023-10-30
U000126,杨浩然126,女,27,湖南省,株洲,铂金,2025-06-25
U000127,李思源127,男,30,四川省,成都,黄金,2023-02-24
U000128,高子涵128,男,31,山东省,临沂,普通,2023-04-08
U000129,杨欣然129,女,36,河南省,郑州,白银,2025-09-29
U000130,周梓萱130,女,42,江苏省,苏州,普通,2024-12-26
U000131,朱浩然131,女,29,四川省,成都,黄金,2023-02-20
U000132,吴子涵132,男,40,浙江省,杭州,黄金,2024-09-20
U000133,张一诺133,男,39,广东省,广州,普通,2023-02-02
U000134,周欣然134,男,26,山东省,青岛,普通,2023-03-14
U000135,刘子涵135,男,46,山东省,潍坊,铂金,2025-04-11
U000136,吴梓萱136,女,17,浙江省,宁波,普通,2023-06-28
U000137,赵佳怡137,女,19,浙江省,温州,普通,2025-03-12
U000138,黄一诺138,女,27,湖北省,黄冈,普通,2023-05-30
U000139,吴明轩139,女,30,广东省,佛山,白银,2025-03-07
U000140,吴明轩140,男,30,广东省,东莞,黄金,2025-12-12
U000141,李俊杰141,女,16,河北省,唐山,普通,2026-05-24
U000142,刘雨桐142,男,47,山东省,临沂,普通,2026-02-15
U000143,吴子涵143,女,31,陕西省,宝鸡,普通,2023-11-24
U000144,黄雨桐144,男,52,湖南省,长沙,普通,2025-07-03
U000145,徐雨桐145,女,43,陕西省,渭南,普通,2025-02-02
U000146,刘俊杰146,女,16,广东省,深圳,白银,2023-02-03
U000147,陈雨桐147,男,26,安徽省,安庆,白银,2025-03-26
U000148,高明轩148,男,28,北京市,北京,普通,2025-09-09
U000149,王子涵149,女,33,浙江省,温州,黄金,2023-09-08
U000150,高梓萱150,女,31,湖南省,长沙,白银,2026-05-28
U000151,吴梓萱151,男,19,江苏省,无锡,普通,2024-04-08
U000152,张浩然152,男,33,重庆市,重庆,普通,2025-08-02
U000153,陈明轩153,女,35,广东省,佛山,白银,2023-07-03
U000154,周诗涵154,女,29,江苏省,苏州,普通,2023-06-30
U000155,陈嘉诚155,男,32,河南省,郑州,黄金,2023-02-24
U000156,王明轩156,男,29,北京市,北京,普通,2023-07-25
U000157,胡俊杰157,男,42,北京市,北京,白银,2023-12-12
U000158,王诗涵158,女,42,湖北省,宜昌,白银,2023-05-05
U000159,孙雨桐159,女,27,湖北省,黄冈,普通,2023-08-09
U000160,周浩然160,男,35,四川省,成都,白银,2024-01-28
U000161,李浩然161,女,26,四川省,德阳,白银,2026-05-03
U000162,张思源162,女,42,山东省,潍坊,普通,2023-02-14
U000163,高佳怡163,女,51,湖南省,株洲,普通,2024-04-25
U000164,张思源164,男,31,广东省,珠海,黄金,2024-04-01
U000165,陈嘉诚165,女,26,江苏省,南京,普通,2025-05-14
U000166,胡佳怡166,女,60,湖南省,岳阳,普通,2025-04-28
U000167,吴一诺167,女,34,浙江省,绍兴,普通,2025-02-21
U000168,周诗涵168,男,40,北京市,北京,黄金,2026-01-01
U000169,张子涵169,女,16,广东省,深圳,黄金,2025-04-05
U000170,徐思源170,女,48,江苏省,无锡,黄金,2025-04-07
U000171,陈雨桐171,女,29,山东省,烟台,黄金,2026-06-09
U000172,胡思源172,男,24,山东省,烟台,白银,2025-06-26
U000173,胡思源173,男,28,浙江省,温州,普通,2026-04-25
U000174,张明轩174,男,20,安徽省,合肥,普通,2023-04-07
U000175,陈嘉诚175,男,30,广东省,东莞,普通,2025-02-09
U000176,朱明轩176,女,32,山东省,临沂,普通,2024-03-23
U000177,周一诺177,男,40,四川省,成都,黄金,2025-09-04
U000178,胡诗涵178,女,39,河北省,廊坊,白银,2025-07-04
U000179,黄思源179,女,33,江苏省,无锡,黄金,2023-02-20
U000180,胡俊杰180,女,18,四川省,南充,白银,2023-12-25
U000181,张佳怡181,男,47,河南省,许昌,普通,2023-10-26
U000182,李嘉诚182,男,45,河南省,洛阳,黄金,2026-01-10
U000183,徐诗涵183,女,39,江苏省,南京,普通,2024-08-29
U000184,张子涵184,男,30,上海市,上海,普通,2025-05-26
U000185,朱雨桐185,男,42,上海市,上海,普通,2024-05-30
U000186,朱一诺186,女,42,山东省,烟台,普通,2025-07-12
U000187,张嘉诚187,女,36,浙江省,杭州,普通,2025-04-03
U000188,高诗涵188,男,25,陕西省,西安,普通,2026-03-31
U000189,黄一诺189,女,26,浙江省,杭州,普通,2025-02-15
U000190,黄思源190,男,40,广东省,广州,普通,2024-11-02
U000191,张思源191,女,46,浙江省,温州,黄金,2025-08-10
U000192,黄雨桐192,女,58,广东省,深圳,普通,2023-01-03
U000193,赵嘉诚193,女,28,山东省,济南,普通,2023-12-24
U000194,张思源194,男,23,江苏省,无锡,普通,2025-11-29
U000195,徐一诺195,男,36,上海市,上海,普通,2025-10-24
U000196,王子涵196,女,27,湖南省,株洲,白银,2025-08-09
U000197,陈思源197,男,27,湖北省,黄冈,黄金,2025-04-08
U000198,赵思源198,女,36,河南省,洛阳,白银,2024-03-23
U000199,赵诗涵199,男,38,上海市,上海,普通,2023-06-15
U000200,朱一诺200,男,30,广东省,珠海,白银,2023-02-17
U000201,赵嘉诚201,男,44,广东省,深圳,铂金,2024-01-23
U000202,王明轩202,女,24,浙江省,宁波,普通,2023-04-18
U000203,周明轩203,女,38,浙江省,绍兴,黄金,2025-12-06
U000204,徐一诺204,女,41,四川省,德阳,白银,2023-06-14
U000205,胡明轩205,女,39,广东省,广州,普通,2024-04-12
U000206,黄思源206,男,27,浙江省,杭州,普通,2024-06-12
U000207,周嘉诚207,女,19,四川省,成都,白银,2024-08-12
U000208,杨明轩208,男,16,湖南省,长沙,白银,2025-05-20
U000209,吴诗涵209,男,37,浙江省,宁波,黄金,2025-12-05
U000210,周一诺210,女,43,江苏省,苏州,白银,2025-11-14
U000211,张一诺211,男,26,四川省,宜宾,普通,2023-03-04
U000212,高思源212,男,37,广东省,珠海,普通,2025-11-05
U000213,陈子涵213,男,26,浙江省,杭州,白银,2023-12-10
U000214,吴思源214,女,40,浙江省,杭州,铂金,2025-07-26
U000215,吴俊杰215,男,28,四川省,宜宾,白银,2024-05-21
U000216,张雨桐216,男,26,四川省,成都,黄金,2025-08-26
U000217,张雨桐217,男,16,上海市,上海,铂金,2025-05-30
U000218,朱嘉诚218,女,25,山东省,潍坊,普通,2024-02-22
U000219,孙明轩219,男,35,湖南省,株洲,黄金,2024-11-16
U000220,吴雨桐220,女,33,北京市,北京,普通,2025-03-01
U000221,刘思源221,女,49,山东省,青岛,黄金,2024-10-20
U000222,徐梓萱222,女,24,河南省,洛阳,白银,2026-05-05
U000223,杨诗涵223,男,34,浙江省,宁波,普通,2025-12-24
U000224,刘明轩224,女,43,湖南省,株洲,普通,2023-03-09
U000225,吴欣然225,女,16,重庆市,重庆,普通,2024-07-25
U000226,李雨桐226,男,34,河北省,唐山,普通,2025-11-17
U000227,陈子涵227,女,32,山东省,济南,白银,2023-06-20
U000228,杨俊杰228,女,40,四川省,南充,白银,2023-08-31
U000229,吴一诺229,男,19,江苏省,南通,白银,2025-12-19
U000230,孙明轩230,男,26,重庆市,重庆,普通,2025-09-08
U000231,张思源231,男,38,广东省,佛山,普通,2023-12-11
U000232,吴梓萱232,女,31,江苏省,南通,普通,2026-02-15
U000233,刘明轩233,男,47,北京市,北京,普通,2023-09-11
U000234,杨梓萱234,男,30,浙江省,温州,普通,2024-02-12
U000235,徐欣然235,女,18,上海市,上海,白银,2025-01-11
U000236,吴俊杰236,女,16,广东省,广州,黑金,2026-01-23
U000237,徐欣然237,男,28,湖北省,荆州,白银,2024-08-29
U000238,陈思源238,女,26,浙江省,宁波,普通,2024-08-23
U000239,刘诗涵239,女,30,广东省,珠海,普通,2025-12-18
U000240,高佳怡240,女,30,江苏省,常州,白银,2023-08-06
U000241,朱浩然241,男,24,陕西省,宝鸡,白银,2023-07-29
U000242,周思源242,女,32,江苏省,南通,普通,2024-01-23
U000243,吴浩然243,女,41,江苏省,无锡,白银,2024-02-18
U000244,王佳怡244,男,39,浙江省,温州,普通,2024-11-19
U000245,周思源245,女,31,湖北省,荆州,普通,2025-04-25
U000246,刘诗涵246,男,30,河南省,郑州,白银,2024-12-27
U000247,杨子涵247,男,43,北京市,北京,普通,2023-07-30
U000248,朱俊杰248,男,26,江苏省,无锡,普通,2025-07-03
U000249,胡浩然249,女,35,福建省,泉州,普通,2024-10-11
U000250,杨欣然250,女,33,山东省,潍坊,铂金,2024-02-07
U000251,王思源251,女,48,广东省,珠海,白银,2023-03-01
U000252,陈欣然252,男,34,湖北省,荆州,普通,2024-05-15
U000253,胡佳怡253,男,16,浙江省,绍兴,白银,2026-01-05
U000254,朱子涵254,男,34,四川省,德阳,黄金,2023-05-01
U000255,刘诗涵255,男,42,广东省,珠海,黑金,2025-11-04
U000256,胡明轩256,男,23,江苏省,南通,普通,2025-02-26
U000257,杨一诺257,男,32,广东省,珠海,普通,2024-07-23
U000258,杨诗涵258,男,28,山东省,烟台,白银,2026-04-18
U000259,徐欣然259,女,20,江苏省,南京,普通,2024-12-05
U000260,陈梓萱260,男,35,湖南省,长沙,白银,2023-08-23
U000261,徐子涵261,女,39,广东省,深圳,普通,2024-02-15
U000262,吴俊杰262,男,16,山东省,潍坊,白银,2023-01-06
U000263,王一诺263,男,41,北京市,北京,普通,2024-10-31
U000264,杨梓萱264,女,42,浙江省,杭州,普通,2025-10-12
U000265,徐梓萱265,男,41,广东省,广州,白银,2026-02-04
U000266,孙欣然266,男,41,四川省,南充,普通,2023-03-12
U000267,吴欣然267,女,43,浙江省,杭州,普通,2025-05-18
U000268,杨浩然268,女,23,陕西省,渭南,普通,2025-03-07
U000269,李思源269,女,26,湖北省,武汉,普通,2023-09-19
U000270,徐一诺270,女,23,山东省,潍坊,黄金,2025-02-08
U000271,刘思源271,男,36,重庆市,重庆,白银,2026-04-14
U000272,黄梓萱272,女,43,陕西省,宝鸡,黄金,2023-06-24
U000273,周欣然273,男,48,广东省,珠海,普通,2024-09-08
U000274,杨子涵274,男,26,福建省,福州,普通,2025-05-10
U000275,陈诗涵275,女,38,河北省,唐山,白银,2024-08-23
U000276,赵一诺276,女,22,福建省,福州,白银,2026-05-13
U000277,孙思源277,女,22,河北省,石家庄,普通,2025-08-22
U000278,徐梓萱278,男,41,浙江省,嘉兴,普通,2026-03-23
U000279,刘欣然279,男,20,浙江省,宁波,普通,2023-11-29
U000280,周雨桐280,男,27,广东省,佛山,普通,2024-08-04
U000281,王浩然281,男,16,陕西省,宝鸡,普通,2025-12-21
U000282,朱嘉诚282,女,20,上海市,上海,黄金,2023-07-25
U000283,朱嘉诚283,女,32,山东省,临沂,白银,2024-03-12
U000284,李欣然284,男,37,重庆市,重庆,普通,2024-10-19
U000285,徐一诺285,男,20,湖北省,襄阳,普通,2023-07-08
U000286,陈雨桐286,男,22,北京市,北京,铂金,2024-12-27
U000287,孙子涵287,女,28,浙江省,温州,普通,2023-10-26
U000288,高俊杰288,男,29,四川省,成都,普通,2024-09-10
U000289,张梓萱289,男,34,福建省,莆田,普通,2024-01-02
U000290,赵明轩290,男,22,河北省,唐山,普通,2024-07-19
U000291,周俊杰291,女,36,江苏省,南通,白银,2026-03-12
U000292,朱俊杰292,女,25,广东省,佛山,普通,2023-03-14
U000293,王诗涵293,女,23,江苏省,常州,白银,2025-08-11
U000294,周俊杰294,男,25,山东省,烟台,黄金,2026-05-08
U000295,吴佳怡295,女,33,上海市,上海,白银,2024-03-18
U000296,高一诺296,女,37,山东省,青岛,普通,2025-10-27
U000297,吴嘉诚297,女,20,广东省,东莞,白银,2023-03-20
U000298,赵诗涵298,女,38,浙江省,嘉兴,普通,2024-11-04
U000299,徐诗涵299,女,38,江苏省,无锡,普通,2025-12-20
U000300,黄佳怡300,男,40,陕西省,宝鸡,普通,2023-10-08
U000301,张诗涵301,女,32,浙江省,温州,普通,2026-01-14
U000302,胡诗涵302,男,38,浙江省,嘉兴,普通,2023-12-03
U000303,孙嘉诚303,女,29,浙江省,嘉兴,白银,2025-11-08
U000304,周梓萱304,男,41,重庆市,重庆,黄金,2024-02-15
U000305,胡欣然305,男,38,河南省,新乡,黑金,2025-01-17
U000306,刘雨桐306,女,31,湖北省,宜昌,普通,2025-05-02
U000307,王子涵307,男,21,江苏省,南通,普通,2025-06-13
U000308,孙梓萱308,女,26,浙江省,温州,普通,2023-01-12
U000309,张浩然309,男,21,山东省,青岛,普通,2023-05-10
U000310,李嘉诚310,女,27,浙江省,杭州,黄金,2024-01-08
U000311,周嘉诚311,女,44,广东省,珠海,普通,2025-07-27
U000312,王子涵312,男,40,上海市,上海,黄金,2024-04-08
U000313,张佳怡313,女,32,河南省,郑州,普通,2024-04-04
U000314,朱欣然314,女,34,广东省,佛山,普通,2024-12-17
U000315,吴一诺315,男,36,湖北省,武汉,普通,2023-05-18
U000316,杨子涵316,男,38,浙江省,绍兴,黄金,2024-08-01
U000317,陈嘉诚317,男,27,湖南省,衡阳,白银,2026-05-11
U000318,黄嘉诚318,女,33,广东省,深圳,普通,2023-11-12
U000319,李佳怡319,男,27,浙江省,嘉兴,白银,2025-10-27
U000320,徐浩然320,男,25,河北省,唐山,普通,2026-06-14
U000321,王诗涵321,女,41,四川省,宜宾,黄金,2025-05-19
U000322,李一诺322,女,32,四川省,绵阳,普通,2023-06-28
U000323,徐子涵323,女,16,广东省,珠海,黄金,2025-07-13
U000324,王梓萱324,男,32,上海市,上海,普通,2024-07-28
U000325,李明轩325,男,29,河南省,许昌,黑金,2024-12-30
U000326,周佳怡326,女,25,重庆市,重庆,白银,2025-03-29
U000327,赵明轩327,女,30,广东省,东莞,普通,2023-04-22
U000328,王子涵328,男,33,上海市,上海,黄金,2024-05-12
U000329,王子涵329,女,16,江苏省,常州,铂金,2024-01-11
U000330,黄子涵330,男,40,河南省,洛阳,普通,2024-11-25
U000331,朱思源331,男,21,山东省,潍坊,普通,2024-04-04
U000332,杨欣然332,男,46,北京市,北京,白银,2026-03-31
U000333,孙梓萱333,男,34,江苏省,南京,白银,2024-04-30
U000334,陈诗涵334,男,25,广东省,广州,普通,2026-06-13
U000335,黄思源335,男,34,河北省,保定,黑金,2023-06-03
U000336,陈思源336,男,30,浙江省,温州,普通,2025-01-04
U000337,吴一诺337,女,20,湖南省,岳阳,白银,2023-11-24
U000338,吴子涵338,男,44,江苏省,南京,白银,2024-05-01
U000339,赵俊杰339,女,25,河南省,南阳,白银,2024-09-03
U000340,朱佳怡340,女,23,四川省,宜宾,普通,2023-08-25
U000341,朱子涵341,女,34,山东省,烟台,白银,2025-01-28
U000342,孙子涵342,男,33,湖南省,长沙,普通,2026-03-31
U000343,刘一诺343,女,37,江苏省,无锡,黄金,2025-06-14
U000344,孙诗涵344,女,32,重庆市,重庆,普通,2025-07-21
U000345,周子涵345,女,32,重庆市,重庆,铂金,2025-08-19
U000346,高一诺346,女,45,浙江省,嘉兴,白银,2025-01-12
U000347,张诗涵347,男,48,四川省,南充,普通,2023-12-09
U000348,王梓萱348,女,35,广东省,深圳,普通,2026-02-05
U000349,李明轩349,女,24,浙江省,宁波,普通,2026-06-04
U000350,孙欣然350,女,38,浙江省,温州,普通,2026-06-04
U000351,张子涵351,男,37,河南省,新乡,普通,2025-03-24
U000352,朱嘉诚352,男,30,广东省,珠海,普通,2023-07-27
U000353,孙佳怡353,男,23,安徽省,阜阳,普通,2025-06-07
U000354,王嘉诚354,女,46,四川省,宜宾,白银,2025-10-18
U000355,周梓萱355,男,29,河南省,南阳,普通,2024-08-09
U000356,赵子涵356,男,33,山东省,青岛,黄金,2025-08-06
U000357,张诗涵357,女,20,山东省,青岛,普通,2023-09-21
U000358,黄嘉诚358,女,16,江苏省,常州,黄金,2025-07-18
U000359,孙欣然359,女,33,河南省,新乡,普通,2023-04-13
U000360,朱诗涵360,男,35,上海市,上海,普通,2024-05-11
U000361,周一诺361,女,27,河南省,洛阳,普通,2026-02-13
U000362,陈浩然362,女,22,广东省,广州,黄金,2025-02-12
U000363,刘明轩363,女,21,广东省,深圳,普通,2026-01-20
U000364,吴梓萱364,男,24,重庆市,重庆,白银,2024-05-24
U000365,王一诺365,男,30,浙江省,嘉兴,普通,2023-06-08
U000366,王诗涵366,女,22,湖南省,岳阳,黄金,2025-06-16
U000367,高诗涵367,女,26,广东省,东莞,黄金,2025-05-14
U000368,杨佳怡368,女,52,上海市,上海,普通,2025-08-02
U000369,吴思源369,女,19,江苏省,南京,普通,2025-01-07
U000370,杨诗涵370,女,30,上海市,上海,白银,2025-12-06
U000371,李明轩371,女,36,江苏省,无锡,普通,2025-12-13
U000372,吴梓萱372,女,29,湖北省,襄阳,白银,2024-08-19
U000373,高子涵373,男,23,广东省,东莞,普通,2025-04-17
U000374,杨明轩374,男,26,山东省,潍坊,白银,2023-08-02
U000375,黄明轩375,女,34,山东省,潍坊,普通,2024-07-03
U000376,赵梓萱376,男,39,安徽省,阜阳,普通,2026-04-12
U000377,周俊杰377,男,34,广东省,佛山,普通,2024-09-25
U000378,胡俊杰378,男,18,广东省,东莞,普通,2023-08-01
U000379,张俊杰379,男,30,河南省,南阳,黄金,2025-12-16
U000380,胡诗涵380,男,24,重庆市,重庆,普通,2024-12-17
U000381,吴子涵381,女,27,福建省,厦门,普通,2024-02-17
U000382,张思源382,男,38,广东省,佛山,白银,2025-07-01
U000383,高思源383,女,20,河南省,洛阳,白银,2026-05-07
U000384,徐思源384,男,25,北京市,北京,白银,2024-11-14
U000385,孙雨桐385,男,21,广东省,深圳,普通,2023-05-05
U000386,李梓萱386,女,36,重庆市,重庆,黄金,2025-07-19
U000387,陈明轩387,男,22,广东省,佛山,黄金,2023-06-15
U000388,周梓萱388,男,31,北京市,北京,黄金,2023-11-28
U000389,黄诗涵389,女,33,广东省,东莞,铂金,2024-10-15
U000390,胡佳怡390,男,22,浙江省,温州,黄金,2023-08-21
U000391,周子涵391,男,32,重庆市,重庆,普通,2025-02-16
U000392,高明轩392,男,29,重庆市,重庆,普通,2026-03-04
U000393,刘诗涵393,女,31,四川省,南充,白银,2023-11-19
U000394,周佳怡394,女,39,山东省,潍坊,普通,2023-05-26
U000395,刘思源395,男,31,北京市,北京,普通,2026-02-06
U000396,王诗涵396,女,19,山东省,烟台,黄金,2025-09-29
U000397,李佳怡397,男,23,广东省,深圳,白银,2023-07-05
U000398,陈雨桐398,男,35,湖南省,岳阳,普通,2025-05-22
U000399,吴诗涵399,女,40,浙江省,温州,黄金,2023-09-22
U000400,吴俊杰400,男,34,山东省,潍坊,黄金,2024-01-26
U000401,张子涵401,女,35,广东省,珠海,黄金,2023-04-27
U000402,朱欣然402,女,16,浙江省,宁波,普通,2026-04-15
U000403,王明轩403,女,30,重庆市,重庆,普通,2023-09-16
U000404,李俊杰404,女,33,北京市,北京,黄金,2025-02-01
U000405,王思源405,男,27,山东省,青岛,白银,2026-05-16
U000406,徐明轩406,女,35,上海市,上海,白银,2023-08-17
U000407,杨子涵407,女,20,陕西省,宝鸡,普通,2025-01-25
U000408,赵欣然408,女,37,江苏省,南通,普通,2024-02-11
U000409,吴一诺409,男,38,河北省,保定,普通,2025-02-05
U000410,吴浩然410,女,36,山东省,青岛,黄金,2024-11-17
U000411,李子涵411,男,36,山东省,青岛,普通,2024-02-29
U000412,王佳怡412,男,36,广东省,东莞,铂金,2025-12-25
U000413,王嘉诚413,男,19,四川省,宜宾,白银,2024-07-28
U000414,刘欣然414,男,29,湖南省,岳阳,白银,2023-11-19
U000415,孙子涵415,女,16,浙江省,绍兴,普通,2023-07-31
U000416,张梓萱416,男,18,上海市,上海,普通,2023-01-28
U000417,高佳怡417,女,33,浙江省,绍兴,普通,2025-11-30
U000418,刘俊杰418,女,26,四川省,绵阳,白银,2026-04-27
U000419,李嘉诚419,女,38,山东省,潍坊,普通,2026-05-07
U000420,杨一诺420,男,30,广东省,佛山,普通,2025-10-06
U000421,胡佳怡421,女,22,江苏省,常州,黄金,2023-03-20
U000422,高俊杰422,男,45,北京市,北京,普通,2026-04-04
U000423,吴子涵423,女,28,安徽省,合肥,普通,2024-03-15
U000424,王诗涵424,女,35,福建省,泉州,白银,2025-09-26
U000425,徐诗涵425,女,30,广东省,广州,白银,2023-02-14
U000426,黄嘉诚426,女,32,陕西省,咸阳,普通,2024-12-23
U000427,赵梓萱427,男,43,江苏省,南通,黄金,2026-01-03
U000428,王佳怡428,女,38,福建省,泉州,黄金,2025-10-19
U000429,孙一诺429,女,34,湖南省,长沙,铂金,2025-02-05
U000430,刘嘉诚430,女,26,广东省,东莞,普通,2024-02-13
U000431,周嘉诚431,男,42,江苏省,南京,普通,2023-10-10
U000432,杨梓萱432,女,34,江苏省,苏州,普通,2023-06-15
U000433,吴一诺433,女,38,陕西省,宝鸡,铂金,2024-03-19
U000434,刘诗涵434,女,26,浙江省,温州,黄金,2023-01-06
U000435,吴梓萱435,女,42,浙江省,温州,普通,2024-08-04
U000436,张子涵436,男,27,安徽省,合肥,普通,2024-09-23
U000437,孙浩然437,男,34,浙江省,绍兴,普通,2025-07-13
U000438,王浩然438,男,19,湖北省,荆州,普通,2024-11-22
U000439,刘嘉诚439,男,40,广东省,佛山,普通,2025-08-29
U000440,杨诗涵440,男,27,广东省,深圳,普通,2025-09-26
U000441,刘嘉诚441,男,34,上海市,上海,普通,2024-10-08
U000442,孙明轩442,女,19,山东省,烟台,普通,2023-09-05
U000443,徐俊杰443,女,35,江苏省,南通,白银,2023-08-05
U000444,吴雨桐444,男,30,江苏省,南京,普通,2025-04-15
U000445,杨欣然445,男,16,河南省,南阳,普通,2023-02-09
U000446,黄嘉诚446,女,22,湖南省,长沙,普通,2025-07-21
U000447,朱佳怡447,男,29,上海市,上海,普通,2025-11-21
U000448,高思源448,女,38,湖北省,黄冈,普通,2026-06-22
U000449,吴雨桐449,男,38,浙江省,嘉兴,白银,2024-04-18
U000450,高雨桐450,女,28,北京市,北京,普通,2026-03-23
U000451,李一诺451,男,22,湖北省,襄阳,普通,2023-10-04
U000452,朱浩然452,女,25,山东省,青岛,黑金,2024-04-25
U000453,孙俊杰453,男,27,湖北省,武汉,白银,2024-07-11
U000454,胡欣然454,女,21,河南省,南阳,普通,2023-10-18
U000455,胡佳怡455,女,24,广东省,广州,铂金,2024-12-27
U000456,赵诗涵456,男,16,重庆市,重庆,普通,2024-02-09
U000457,周诗涵457,女,22,上海市,上海,黄金,2023-10-07
U000458,黄诗涵458,男,33,浙江省,嘉兴,普通,2026-03-13
U000459,黄子涵459,男,39,江苏省,无锡,普通,2025-09-28
U000460,陈佳怡460,男,25,广东省,珠海,普通,2024-07-19
U000461,吴思源461,女,16,浙江省,杭州,铂金,2024-11-25
U000462,杨雨桐462,女,46,河南省,郑州,普通,2026-06-09
U000463,陈梓萱463,男,24,江苏省,苏州,白银,2025-03-13
U000464,张思源464,男,22,广东省,东莞,白银,2024-09-16
U000465,陈嘉诚465,女,29,北京市,北京,普通,2025-05-08
U000466,刘思源466,女,30,山东省,济南,白银,2024-12-28
U000467,刘一诺467,女,42,浙江省,杭州,普通,2023-02-01
U000468,高欣然468,男,34,山东省,济南,黄金,2024-02-24
U000469,孙雨桐469,男,36,山东省,临沂,铂金,2024-04-14
U000470,朱诗涵470,女,16,山东省,烟台,普通,2023-06-28
U000471,赵欣然471,女,30,广东省,深圳,普通,2025-07-23
U000472,黄欣然472,女,38,重庆市,重庆,普通,2025-04-12
U000473,李嘉诚473,女,16,浙江省,宁波,白银,2026-05-31
U000474,赵思源474,女,31,四川省,成都,白银,2024-09-18
U000475,朱一诺475,女,22,河北省,唐山,普通,2025-03-28
U000476,杨嘉诚476,男,16,重庆市,重庆,普通,2024-01-14
U000477,杨嘉诚477,女,42,广东省,广州,铂金,2024-06-22
U000478,徐梓萱478,男,28,浙江省,温州,普通,2023-01-28
U000479,黄佳怡479,女,31,四川省,成都,白银,2025-05-30
U000480,王嘉诚480,女,33,山东省,潍坊,白银,2025-09-24
U000481,吴梓萱481,男,27,陕西省,宝鸡,黄金,2026-05-23
U000482,胡思源482,女,43,广东省,深圳,普通,2023-07-02
U000483,赵诗涵483,男,44,河南省,郑州,普通,2024-09-12
U000484,高梓萱484,女,48,广东省,广州,白银,2025-01-24
U000485,黄一诺485,男,37,湖北省,宜昌,白银,2023-05-18
U000486,孙子涵486,女,24,安徽省,阜阳,黄金,2024-09-08
U000487,高一诺487,男,39,四川省,德阳,普通,2025-02-01
U000488,孙欣然488,女,25,安徽省,安庆,普通,2024-01-17
U000489,李欣然489,女,29,广东省,佛山,白银,2025-11-17
U000490,周佳怡490,男,31,陕西省,咸阳,普通,2023-07-09
U000491,刘梓萱491,男,32,浙江省,嘉兴,普通,2023-03-10
U000492,王俊杰492,女,50,广东省,深圳,白银,2026-01-19
U000493,赵思源493,男,19,四川省,宜宾,普通,2024-03-29
U000494,陈思源494,男,38,河北省,石家庄,普通,2026-04-15
U000495,高浩然495,女,20,江苏省,南京,普通,2023-07-05
U000496,徐明轩496,男,16,浙江省,绍兴,黄金,2025-06-27
U000497,胡诗涵497,女,22,河北省,廊坊,普通,2023-08-04
U000498,朱嘉诚498,女,33,浙江省,温州,普通,2025-06-30
U000499,陈思源499,女,36,广东省,佛山,黄金,2025-08-24
U000500,黄一诺500,男,38,四川省,成都,普通,2023-09-29
U000501,孙欣然501,男,37,广东省,珠海,普通,2025-08-01
U000502,朱嘉诚502,女,33,福建省,厦门,铂金,2023-12-20
U000503,胡佳怡503,男,41,重庆市,重庆,白银,2025-05-05
U000504,黄俊杰504,男,29,福建省,莆田,白银,2025-03-24
U000505,陈明轩505,女,29,四川省,绵阳,白银,2024-09-10
U000506,刘浩然506,男,29,河南省,洛阳,普通,2024-08-25
U000507,黄思源507,女,35,四川省,德阳,普通,2025-07-15
U000508,李子涵508,女,38,江苏省,常州,普通,2023-10-08
U000509,黄明轩509,女,46,上海市,上海,普通,2023-08-11
U000510,吴思源510,女,50,湖北省,黄冈,普通,2023-05-31
U000511,黄浩然511,男,26,江苏省,南京,黄金,2023-05-08
U000512,吴佳怡512,女,21,湖北省,武汉,普通,2024-07-26
U000513,李梓萱513,男,40,山东省,济南,普通,2023-09-14
U000514,杨佳怡514,男,16,广东省,深圳,普通,2024-08-08
U000515,周欣然515,女,16,河南省,许昌,普通,2026-04-10
U000516,王一诺516,男,40,江苏省,无锡,黄金,2023-03-21
U000517,朱一诺517,男,33,福建省,厦门,白银,2023-03-09
U000518,朱诗涵518,男,40,河南省,洛阳,白银,2026-03-29
U000519,刘明轩519,女,29,北京市,北京,黄金,2025-11-26
U000520,黄嘉诚520,女,22,浙江省,宁波,白银,2025-09-23
U000521,张诗涵521,男,30,上海市,上海,白银,2025-08-31
U000522,杨思源522,男,29,四川省,南充,普通,2023-07-06
U000523,李一诺523,女,22,湖南省,株洲,普通,2026-04-12
U000524,高思源524,男,37,广东省,东莞,普通,2025-01-28
U000525,赵梓萱525,女,33,广东省,深圳,白银,2024-04-29
U000526,朱明轩526,女,38,福建省,漳州,普通,2025-06-07
U000527,王一诺527,男,22,湖南省,长沙,黄金,2025-01-10
U000528,张雨桐528,男,27,四川省,德阳,白银,2023-11-08
U000529,朱思源529,男,27,广东省,佛山,普通,2026-01-10
U000530,张诗涵530,男,30,浙江省,温州,白银,2025-08-27
U000531,孙一诺531,男,25,浙江省,杭州,白银,2023-06-04
U000532,高子涵532,女,39,河北省,廊坊,普通,2023-09-16
U000533,高浩然533,男,37,河南省,许昌,普通,2025-05-18
U000534,张明轩534,男,31,福建省,漳州,普通,2025-07-06
U000535,胡雨桐535,男,25,山东省,临沂,黑金,2024-04-02
U000536,朱明轩536,男,45,重庆市,重庆,普通,2023-02-16
U000537,高浩然537,女,16,山东省,青岛,普通,2024-03-19
U000538,周子涵538,女,22,安徽省,安庆,白银,2025-08-21
U000539,胡子涵539,女,45,上海市,上海,白银,2024-08-30
U000540,李俊杰540,男,36,河南省,南阳,白银,2025-08-18
U000541,赵嘉诚541,男,40,上海市,上海,普通,2025-11-06
U000542,胡俊杰542,男,26,广东省,广州,普通,2025-01-04
U000543,赵诗涵543,男,35,江苏省,南京,白银,2024-07-11
U000544,胡嘉诚544,女,26,浙江省,绍兴,普通,2024-07-14
U000545,杨思源545,女,29,河南省,南阳,铂金,2023-06-04
U000546,张梓萱546,女,30,安徽省,阜阳,白银,2026-05-31
U000547,孙明轩547,男,34,陕西省,西安,普通,2023-03-04
U000548,徐佳怡548,男,39,广东省,深圳,普通,2025-07-14
U000549,张雨桐549,男,36,河南省,南阳,普通,2025-08-21
U000550,黄诗涵550,女,26,福建省,福州,普通,2023-07-28
U000551,陈诗涵551,女,35,山东省,青岛,铂金,2025-04-29
U000552,高俊杰552,男,30,湖南省,衡阳,普通,2024-12-14
U000553,王欣然553,男,33,河南省,许昌,白银,2024-11-05
U000554,朱嘉诚554,男,29,湖南省,株洲,黄金,2024-08-13
U000555,杨诗涵555,女,40,广东省,东莞,铂金,2025-10-01
U000556,周明轩556,男,33,重庆市,重庆,普通,2023-04-05
U000557,孙欣然557,女,29,江苏省,苏州,黄金,2024-12-07
U000558,张俊杰558,男,36,广东省,广州,普通,2026-01-07
U000559,陈一诺559,女,22,福建省,莆田,普通,2023-06-04
U000560,徐嘉诚560,女,24,山东省,潍坊,普通,2025-06-18
U000561,胡欣然561,女,41,上海市,上海,白银,2026-03-15
U000562,王思源562,女,34,山东省,济南,黄金,2023-10-04
U000563,李一诺563,男,26,福建省,莆田,白银,2023-08-11
U000564,朱嘉诚564,男,35,湖北省,武汉,白银,2025-03-19
U000565,朱欣然565,男,33,湖北省,黄冈,白银,2024-06-03
U000566,陈思源566,男,30,江苏省,南京,普通,2024-06-25
U000567,杨浩然567,男,39,山东省,潍坊,普通,2025-12-31
U000568,杨雨桐568,女,19,陕西省,宝鸡,普通,2024-02-08
U000569,刘嘉诚569,女,34,陕西省,宝鸡,普通,2025-03-11
U000570,陈俊杰570,男,24,福建省,漳州,黄金,2023-08-02
U000571,张诗涵571,女,30,江苏省,南通,黄金,2024-10-19
U000572,吴梓萱572,男,38,北京市,北京,白银,2023-06-27
U000573,徐明轩573,男,43,湖南省,衡阳,黄金,2024-12-04
U000574,王欣然574,女,27,四川省,南充,黑金,2023-05-30
U000575,陈雨桐575,女,23,上海市,上海,黑金,2026-04-13
U000576,胡嘉诚576,男,36,山东省,青岛,黄金,2024-12-01
U000577,刘梓萱577,男,34,广东省,广州,普通,2023-10-24
U000578,周明轩578,女,35,陕西省,渭南,普通,2024-02-05
U000579,吴明轩579,男,40,河南省,许昌,普通,2024-08-28
U000580,刘雨桐580,女,34,江苏省,苏州,普通,2024-07-07
U000581,赵思源581,男,21,四川省,宜宾,普通,2026-01-12
U000582,徐子涵582,女,33,江苏省,常州,白银,2024-09-16
U000583,胡一诺583,女,35,河南省,南阳,普通,2025-03-09
U000584,黄明轩584,女,34,福建省,福州,普通,2026-01-05
U000585,赵明轩585,女,23,陕西省,咸阳,白银,2026-04-26
U000586,朱俊杰586,女,30,陕西省,咸阳,普通,2024-04-08
U000587,杨雨桐587,男,27,浙江省,宁波,普通,2025-10-18
U000588,吴子涵588,男,32,广东省,东莞,白银,2024-11-01
U000589,吴一诺589,男,22,浙江省,温州,普通,2025-08-24
U000590,陈浩然590,男,24,河北省,廊坊,普通,2023-10-08
U000591,孙思源591,男,33,山东省,烟台,普通,2024-10-06
U000592,吴思源592,男,46,河南省,南阳,普通,2025-05-07
U000593,周思源593,女,44,上海市,上海,普通,2023-10-03
U000594,杨明轩594,女,18,湖南省,常德,普通,2024-08-05
U000595,李浩然595,女,18,河北省,廊坊,白银,2026-02-02
U000596,周嘉诚596,女,48,广东省,东莞,普通,2025-05-23
U000597,吴俊杰597,男,34,河北省,保定,白银,2024-06-01
U000598,吴明轩598,男,23,四川省,宜宾,普通,2025-07-07
U000599,赵雨桐599,男,30,四川省,宜宾,普通,2026-05-17
U000600,徐佳怡600,男,36,河南省,南阳,普通,2026-04-30
U000601,周嘉诚601,男,21,浙江省,嘉兴,普通,2025-09-02
U000602,李佳怡602,女,28,四川省,南充,黄金,2024-03-28
U000603,王俊杰603,男,24,四川省,德阳,白银,2023-09-12
U000604,高佳怡604,男,24,湖北省,宜昌,普通,2024-11-10
U000605,王嘉诚605,男,32,北京市,北京,白银,2023-08-06
U000606,吴浩然606,男,30,河南省,洛阳,黑金,2025-09-05
U000607,杨一诺607,女,16,浙江省,温州,普通,2024-12-16
U000608,黄嘉诚608,男,36,山东省,青岛,普通,2024-11-27
U000609,李子涵609,女,30,广东省,佛山,普通,2025-07-21
U000610,孙雨桐610,男,20,浙江省,嘉兴,普通,2023-07-15
U000611,胡一诺611,女,24,上海市,上海,铂金,2023-02-06
U000612,胡一诺612,女,39,浙江省,杭州,普通,2023-08-11
U000613,胡一诺613,女,32,广东省,珠海,白银,2024-04-06
U000614,吴诗涵614,男,17,四川省,成都,黑金,2025-12-19
U000615,李雨桐615,女,42,四川省,绵阳,白银,2024-09-10
U000616,高明轩616,男,30,广东省,佛山,普通,2025-02-07
U000617,赵嘉诚617,女,16,江苏省,常州,普通,2023-09-18
U000618,黄明轩618,男,44,浙江省,杭州,白银,2026-01-13
U000619,胡梓萱619,男,30,上海市,上海,黑金,2025-01-29
U000620,胡欣然620,男,25,广东省,东莞,白银,2023-06-15
U000621,朱佳怡621,男,38,广东省,东莞,普通,2023-05-30
U000622,张诗涵622,男,32,广东省,深圳,普通,2026-03-09
U000623,胡梓萱623,男,22,北京市,北京,黄金,2023-08-09
U000624,黄明轩624,女,38,浙江省,绍兴,普通,2025-07-10
U000625,徐雨桐625,男,31,广东省,佛山,普通,2023-08-14
U000626,王浩然626,男,41,浙江省,宁波,普通,2025-06-19
U000627,吴诗涵627,女,39,河南省,许昌,普通,2025-12-11
U000628,朱思源628,女,43,湖南省,岳阳,白银,2025-08-14
U000629,徐欣然629,女,32,四川省,绵阳,黄金,2024-12-06
U000630,张嘉诚630,男,32,浙江省,嘉兴,普通,2023-02-22
U000631,徐一诺631,女,42,江苏省,常州,普通,2025-04-16
U000632,杨一诺632,女,39,浙江省,杭州,白银,2024-10-12
U000633,胡子涵633,男,33,四川省,南充,白银,2024-10-21
U000634,徐思源634,女,35,福建省,漳州,普通,2025-04-30
U000635,黄梓萱635,男,36,四川省,绵阳,普通,2025-04-10
U000636,李嘉诚636,男,16,浙江省,绍兴,白银,2026-04-20
U000637,李俊杰637,男,28,四川省,宜宾,普通,2023-10-09
U000638,赵思源638,女,32,四川省,德阳,黄金,2025-04-21
U000639,周思源639,女,24,江苏省,无锡,普通,2025-02-06
U000640,徐浩然640,男,30,山东省,潍坊,黄金,2025-03-09
U000641,杨思源641,男,30,四川省,宜宾,黄金,2026-03-06
U000642,孙梓萱642,男,23,四川省,成都,黄金,2026-04-16
U000643,吴嘉诚643,男,31,上海市,上海,普通,2023-06-29
U000644,刘浩然644,男,32,北京市,北京,普通,2025-11-22
U000645,孙俊杰645,女,38,广东省,广州,普通,2023-12-04
U000646,胡雨桐646,女,33,重庆市,重庆,铂金,2024-05-02
U000647,李雨桐647,女,16,江苏省,南京,普通,2025-06-17
U000648,孙雨桐648,男,20,安徽省,阜阳,普通,2023-12-13
U000649,陈浩然649,男,41,江苏省,苏州,普通,2024-08-18
U000650,胡俊杰650,男,24,河南省,郑州,普通,2025-05-30
U000651,徐佳怡651,男,43,四川省,成都,普通,2023-06-09
U000652,王诗涵652,女,34,广东省,广州,黄金,2025-01-14
U000653,张雨桐653,女,22,陕西省,咸阳,黄金,2026-05-02
U000654,孙欣然654,女,22,山东省,青岛,白银,2023-09-14
U000655,赵浩然655,女,36,江苏省,南京,普通,2025-08-30
U000656,孙明轩656,男,21,河北省,石家庄,普通,2025-10-04
U000657,黄浩然657,女,16,广东省,深圳,黄金,2023-10-13
U000658,李浩然658,男,32,湖北省,黄冈,普通,2026-06-18
U000659,周梓萱659,女,32,福建省,漳州,铂金,2023-05-27
U000660,孙欣然660,男,35,福建省,莆田,普通,2024-11-22
U000661,朱佳怡661,女,30,山东省,临沂,普通,2023-02-24
U000662,高浩然662,男,23,浙江省,绍兴,普通,2023-07-02
U000663,黄一诺663,男,25,福建省,莆田,普通,2025-12-12
U000664,王雨桐664,女,32,山东省,临沂,普通,2025-10-06
U000665,周嘉诚665,男,34,四川省,宜宾,白银,2025-03-07
U000666,李诗涵666,男,38,广东省,佛山,普通,2025-10-17
U000667,周诗涵667,男,43,福建省,漳州,普通,2023-05-04
U000668,王思源668,女,32,上海市,上海,普通,2024-01-04
U000669,赵诗涵669,男,22,广东省,珠海,普通,2023-09-25
U000670,陈欣然670,男,38,浙江省,杭州,普通,2025-11-20
U000671,高俊杰671,女,37,河北省,廊坊,普通,2026-02-28
U000672,朱思源672,女,21,广东省,东莞,普通,2025-07-13
U000673,王浩然673,女,30,山东省,烟台,普通,2024-07-15
U000674,刘嘉诚674,男,25,河北省,石家庄,白银,2024-09-24
U000675,李诗涵675,男,18,江苏省,南通,普通,2025-04-14
U000676,徐子涵676,女,18,福建省,厦门,白银,2025-03-02
U000677,杨明轩677,女,27,浙江省,杭州,普通,2024-06-26
U000678,高子涵678,男,43,浙江省,嘉兴,白银,2023-10-06
U000679,李雨桐679,男,32,河南省,南阳,普通,2025-12-28
U000680,赵嘉诚680,女,35,浙江省,宁波,黄金,2025-07-18
U000681,胡梓萱681,男,25,江苏省,南通,普通,2023-04-25
U000682,徐雨桐682,男,17,浙江省,杭州,白银,2025-07-19
U000683,张佳怡683,男,37,北京市,北京,白银,2025-11-11
U000684,吴思源684,女,30,湖北省,黄冈,白银,2024-09-01
U000685,赵俊杰685,男,29,湖南省,株洲,普通,2024-06-09
U000686,黄子涵686,女,33,河南省,郑州,普通,2023-10-26
U000687,吴欣然687,男,45,重庆市,重庆,黑金,2023-07-16
U000688,杨俊杰688,男,25,浙江省,嘉兴,普通,2026-02-03
U000689,朱一诺689,女,36,山东省,临沂,普通,2024-11-15
U000690,高诗涵690,女,32,山东省,烟台,普通,2023-09-12
U000691,李诗涵691,女,29,河南省,南阳,黄金,2024-02-13
U000692,杨诗涵692,女,21,广东省,佛山,铂金,2023-08-25
U000693,朱俊杰693,男,40,四川省,成都,白银,2024-03-08
U000694,朱梓萱694,女,33,湖南省,岳阳,普通,2025-07-10
U000695,陈俊杰695,男,30,北京市,北京,白银,2023-11-20
U000696,杨思源696,女,30,福建省,莆田,普通,2025-11-19
U000697,陈雨桐697,男,20,广东省,深圳,普通,2026-05-08
U000698,孙欣然698,女,34,四川省,南充,普通,2025-07-31
U000699,吴梓萱699,男,26,河南省,南阳,铂金,2025-10-09
U000700,李俊杰700,男,26,湖北省,荆州,普通,2024-05-05
U000701,王子涵701,女,38,湖北省,黄冈,普通,2024-01-14
U000702,陈雨桐702,男,19,安徽省,芜湖,普通,2024-02-07
U000703,王明轩703,女,30,广东省,珠海,普通,2025-06-24
U000704,高浩然704,男,16,四川省,南充,普通,2023-10-17
U000705,周梓萱705,女,50,安徽省,合肥,白银,2023-09-18
U000706,杨明轩706,男,25,湖南省,株洲,白银,2025-01-24
U000707,张俊杰707,男,20,福建省,厦门,普通,2023-10-30
U000708,张雨桐708,男,16,上海市,上海,普通,2024-03-08
U000709,朱嘉诚709,男,27,江苏省,无锡,白银,2026-04-12
U000710,黄思源710,女,34,四川省,宜宾,普通,2025-06-16
U000711,李梓萱711,男,29,浙江省,温州,普通,2025-01-22
U000712,吴嘉诚712,男,30,上海市,上海,普通,2026-03-08
U000713,刘欣然713,男,30,重庆市,重庆,普通,2025-07-01
U000714,杨诗涵714,男,30,广东省,东莞,普通,2023-07-17
U000715,王俊杰715,男,26,北京市,北京,普通,2024-09-25
U000716,李俊杰716,男,26,湖北省,荆州,普通,2023-07-31
U000717,吴浩然717,男,28,上海市,上海,普通,2023-06-22
U000718,杨一诺718,女,16,山东省,潍坊,白银,2023-10-09
U000719,杨明轩719,男,35,四川省,绵阳,黄金,2026-03-18
U000720,黄雨桐720,女,20,陕西省,西安,白银,2025-03-10
U000721,陈思源721,女,22,福建省,漳州,普通,2023-05-11
U000722,胡佳怡722,男,43,河北省,廊坊,普通,2025-11-10
U000723,吴梓萱723,女,29,重庆市,重庆,黄金,2025-12-06
U000724,吴雨桐724,女,49,江苏省,南京,普通,2023-09-03
U000725,高嘉诚725,女,36,浙江省,温州,普通,2025-07-23
U000726,杨俊杰726,男,25,江苏省,苏州,普通,2023-05-04
U000727,王嘉诚727,男,31,北京市,北京,普通,2024-06-19
U000728,张佳怡728,女,28,江苏省,苏州,黄金,2023-06-28
U000729,杨诗涵729,男,31,山东省,潍坊,普通,2025-03-24
U000730,吴嘉诚730,女,43,广东省,珠海,普通,2025-06-15
U000731,高一诺731,女,32,陕西省,咸阳,普通,2024-03-04
U000732,朱欣然732,男,36,广东省,珠海,普通,2026-01-10
U000733,刘浩然733,男,51,湖南省,岳阳,普通,2025-07-15
U000734,孙浩然734,男,24,浙江省,宁波,普通,2023-06-11
U000735,周欣然735,女,31,江苏省,南通,白银,2025-11-03
U000736,徐思源736,女,20,湖南省,衡阳,普通,2023-06-11
U000737,徐嘉诚737,女,35,浙江省,宁波,白银,2024-10-06
U000738,朱俊杰738,男,33,浙江省,嘉兴,普通,2024-08-05
U000739,胡诗涵739,男,44,重庆市,重庆,黄金,2023-10-31
U000740,周梓萱740,女,29,浙江省,宁波,普通,2024-04-28
U000741,徐子涵741,男,29,福建省,福州,普通,2025-08-07
U000742,刘嘉诚742,女,27,四川省,宜宾,白银,2025-11-20
U000743,高嘉诚743,男,34,广东省,东莞,普通,2024-04-22
U000744,周嘉诚744,女,24,浙江省,嘉兴,黑金,2024-10-08
U000745,周佳怡745,女,27,山东省,临沂,白银,2025-08-21
U000746,周一诺746,女,37,江苏省,无锡,普通,2025-06-04
U000747,张一诺747,男,19,北京市,北京,白银,2024-05-17
U000748,朱明轩748,男,26,广东省,东莞,普通,2025-12-04
U000749,陈梓萱749,女,42,四川省,成都,普通,2023-06-17
U000750,李子涵750,女,26,广东省,东莞,普通,2024-09-28
U000751,刘子涵751,女,31,河南省,南阳,黄金,2023-10-07
U000752,徐一诺752,女,24,北京市,北京,普通,2025-04-29
U000753,陈梓萱753,男,45,北京市,北京,普通,2025-10-18
U000754,徐俊杰754,男,42,浙江省,绍兴,普通,2024-05-07
U000755,徐欣然755,女,24,山东省,烟台,普通,2024-03-17
U000756,陈雨桐756,女,36,湖北省,宜昌,普通,2024-08-10
U000757,李俊杰757,女,35,福建省,厦门,白银,2023-05-10
U000758,黄佳怡758,男,26,河南省,洛阳,普通,2025-02-02
U000759,高雨桐759,男,34,湖北省,襄阳,黄金,2024-02-04
U000760,周子涵760,男,46,北京市,北京,普通,2025-09-28
U000761,赵梓萱761,男,45,山东省,烟台,普通,2024-05-21
U000762,刘浩然762,女,31,河南省,郑州,普通,2024-03-26
U000763,孙嘉诚763,男,30,北京市,北京,普通,2023-05-22
U000764,吴诗涵764,男,31,上海市,上海,普通,2023-01-25
U000765,陈佳怡765,女,23,重庆市,重庆,普通,2025-10-13
U000766,吴嘉诚766,男,42,浙江省,绍兴,普通,2024-02-20
U000767,孙子涵767,男,43,四川省,宜宾,铂金,2025-10-08
U000768,杨雨桐768,女,21,湖北省,黄冈,普通,2026-01-17
U000769,陈浩然769,女,46,湖北省,荆州,普通,2025-09-08
U000770,徐诗涵770,女,30,江苏省,苏州,普通,2024-10-05
U000771,吴梓萱771,男,39,安徽省,安庆,普通,2024-05-31
U000772,黄一诺772,女,33,广东省,东莞,普通,2023-12-11
U000773,赵欣然773,女,23,江苏省,无锡,黄金,2026-01-08
U000774,杨思源774,女,16,北京市,北京,普通,2023-03-29
U000775,杨欣然775,女,24,浙江省,绍兴,黑金,2023-10-24
U000776,黄嘉诚776,男,25,广东省,珠海,普通,2024-05-18
U000777,王欣然777,男,42,浙江省,嘉兴,黑金,2025-05-16
U000778,刘思源778,女,38,福建省,莆田,白银,2026-01-28
U000779,高思源779,男,36,山东省,青岛,普通,2025-01-28
U000780,刘诗涵780,女,19,山东省,潍坊,黄金,2023-08-01
U000781,陈诗涵781,女,20,北京市,北京,普通,2025-11-16
U000782,张雨桐782,女,23,福建省,厦门,普通,2023-03-26
U000783,高雨桐783,女,23,广东省,佛山,黄金,2025-05-17
U000784,刘明轩784,男,33,广东省,广州,白银,2024-12-07
U000785,徐梓萱785,男,16,四川省,南充,普通,2025-05-02
U000786,周梓萱786,男,49,江苏省,无锡,白银,2023-11-08
U000787,孙佳怡787,男,40,重庆市,重庆,普通,2023-03-11
U000788,胡梓萱788,女,22,山东省,潍坊,普通,2026-04-02
U000789,赵浩然789,男,32,江苏省,南通,普通,2025-04-15
U000790,朱子涵790,男,21,江苏省,南京,普通,2023-05-10
U000791,陈一诺791,女,35,四川省,绵阳,普通,2025-02-06
U000792,高明轩792,女,18,安徽省,芜湖,黄金,2025-11-03
U000793,高浩然793,女,28,浙江省,嘉兴,普通,2024-07-09
U000794,张佳怡794,女,41,山东省,潍坊,白银,2026-05-28
U000795,吴梓萱795,女,30,重庆市,重庆,普通,2023-02-18
U000796,陈子涵796,男,32,河南省,郑州,白银,2024-04-11
U000797,高嘉诚797,女,28,山东省,青岛,白银,2023-04-17
U000798,杨诗涵798,男,36,浙江省,杭州,普通,2023-01-22
U000799,刘雨桐799,女,40,上海市,上海,普通,2025-07-22
U000800,吴浩然800,男,42,广东省,广州,普通,2025-06-02
U000801,杨佳怡801,男,28,广东省,东莞,普通,2024-05-30
U000802,李思源802,男,30,四川省,绵阳,普通,2023-11-18
U000803,刘梓萱803,男,17,北京市,北京,白银,2025-04-08
U000804,刘浩然804,女,27,广东省,深圳,普通,2025-10-29
U000805,李思源805,女,30,广东省,东莞,铂金,2025-01-09
U000806,陈嘉诚806,女,29,浙江省,宁波,黄金,2026-03-13
U000807,李梓萱807,女,34,四川省,南充,普通,2023-03-03
U000808,周梓萱808,女,38,河南省,新乡,白银,2025-08-17
U000809,高一诺809,男,33,北京市,北京,普通,2024-06-03
U000810,赵雨桐810,男,32,浙江省,温州,白银,2024-09-03
U000811,刘嘉诚811,男,51,山东省,青岛,黄金,2024-09-01
U000812,王浩然812,男,32,重庆市,重庆,白银,2025-04-13
U000813,徐俊杰813,女,33,山东省,青岛,白银,2024-03-13
U000814,吴明轩814,男,42,湖北省,黄冈,黑金,2024-01-29
U000815,李子涵815,男,45,江苏省,无锡,白银,2025-11-05
U000816,徐一诺816,男,31,福建省,泉州,普通,2024-10-12
U000817,王思源817,女,28,福建省,厦门,普通,2025-10-06
U000818,孙欣然818,男,27,湖南省,常德,黄金,2024-06-04
U000819,杨欣然819,女,28,四川省,宜宾,黄金,2024-10-19
U000820,孙浩然820,女,28,广东省,珠海,普通,2024-11-25
U000821,胡浩然821,男,21,江苏省,无锡,普通,2024-10-23
U000822,陈子涵822,男,44,河北省,廊坊,普通,2024-05-04
U000823,赵梓萱823,女,16,四川省,宜宾,普通,2025-07-30
U000824,黄一诺824,女,27,广东省,深圳,铂金,2026-06-13
U000825,张佳怡825,女,40,浙江省,宁波,普通,2024-04-22
U000826,王欣然826,女,41,广东省,东莞,黑金,2023-07-26
U000827,赵明轩827,男,28,广东省,佛山,白银,2023-05-02
U000828,王一诺828,男,25,湖南省,株洲,普通,2023-11-10
U000829,赵俊杰829,男,21,河北省,廊坊,普通,2023-08-18
U000830,黄浩然830,女,37,北京市,北京,普通,2025-11-28
U000831,周佳怡831,男,36,江苏省,常州,普通,2024-12-22
U000832,李明轩832,女,34,北京市,北京,普通,2024-01-21
U000833,杨佳怡833,男,28,上海市,上海,黄金,2024-12-19
U000834,李浩然834,男,37,浙江省,宁波,白银,2023-08-18
U000835,黄佳怡835,女,32,浙江省,温州,普通,2024-04-01
U000836,王一诺836,女,37,广东省,东莞,普通,2026-05-06
U000837,周诗涵837,女,36,浙江省,绍兴,白银,2025-05-14
U000838,张欣然838,女,35,北京市,北京,铂金,2024-09-03
U000839,徐思源839,男,25,河南省,洛阳,铂金,2025-06-09
U000840,杨思源840,女,30,河南省,洛阳,普通,2024-08-02
U000841,赵雨桐841,女,41,北京市,北京,铂金,2023-07-05
U000842,张欣然842,女,21,北京市,北京,黄金,2025-06-19
U000843,赵思源843,男,32,广东省,深圳,白银,2023-07-18
U000844,孙子涵844,女,35,上海市,上海,普通,2025-12-28
U000845,胡嘉诚845,女,32,北京市,北京,黑金,2024-08-11
U000846,吴嘉诚846,女,23,福建省,福州,普通,2023-06-11
U000847,杨嘉诚847,男,24,重庆市,重庆,黄金,2024-08-10
U000848,黄雨桐848,男,21,广东省,珠海,普通,2023-08-23
U000849,杨诗涵849,女,28,福建省,莆田,黄金,2023-09-10
U000850,刘雨桐850,女,17,湖南省,长沙,白银,2025-11-28
U000851,黄俊杰851,男,50,福建省,福州,白银,2023-10-07
U000852,杨子涵852,男,26,河南省,郑州,普通,2024-08-12
U000853,胡俊杰853,男,44,重庆市,重庆,普通,2023-10-23
U000854,杨嘉诚854,女,41,江苏省,南京,普通,2023-11-04
U000855,张欣然855,女,33,江苏省,无锡,白银,2023-12-05
U000856,杨浩然856,女,33,四川省,南充,黄金,2024-08-15
U000857,陈嘉诚857,女,16,福建省,厦门,普通,2024-07-04
U000858,杨梓萱858,女,27,浙江省,绍兴,普通,2026-05-16
U000859,吴俊杰859,男,33,四川省,宜宾,普通,2025-01-09
U000860,刘浩然860,女,29,江苏省,苏州,白银,2025-05-03
U000861,陈思源861,男,16,河北省,唐山,白银,2025-12-16
U000862,陈思源862,女,25,浙江省,绍兴,普通,2025-06-18
U000863,胡明轩863,女,33,福建省,漳州,黄金,2023-09-18
U000864,胡梓萱864,女,27,上海市,上海,普通,2023-05-11
U000865,孙欣然865,女,26,湖南省,长沙,白银,2025-07-02
U000866,陈俊杰866,男,30,广东省,佛山,普通,2023-04-11
U000867,周诗涵867,男,38,浙江省,杭州,黄金,2025-09-08
U000868,徐梓萱868,男,31,湖南省,长沙,普通,2025-04-13
U000869,王佳怡869,男,36,福建省,福州,普通,2024-03-16
U000870,张佳怡870,女,25,福建省,莆田,普通,2025-06-11
U000871,李浩然871,女,34,河南省,许昌,白银,2024-05-15
U000872,王雨桐872,男,46,上海市,上海,普通,2025-07-31
U000873,朱俊杰873,男,38,陕西省,渭南,普通,2024-09-22
U000874,高俊杰874,女,19,河北省,廊坊,普通,2024-03-03
U000875,吴俊杰875,男,32,湖南省,长沙,铂金,2025-07-11
U000876,孙浩然876,男,25,上海市,上海,普通,2025-11-29
U000877,高俊杰877,男,22,江苏省,南通,白银,2024-10-05
U000878,刘嘉诚878,女,20,安徽省,安庆,白银,2024-05-18
U000879,吴浩然879,女,42,河南省,新乡,普通,2025-06-28
U000880,黄嘉诚880,女,47,北京市,北京,普通,2025-07-18
U000881,杨一诺881,女,32,广东省,珠海,普通,2026-04-21
U000882,李浩然882,男,31,广东省,佛山,普通,2026-06-17
U000883,徐子涵883,男,37,山东省,烟台,普通,2023-05-04
U000884,王思源884,男,17,湖北省,武汉,黄金,2025-12-10
U000885,吴思源885,男,29,浙江省,杭州,黑金,2025-11-17
U000886,朱梓萱886,男,36,山东省,青岛,白银,2025-06-20
U000887,赵嘉诚887,女,34,北京市,北京,白银,2023-05-18
U000888,李梓萱888,男,29,江苏省,南通,普通,2025-04-29
U000889,周梓萱889,女,45,湖北省,襄阳,黑金,2024-01-04
U000890,朱思源890,女,37,广东省,东莞,黄金,2025-08-12
U000891,胡欣然891,男,27,山东省,济南,普通,2024-11-05
U000892,张俊杰892,男,32,湖北省,荆州,普通,2025-12-03
U000893,朱一诺893,男,43,四川省,德阳,普通,2023-10-24
U000894,吴明轩894,女,16,浙江省,绍兴,黄金,2024-03-22
U000895,胡思源895,女,22,四川省,南充,普通,2023-03-08
U000896,刘诗涵896,男,38,安徽省,阜阳,普通,2024-09-16
U000897,周明轩897,男,27,浙江省,杭州,普通,2025-03-30
U000898,徐梓萱898,男,48,浙江省,绍兴,普通,2023-03-09
U000899,陈欣然899,男,43,湖南省,株洲,普通,2023-12-20
U000900,吴子涵900,男,51,广东省,广州,普通,2024-08-28
U000901,胡佳怡901,女,20,陕西省,咸阳,白银,2024-04-19
U000902,高明轩902,男,31,湖南省,株洲,黄金,2025-03-22
U000903,杨俊杰903,女,26,上海市,上海,普通,2025-02-14
U000904,王一诺904,男,31,广东省,佛山,黄金,2025-06-28
U000905,胡思源905,女,29,广东省,佛山,白银,2023-08-27
U000906,孙浩然906,男,38,安徽省,安庆,普通,2023-01-28
U000907,陈雨桐907,男,29,广东省,广州,铂金,2025-07-25
U000908,刘诗涵908,男,26,湖南省,常德,普通,2023-08-17
U000909,吴浩然909,男,33,四川省,南充,黄金,2024-12-30
U000910,朱俊杰910,男,48,河南省,洛阳,普通,2025-06-14
U000911,吴欣然911,男,30,上海市,上海,黑金,2024-10-09
U000912,徐雨桐912,女,40,江苏省,无锡,黑金,2024-03-18
U000913,李嘉诚913,男,19,重庆市,重庆,普通,2024-07-14
U000914,刘梓萱914,男,33,北京市,北京,普通,2024-02-24
U000915,胡嘉诚915,女,38,陕西省,宝鸡,普通,2023-11-22
U000916,陈一诺916,男,30,四川省,成都,铂金,2023-09-27
U000917,孙梓萱917,男,30,广东省,珠海,白银,2023-05-18
U000918,张明轩918,男,24,福建省,福州,白银,2023-06-01
U000919,胡佳怡919,男,34,上海市,上海,白银,2023-05-30
U000920,黄子涵920,男,23,北京市,北京,普通,2026-06-15
U000921,徐俊杰921,女,41,浙江省,杭州,铂金,2023-10-28
U000922,张明轩922,男,21,江苏省,无锡,普通,2025-12-13
U000923,李梓萱923,女,18,陕西省,咸阳,白银,2024-01-20
U000924,胡雨桐924,女,28,广东省,广州,黄金,2023-11-13
U000925,杨诗涵925,男,19,广东省,佛山,普通,2024-01-22
U000926,徐欣然926,女,35,浙江省,杭州,普通,2023-11-24
U000927,杨嘉诚927,男,50,江苏省,南京,白银,2025-01-15
U000928,朱嘉诚928,女,36,重庆市,重庆,普通,2023-09-24
U000929,陈明轩929,女,24,广东省,东莞,黄金,2023-08-10
U000930,赵一诺930,女,29,陕西省,咸阳,黄金,2026-05-21
U000931,徐明轩931,男,19,广东省,珠海,白银,2026-04-23
U000932,孙明轩932,女,26,江苏省,无锡,普通,2025-07-04
U000933,朱俊杰933,男,33,湖南省,岳阳,普通,2025-10-25
U000934,赵雨桐934,男,32,重庆市,重庆,普通,2023-03-05
U000935,周雨桐935,男,37,上海市,上海,普通,2023-08-16
U000936,吴欣然936,女,27,江苏省,常州,普通,2025-02-27
U000937,吴佳怡937,女,30,山东省,济南,黄金,2026-03-16
U000938,杨明轩938,男,16,江苏省,南通,白银,2023-01-30
U000939,刘佳怡939,男,24,湖北省,武汉,黄金,2023-01-22
U000940,朱浩然940,女,25,广东省,深圳,白银,2024-07-11
U000941,朱浩然941,女,37,安徽省,合肥,普通,2025-08-09
U000942,黄思源942,男,56,上海市,上海,铂金,2026-02-02
U000943,徐俊杰943,男,29,湖南省,常德,普通,2026-03-12
U000944,陈思源944,女,24,浙江省,宁波,普通,2023-09-15
U000945,高一诺945,女,36,江苏省,南京,白银,2023-12-21
U000946,黄欣然946,女,21,安徽省,阜阳,普通,2023-06-15
U000947,黄欣然947,女,18,江苏省,常州,白银,2026-04-10
U000948,高子涵948,女,18,山东省,济南,白银,2026-05-21
U000949,徐明轩949,男,43,山东省,潍坊,黄金,2026-06-05
U000950,赵明轩950,男,22,浙江省,宁波,普通,2024-06-10
U000951,王一诺951,女,30,浙江省,嘉兴,白银,2025-11-29
U000952,高俊杰952,男,35,湖南省,衡阳,普通,2024-03-30
U000953,陈子涵953,男,41,浙江省,嘉兴,黄金,2025-07-28
U000954,周诗涵954,女,36,广东省,广州,普通,2024-03-20
U000955,刘嘉诚955,男,25,山东省,潍坊,普通,2025-11-03
U000956,赵明轩956,男,37,广东省,广州,普通,2026-01-07
U000957,赵雨桐957,女,22,安徽省,阜阳,普通,2025-06-11
U000958,赵佳怡958,男,25,四川省,宜宾,普通,2024-01-19
U000959,刘诗涵959,女,28,上海市,上海,普通,2024-06-09
U000960,吴明轩960,女,44,广东省,东莞,普通,2024-02-17
U000961,赵浩然961,女,16,山东省,临沂,普通,2024-11-15
U000962,李雨桐962,女,33,重庆市,重庆,普通,2025-08-09
U000963,陈雨桐963,男,39,上海市,上海,普通,2024-01-25
U000964,李雨桐964,女,33,广东省,珠海,铂金,2026-02-15
U000965,徐子涵965,女,47,浙江省,温州,普通,2023-04-27
U000966,周子涵966,女,36,四川省,宜宾,普通,2026-03-27
U000967,王雨桐967,男,22,浙江省,绍兴,普通,2023-06-28
U000968,徐梓萱968,男,22,浙江省,宁波,普通,2025-08-06
U000969,刘欣然969,女,33,湖北省,宜昌,普通,2025-08-30
U000970,徐一诺970,男,46,河南省,新乡,普通,2024-11-12
U000971,王梓萱971,女,42,上海市,上海,普通,2024-01-07
U000972,张诗涵972,女,41,广东省,佛山,黄金,2024-05-01
U000973,徐子涵973,男,21,湖南省,长沙,普通,2023-11-17
U000974,赵诗涵974,男,24,江苏省,南通,白银,2024-07-04
U000975,王俊杰975,女,21,山东省,临沂,白银,2024-05-11
U000976,黄欣然976,男,52,广东省,珠海,普通,2023-11-16
U000977,王雨桐977,男,29,河北省,保定,普通,2025-03-22
U000978,李思源978,男,25,河南省,郑州,黄金,2023-12-31
U000979,朱俊杰979,女,21,浙江省,绍兴,普通,2023-01-23
U000980,赵欣然980,男,16,北京市,北京,铂金,2024-05-06
U000981,刘欣然981,男,17,湖北省,宜昌,黄金,2026-04-17
U000982,黄雨桐982,男,33,陕西省,宝鸡,普通,2024-10-07
U000983,周浩然983,男,28,河南省,新乡,白银,2025-06-19
U000984,杨思源984,男,43,北京市,北京,普通,2025-03-13
U000985,孙梓萱985,男,22,浙江省,宁波,普通,2026-03-04
U000986,刘嘉诚986,女,19,广东省,广州,普通,2023-10-04
U000987,王浩然987,男,40,安徽省,安庆,普通,2023-12-16
U000988,王俊杰988,男,35,河南省,洛阳,普通,2024-01-28
U000989,李一诺989,男,29,湖北省,宜昌,普通,2025-09-16
U000990,刘俊杰990,男,22,浙江省,温州,铂金,2025-03-06
U000991,吴佳怡991,女,17,上海市,上海,白银,2026-01-24
U000992,高一诺992,女,20,江苏省,南通,普通,2024-08-23
U000993,高佳怡993,男,23,福建省,漳州,白银,2025-09-24
U000994,周诗涵994,女,16,山东省,临沂,普通,2025-12-06
U000995,朱嘉诚995,女,28,四川省,德阳,普通,2023-05-16
U000996,王梓萱996,男,33,江苏省,南京,普通,2026-06-19
U000997,杨雨桐997,男,17,上海市,上海,铂金,2026-03-22
U000998,朱明轩998,女,33,上海市,上海,普通,2024-02-23
U000999,赵思源999,男,48,江苏省,苏州,普通,2025-09-10
U001000,孙雨桐1000,男,22,四川省,成都,白银,2023-11-26
U001001,张浩然1001,女,42,浙江省,温州,普通,2023-11-25
U001002,陈欣然1002,女,25,四川省,绵阳,普通,2023-07-11
U001003,李嘉诚1003,女,19,江苏省,南京,白银,2025-08-04
U001004,周俊杰1004,女,42,河南省,许昌,普通,2025-01-17
U001005,王明轩1005,女,25,山东省,临沂,白银,2024-03-15
U001006,陈梓萱1006,女,48,陕西省,宝鸡,普通,2025-12-05
U001007,陈嘉诚1007,女,29,江苏省,南京,普通,2025-05-09
U001008,王浩然1008,男,29,安徽省,阜阳,白银,2024-01-31
U001009,朱子涵1009,女,28,山东省,临沂,普通,2023-02-05
U001010,陈明轩1010,女,24,湖北省,黄冈,黄金,2025-08-07
U001011,黄嘉诚1011,女,42,河北省,廊坊,普通,2025-10-02
U001012,李思源1012,女,43,安徽省,芜湖,铂金,2025-07-12
U001013,刘子涵1013,男,43,陕西省,渭南,普通,2023-08-28
U001014,朱明轩1014,男,16,湖南省,长沙,白银,2023-03-03
U001015,孙浩然1015,女,40,北京市,北京,普通,2023-01-26
U001016,王欣然1016,女,39,江苏省,无锡,普通,2024-03-31
U001017,高俊杰1017,男,30,广东省,广州,白银,2024-07-21
U001018,高佳怡1018,男,31,福建省,福州,普通,2024-11-20
U001019,周嘉诚1019,男,31,广东省,东莞,普通,2023-12-04
U001020,张俊杰1020,女,24,湖南省,岳阳,铂金,2026-05-17
U001021,孙诗涵1021,女,30,河北省,唐山,黄金,2023-12-12
U001022,高诗涵1022,女,29,山东省,烟台,白银,2025-09-01
U001023,朱一诺1023,男,31,山东省,临沂,普通,2023-07-06
U001024,刘俊杰1024,女,31,安徽省,合肥,普通,2023-07-01
U001025,赵一诺1025,女,35,江苏省,南京,普通,2024-07-18
U001026,高雨桐1026,男,33,湖北省,襄阳,普通,2025-11-27
U001027,朱浩然1027,女,36,广东省,深圳,白银,2026-02-22
U001028,张嘉诚1028,女,16,浙江省,温州,普通,2023-11-11
U001029,孙诗涵1029,男,45,北京市,北京,普通,2024-09-23
U001030,周嘉诚1030,女,18,上海市,上海,白银,2023-08-13
U001031,陈欣然1031,男,35,广东省,东莞,普通,2025-01-21
U001032,孙雨桐1032,女,41,浙江省,温州,普通,2025-10-14
U001033,朱明轩1033,女,20,浙江省,嘉兴,普通,2025-02-04
U001034,刘俊杰1034,男,17,广东省,深圳,普通,2023-08-11
U001035,杨子涵1035,女,25,上海市,上海,普通,2024-07-22
U001036,朱欣然1036,女,44,湖北省,黄冈,普通,2025-02-03
U001037,杨浩然1037,男,22,山东省,潍坊,普通,2024-10-16
U001038,赵欣然1038,男,37,广东省,珠海,普通,2024-02-16
U001039,胡浩然1039,女,24,湖南省,岳阳,白银,2023-07-28
U001040,吴明轩1040,男,25,广东省,东莞,普通,2025-08-28
U001041,胡欣然1041,女,27,上海市,上海,普通,2025-04-16
U001042,胡明轩1042,女,36,山东省,临沂,普通,2023-07-12
U001043,孙嘉诚1043,男,26,浙江省,绍兴,铂金,2025-09-03
U001044,徐雨桐1044,男,27,广东省,东莞,黄金,2023-05-02
U001045,王浩然1045,女,41,河南省,新乡,普通,2023-08-14
U001046,高嘉诚1046,男,28,江苏省,苏州,黄金,2025-10-28
U001047,陈佳怡1047,男,28,湖南省,衡阳,普通,2024-04-05
U001048,徐嘉诚1048,女,35,河南省,新乡,白银,2026-06-19
U001049,朱明轩1049,女,42,河北省,唐山,普通,2026-03-25
U001050,赵思源1050,女,41,江苏省,常州,白银,2023-03-11
U001051,李一诺1051,女,27,江苏省,南京,普通,2023-05-05
U001052,吴欣然1052,男,19,浙江省,温州,普通,2025-01-24
U001053,李浩然1053,男,16,湖南省,岳阳,普通,2026-02-07
U001054,朱嘉诚1054,男,24,四川省,德阳,铂金,2023-02-15
U001055,高欣然1055,女,21,江苏省,南京,白银,2024-09-29
U001056,周诗涵1056,男,29,河北省,廊坊,黄金,2023-05-21
U001057,赵浩然1057,女,29,湖南省,岳阳,普通,2026-03-24
U001058,朱俊杰1058,男,27,广东省,佛山,普通,2026-01-12
U001059,胡浩然1059,男,36,河南省,许昌,普通,2026-02-19
U001060,王佳怡1060,男,47,湖南省,常德,普通,2023-06-09
U001061,孙浩然1061,男,23,福建省,厦门,白银,2026-03-25
U001062,高思源1062,女,16,浙江省,温州,普通,2023-05-28
U001063,徐佳怡1063,女,29,浙江省,杭州,黑金,2026-04-14
U001064,黄诗涵1064,男,29,湖北省,宜昌,普通,2026-05-31
U001065,杨俊杰1065,女,27,四川省,绵阳,普通,2026-04-21
U001066,周欣然1066,男,16,北京市,北京,白银,2025-07-20
U001067,赵佳怡1067,女,39,湖北省,襄阳,白银,2025-05-26
U001068,陈梓萱1068,男,36,河南省,郑州,白银,2023-01-10
U001069,李一诺1069,女,37,山东省,临沂,普通,2023-08-02
U001070,王子涵1070,女,34,四川省,德阳,普通,2024-11-22
U001071,黄雨桐1071,男,19,重庆市,重庆,黄金,2025-03-02
U001072,刘一诺1072,女,16,河南省,郑州,普通,2026-01-27
U001073,李明轩1073,女,29,安徽省,安庆,普通,2024-07-18
U001074,杨梓萱1074,女,33,广东省,佛山,铂金,2024-10-15
U001075,胡子涵1075,男,45,江苏省,无锡,普通,2024-08-10
U001076,周浩然1076,女,16,重庆市,重庆,普通,2023-10-12
U001077,高欣然1077,女,27,安徽省,芜湖,普通,2023-03-27
U001078,王梓萱1078,男,23,广东省,佛山,普通,2026-04-24
U001079,李雨桐1079,女,27,浙江省,温州,铂金,2024-03-16
U001080,刘明轩1080,女,41,山东省,临沂,铂金,2024-07-26
U001081,杨佳怡1081,男,25,广东省,深圳,普通,2023-06-01
U001082,孙梓萱1082,男,37,广东省,珠海,普通,2025-11-20
U001083,高雨桐1083,女,32,陕西省,宝鸡,普通,2024-01-25
U001084,陈诗涵1084,女,35,河南省,新乡,普通,2023-07-30
U001085,刘思源1085,女,34,山东省,临沂,普通,2023-10-17
U001086,李浩然1086,女,35,广东省,东莞,普通,2023-04-01
U001087,陈一诺1087,男,32,河南省,许昌,铂金,2024-01-25
U001088,孙子涵1088,女,35,上海市,上海,黄金,2026-04-09
U001089,杨一诺1089,女,43,河北省,廊坊,白银,2023-12-27
U001090,张明轩1090,女,46,河南省,新乡,白银,2024-07-27
U001091,胡俊杰1091,男,17,江苏省,南京,白银,2025-03-18
U001092,孙子涵1092,男,44,湖南省,岳阳,白银,2025-07-21
U001093,李思源1093,女,27,北京市,北京,白银,2025-09-16
U001094,周佳怡1094,女,40,江苏省,南京,黄金,2023-03-03
U001095,杨子涵1095,男,37,江苏省,常州,铂金,2025-11-26
U001096,李子涵1096,女,26,浙江省,嘉兴,普通,2025-05-29
U001097,吴子涵1097,女,20,广东省,珠海,白银,2024-05-24
U001098,高子涵1098,男,31,四川省,绵阳,普通,2025-08-01
U001099,赵佳怡1099,女,30,湖南省,衡阳,黄金,2025-10-22
U001100,黄雨桐1100,女,29,山东省,临沂,普通,2024-10-19
U001101,刘思源1101,女,27,河南省,洛阳,普通,2025-03-17
U001102,陈欣然1102,女,28,江苏省,常州,黄金,2023-10-19
U001103,高诗涵1103,女,22,四川省,南充,普通,2024-02-24
U001104,徐诗涵1104,女,46,四川省,绵阳,铂金,2023-11-05
U001105,王嘉诚1105,女,42,江苏省,苏州,普通,2026-01-28
U001106,王浩然1106,男,37,湖北省,武汉,普通,2023-09-06
U001107,杨子涵1107,女,21,河南省,南阳,铂金,2023-03-07
U001108,刘思源1108,女,34,山东省,济南,普通,2024-07-27
U001109,黄思源1109,男,22,浙江省,温州,黄金,2025-07-26
U001110,陈子涵1110,男,37,北京市,北京,白银,2025-08-01
U001111,吴子涵1111,女,38,福建省,厦门,普通,2023-05-02
U001112,黄子涵1112,女,33,广东省,深圳,普通,2025-08-20
U001113,高子涵1113,女,21,上海市,上海,普通,2024-02-14
U001114,孙俊杰1114,女,44,陕西省,宝鸡,普通,2025-12-12
U001115,张一诺1115,男,28,浙江省,嘉兴,白银,2025-07-01
U001116,周佳怡1116,男,32,浙江省,嘉兴,普通,2025-04-18
U001117,陈子涵1117,男,38,湖南省,岳阳,普通,2024-03-21
U001118,王梓萱1118,男,20,广东省,广州,普通,2025-09-17
U001119,周俊杰1119,女,22,上海市,上海,普通,2026-03-10
U001120,吴梓萱1120,男,37,湖北省,黄冈,普通,2023-05-12
U001121,陈子涵1121,男,40,河南省,南阳,普通,2024-01-01
U001122,张梓萱1122,男,23,上海市,上海,普通,2023-02-21
U001123,陈明轩1123,女,41,湖南省,衡阳,白银,2025-01-13
U001124,吴佳怡1124,男,29,湖北省,黄冈,普通,2025-11-24
U001125,王明轩1125,女,33,江苏省,苏州,白银,2024-05-01
U001126,朱思源1126,男,31,北京市,北京,普通,2024-09-10
U001127,赵思源1127,女,32,广东省,广州,普通,2023-04-27
U001128,杨雨桐1128,女,20,河北省,廊坊,普通,2026-03-27
U001129,李诗涵1129,女,16,江苏省,无锡,普通,2024-02-24
U001130,张子涵1130,女,31,湖南省,岳阳,普通,2025-04-13
U001131,刘梓萱1131,男,45,湖北省,荆州,铂金,2025-09-04
U001132,朱欣然1132,女,36,广东省,珠海,普通,2025-10-30
U001133,吴一诺1133,女,27,江苏省,苏州,普通,2023-12-02
U001134,杨思源1134,男,28,浙江省,杭州,普通,2025-10-21
U001135,朱佳怡1135,男,16,广东省,东莞,黄金,2026-06-05
U001136,徐佳怡1136,女,27,湖南省,长沙,黄金,2024-06-23
U001137,张梓萱1137,女,28,江苏省,无锡,白银,2023-05-11
U001138,李梓萱1138,男,26,湖北省,荆州,普通,2025-10-15
U001139,胡浩然1139,男,47,湖北省,宜昌,普通,2023-10-24
U001140,李子涵1140,女,38,重庆市,重庆,普通,2025-01-17
U001141,高俊杰1141,女,46,四川省,绵阳,黄金,2025-03-24
U001142,张子涵1142,女,16,山东省,烟台,普通,2023-08-23
U001143,吴梓萱1143,女,28,浙江省,杭州,白银,2025-08-28
U001144,徐梓萱1144,女,28,广东省,珠海,黄金,2024-06-10
U001145,张浩然1145,男,22,江苏省,苏州,白银,2024-12-24
U001146,赵思源1146,女,38,河北省,石家庄,普通,2023-07-16
U001147,徐一诺1147,男,39,四川省,德阳,普通,2024-12-07
U001148,张俊杰1148,男,25,江苏省,南京,白银,2024-10-10
U001149,周梓萱1149,男,30,河南省,南阳,白银,2023-06-20
U001150,周雨桐1150,女,32,江苏省,南通,白银,2024-08-05
U001151,周梓萱1151,女,26,广东省,东莞,普通,2023-12-02
U001152,杨明轩1152,男,32,江苏省,苏州,普通,2023-10-27
U001153,李诗涵1153,男,35,广东省,珠海,普通,2025-06-07
U001154,周子涵1154,女,24,湖南省,株洲,普通,2023-05-06
U001155,胡子涵1155,男,32,广东省,东莞,黄金,2025-08-13
U001156,王俊杰1156,男,38,浙江省,嘉兴,铂金,2025-09-06
U001157,吴俊杰1157,女,22,江苏省,常州,普通,2026-02-07
U001158,胡明轩1158,女,22,北京市,北京,黄金,2024-02-14
U001159,李佳怡1159,男,36,江苏省,南通,普通,2025-01-08
U001160,刘佳怡1160,女,32,广东省,佛山,普通,2024-01-24
U001161,孙佳怡1161,男,24,江苏省,无锡,白银,2026-02-18
U001162,王浩然1162,女,34,江苏省,常州,普通,2025-06-10
U001163,刘明轩1163,男,30,广东省,东莞,普通,2026-01-21
U001164,陈一诺1164,男,33,陕西省,咸阳,白银,2024-04-22
U001165,胡子涵1165,男,35,江苏省,苏州,白银,2026-04-17
U001166,黄佳怡1166,男,16,江苏省,苏州,普通,2024-07-30
U001167,杨思源1167,男,29,广东省,佛山,黄金,2025-10-18
U001168,周诗涵1168,女,41,湖南省,株洲,普通,2025-10-28
U001169,孙雨桐1169,女,25,河南省,许昌,白银,2023-05-27
U001170,吴嘉诚1170,女,36,山东省,烟台,普通,2025-04-21
U001171,李浩然1171,男,17,广东省,深圳,普通,2025-05-06
U001172,周思源1172,女,16,福建省,厦门,普通,2023-07-14
U001173,孙诗涵1173,男,22,江苏省,苏州,白银,2023-07-24
U001174,李浩然1174,女,32,福建省,泉州,普通,2023-11-19
U001175,徐欣然1175,女,38,浙江省,宁波,普通,2025-06-01
U001176,徐梓萱1176,女,25,浙江省,嘉兴,普通,2023-09-30
U001177,王俊杰1177,男,30,浙江省,绍兴,普通,2025-07-20
U001178,徐诗涵1178,男,39,广东省,东莞,白银,2026-06-07
U001179,徐明轩1179,女,18,四川省,绵阳,黄金,2025-03-30
U001180,朱嘉诚1180,男,29,河北省,廊坊,白银,2024-04-04
U001181,周浩然1181,男,20,北京市,北京,普通,2024-03-28
U001182,李诗涵1182,女,31,福建省,福州,普通,2024-07-19
U001183,吴诗涵1183,男,28,广东省,广州,白银,2024-12-04
U001184,朱梓萱1184,女,42,上海市,上海,白银,2025-11-08
U001185,赵佳怡1185,女,20,广东省,佛山,普通,2024-06-25
U001186,徐诗涵1186,女,19,湖北省,襄阳,普通,2026-06-23
U001187,赵诗涵1187,女,24,广东省,珠海,普通,2025-04-28
U001188,吴诗涵1188,男,29,北京市,北京,普通,2026-01-09
U001189,赵子涵1189,男,21,河南省,南阳,普通,2025-12-07
U001190,赵浩然1190,男,27,河南省,南阳,普通,2025-05-19
U001191,吴明轩1191,女,42,江苏省,常州,普通,2026-01-19
U001192,赵梓萱1192,男,34,山东省,青岛,白银,2023-09-04
U001193,吴雨桐1193,男,37,北京市,北京,黑金,2024-11-17
U001194,高明轩1194,男,30,四川省,南充,普通,2023-12-20
U001195,高思源1195,女,18,广东省,深圳,白银,2026-05-11
U001196,徐诗涵1196,男,28,江苏省,南通,普通,2025-10-31
U001197,赵浩然1197,男,16,广东省,深圳,白银,2026-01-20
U001198,张欣然1198,男,52,广东省,深圳,普通,2025-01-17
U001199,杨欣然1199,女,31,浙江省,绍兴,普通,2024-05-23
U001200,朱嘉诚1200,男,33,北京市,北京,黄金,2023-05-31
U001201,赵诗涵1201,男,44,重庆市,重庆,白银,2025-11-24
U001202,周思源1202,女,24,浙江省,杭州,白银,2024-09-12
U001203,李诗涵1203,女,29,湖南省,株洲,普通,2023-11-23
U001204,黄一诺1204,男,42,浙江省,嘉兴,白银,2024-02-10
U001205,胡俊杰1205,女,35,江苏省,苏州,白银,2024-07-28
U001206,胡佳怡1206,女,41,广东省,佛山,黄金,2026-02-05
U001207,张思源1207,女,26,广东省,深圳,铂金,2023-04-15
U001208,吴雨桐1208,男,35,安徽省,安庆,白银,2023-12-03
U001209,张诗涵1209,女,21,上海市,上海,普通,2025-06-29
U001210,孙明轩1210,女,28,四川省,宜宾,黄金,2025-11-14
U001211,张明轩1211,女,40,河南省,新乡,普通,2024-01-09
U001212,胡子涵1212,女,29,江苏省,无锡,白银,2024-03-27
U001213,吴梓萱1213,男,31,广东省,东莞,普通,2025-04-21
U001214,徐思源1214,女,26,山东省,潍坊,普通,2023-02-23
U001215,刘思源1215,女,16,江苏省,南通,普通,2023-06-13
U001216,黄明轩1216,女,47,湖南省,岳阳,白银,2026-05-29
U001217,张梓萱1217,女,31,北京市,北京,黄金,2025-07-16
U001218,张梓萱1218,女,32,河南省,郑州,普通,2023-05-22
U001219,周思源1219,男,35,湖北省,襄阳,普通,2023-05-05
U001220,赵明轩1220,女,31,上海市,上海,普通,2025-11-30
U001221,高诗涵1221,女,43,湖南省,衡阳,普通,2023-08-27
U001222,徐一诺1222,男,29,重庆市,重庆,普通,2023-05-14
U001223,赵一诺1223,男,27,江苏省,无锡,普通,2024-12-24
U001224,赵诗涵1224,女,30,福建省,福州,黑金,2024-10-14
U001225,张欣然1225,男,30,江苏省,无锡,普通,2025-03-20
U001226,杨一诺1226,女,33,湖南省,常德,普通,2023-01-27
U001227,刘嘉诚1227,男,38,广东省,珠海,黄金,2023-10-06
U001228,高佳怡1228,女,43,广东省,广州,普通,2026-05-30
U001229,黄子涵1229,男,30,广东省,珠海,白银,2023-10-14
U001230,杨梓萱1230,男,34,湖南省,岳阳,铂金,2024-09-27
U001231,胡欣然1231,男,21,福建省,泉州,白银,2026-02-22
U001232,高嘉诚1232,男,34,湖北省,黄冈,普通,2026-01-21
U001233,赵子涵1233,男,32,河北省,保定,白银,2025-11-12
U001234,刘思源1234,男,48,山东省,青岛,黄金,2026-06-03
U001235,朱思源1235,男,27,四川省,宜宾,普通,2023-11-21
U001236,朱诗涵1236,男,32,江苏省,南京,白银,2024-11-21
U001237,赵浩然1237,女,24,上海市,上海,白银,2024-01-12
U001238,王梓萱1238,男,34,浙江省,宁波,白银,2024-04-14
U001239,李思源1239,女,24,福建省,泉州,铂金,2026-04-09
U001240,张思源1240,女,17,江苏省,南通,黑金,2023-02-18
U001241,杨浩然1241,女,27,广东省,深圳,普通,2024-05-15
U001242,吴俊杰1242,女,42,北京市,北京,白银,2024-05-08
U001243,徐雨桐1243,男,33,河北省,保定,普通,2026-05-08
U001244,黄嘉诚1244,女,39,湖南省,长沙,白银,2026-01-07
U001245,朱欣然1245,女,28,浙江省,绍兴,普通,2026-05-25
U001246,刘诗涵1246,男,30,北京市,北京,普通,2024-11-11
U001247,赵一诺1247,女,32,湖南省,常德,白银,2024-05-08
U001248,孙诗涵1248,女,39,四川省,绵阳,白银,2024-09-07
U001249,胡梓萱1249,女,28,浙江省,绍兴,普通,2025-10-06
U001250,吴子涵1250,男,36,江苏省,南通,普通,2026-02-08
U001251,李诗涵1251,男,47,北京市,北京,普通,2025-03-29
U001252,高思源1252,女,45,广东省,东莞,黑金,2024-04-20
U001253,高子涵1253,男,16,河南省,郑州,普通,2024-04-30
U001254,李俊杰1254,男,32,江苏省,南京,普通,2026-02-04
U001255,赵浩然1255,女,35,湖南省,衡阳,普通,2024-09-30
U001256,陈俊杰1256,女,21,福建省,泉州,普通,2026-01-31
U001257,吴佳怡1257,女,27,四川省,德阳,普通,2024-06-18
U001258,张佳怡1258,女,43,广东省,佛山,普通,2024-12-14
U001259,杨诗涵1259,女,27,浙江省,绍兴,普通,2023-11-24
U001260,陈子涵1260,男,16,浙江省,宁波,白银,2024-11-30
U001261,黄俊杰1261,女,24,四川省,南充,普通,2026-04-10
U001262,刘明轩1262,男,34,上海市,上海,普通,2025-04-19
U001263,杨佳怡1263,女,30,陕西省,咸阳,普通,2025-04-01
U001264,胡浩然1264,男,24,江苏省,南通,铂金,2024-02-13
U001265,徐一诺1265,女,25,安徽省,安庆,白银,2024-03-08
U001266,高诗涵1266,女,21,福建省,泉州,普通,2025-11-19
U001267,王雨桐1267,女,23,湖南省,衡阳,白银,2024-10-14
U001268,刘欣然1268,女,30,江苏省,无锡,普通,2026-01-25
U001269,黄明轩1269,男,30,江苏省,南通,普通,2023-05-31
U001270,朱子涵1270,男,30,四川省,南充,黄金,2025-07-15
U001271,陈梓萱1271,女,32,江苏省,苏州,普通,2023-03-31
U001272,高明轩1272,女,34,湖南省,长沙,普通,2025-01-11
U001273,吴诗涵1273,女,38,山东省,济南,铂金,2025-08-26
U001274,胡俊杰1274,男,23,福建省,泉州,白银,2023-04-24
U001275,朱诗涵1275,男,16,陕西省,渭南,白银,2023-03-15
U001276,赵诗涵1276,男,30,浙江省,杭州,黄金,2024-03-06
U001277,陈俊杰1277,女,36,山东省,临沂,普通,2024-04-11
U001278,李浩然1278,女,22,浙江省,宁波,白银,2024-12-19
U001279,周嘉诚1279,男,32,上海市,上海,普通,2026-01-04
U001280,高明轩1280,女,36,山东省,潍坊,白银,2023-08-06
U001281,王诗涵1281,男,29,福建省,泉州,普通,2026-03-11
U001282,徐欣然1282,男,31,湖南省,衡阳,白银,2023-06-15
U001283,黄欣然1283,女,35,广东省,广州,白银,2026-05-16
U001284,周子涵1284,男,34,安徽省,芜湖,普通,2025-07-23
U001285,赵子涵1285,男,34,河南省,新乡,普通,2023-09-13
U001286,吴子涵1286,男,27,北京市,北京,普通,2023-05-15
U001287,杨雨桐1287,男,44,重庆市,重庆,白银,2025-03-29
U001288,赵佳怡1288,男,41,浙江省,嘉兴,普通,2024-05-15
U001289,胡浩然1289,女,46,河北省,廊坊,白银,2025-04-07
U001290,张雨桐1290,女,33,广东省,广州,普通,2024-12-30
U001291,周诗涵1291,女,40,山东省,潍坊,白银,2024-02-19
U001292,胡浩然1292,女,34,江苏省,南京,白银,2023-03-14
U001293,杨一诺1293,女,31,安徽省,合肥,普通,2023-03-31
U001294,徐一诺1294,男,36,江苏省,南通,白银,2024-03-04
U001295,赵浩然1295,男,24,浙江省,杭州,黄金,2025-07-25
U001296,张欣然1296,男,28,广东省,东莞,白银,2025-04-13
U001297,李俊杰1297,男,40,河南省,郑州,普通,2026-04-08
U001298,黄俊杰1298,女,32,陕西省,咸阳,黄金,2026-03-16
U001299,孙梓萱1299,男,45,湖北省,荆州,普通,2025-04-26
U001300,杨嘉诚1300,男,23,广东省,珠海,普通,2024-02-21
U001301,孙明轩1301,男,35,北京市,北京,普通,2023-12-19
U001302,高诗涵1302,男,46,广东省,深圳,普通,2024-07-16
U001303,徐梓萱1303,女,36,陕西省,宝鸡,普通,2024-09-28
U001304,胡梓萱1304,男,16,广东省,东莞,白银,2024-10-03
U001305,孙浩然1305,女,47,福建省,厦门,普通,2023-08-12
U001306,黄浩然1306,男,24,广东省,佛山,普通,2024-07-19
U001307,陈明轩1307,男,16,四川省,成都,黄金,2024-03-19
U001308,黄雨桐1308,男,28,北京市,北京,白银,2024-10-31
U001309,王诗涵1309,男,35,安徽省,合肥,白银,2025-07-10
U001310,李明轩1310,男,23,陕西省,西安,普通,2024-11-28
U001311,张明轩1311,女,16,浙江省,杭州,黄金,2026-03-13
U001312,高梓萱1312,男,34,江苏省,南京,黄金,2024-08-19
U001313,李子涵1313,女,31,山东省,青岛,普通,2023-11-22
U001314,赵一诺1314,男,45,山东省,烟台,普通,2023-05-19
U001315,周浩然1315,女,26,重庆市,重庆,普通,2026-02-15
U001316,吴欣然1316,女,42,河南省,许昌,普通,2025-11-08
U001317,陈梓萱1317,男,26,江苏省,南通,白银,2025-06-27
U001318,杨明轩1318,男,23,重庆市,重庆,黑金,2025-06-20
U001319,黄思源1319,女,47,江苏省,南京,白银,2026-03-31
U001320,张明轩1320,男,16,河南省,洛阳,黄金,2023-02-22
U001321,朱明轩1321,男,21,山东省,临沂,黄金,2024-01-09
U001322,王浩然1322,男,37,上海市,上海,白银,2026-05-10
U001323,王嘉诚1323,男,35,广东省,深圳,普通,2026-04-11
U001324,胡佳怡1324,男,19,湖北省,襄阳,普通,2026-02-09
U001325,陈思源1325,女,17,广东省,东莞,普通,2024-06-23
U001326,高浩然1326,男,37,浙江省,宁波,白银,2025-08-30
U001327,杨雨桐1327,男,44,湖北省,宜昌,黑金,2024-03-26
U001328,周嘉诚1328,女,36,江苏省,无锡,普通,2025-07-31
U001329,朱嘉诚1329,女,29,上海市,上海,铂金,2023-09-02
U001330,陈佳怡1330,男,37,山东省,青岛,黄金,2023-05-01
U001331,王明轩1331,男,16,山东省,烟台,黄金,2026-05-04
U001332,黄浩然1332,女,38,广东省,深圳,普通,2023-02-21
U001333,高明轩1333,女,25,河北省,廊坊,普通,2024-02-02
U001334,朱欣然1334,女,34,江苏省,苏州,白银,2023-01-12
U001335,刘俊杰1335,女,29,北京市,北京,白银,2026-04-14
U001336,张俊杰1336,男,45,湖南省,岳阳,白银,2023-10-27
U001337,张浩然1337,男,19,浙江省,绍兴,普通,2024-11-18
U001338,刘梓萱1338,女,33,河南省,南阳,普通,2026-06-11
U001339,赵思源1339,男,21,山东省,临沂,铂金,2024-09-09
U001340,徐俊杰1340,女,25,陕西省,渭南,普通,2026-02-23
U001341,王佳怡1341,男,36,广东省,广州,普通,2025-05-01
U001342,陈思源1342,男,40,江苏省,常州,白银,2025-02-14
U001343,张一诺1343,女,43,四川省,德阳,黄金,2023-08-18
U001344,徐佳怡1344,男,36,江苏省,南京,普通,2023-07-09
U001345,周诗涵1345,女,35,广东省,珠海,普通,2023-07-16
U001346,陈佳怡1346,男,26,江苏省,无锡,铂金,2024-06-25
U001347,吴欣然1347,男,26,浙江省,绍兴,普通,2023-07-08
U001348,李俊杰1348,男,33,江苏省,常州,普通,2024-06-09
U001349,陈诗涵1349,男,31,浙江省,绍兴,普通,2026-05-05
U001350,王子涵1350,女,21,江苏省,南京,普通,2024-08-24
U001351,刘欣然1351,男,26,山东省,临沂,黄金,2026-02-11
U001352,赵雨桐1352,男,40,北京市,北京,白银,2024-01-02
U001353,李欣然1353,女,44,陕西省,咸阳,普通,2023-02-20
U001354,李明轩1354,男,36,江苏省,南京,铂金,2023-12-27
U001355,张一诺1355,男,40,山东省,临沂,普通,2025-07-21
U001356,杨子涵1356,女,28,四川省,南充,白银,2023-12-18
U001357,吴雨桐1357,男,33,湖南省,衡阳,普通,2026-05-22
U001358,王欣然1358,男,42,江苏省,常州,铂金,2023-04-27
U001359,朱欣然1359,男,31,陕西省,渭南,黑金,2025-07-15
U001360,黄雨桐1360,男,50,四川省,成都,普通,2026-03-15
U001361,陈梓萱1361,男,20,上海市,上海,普通,2025-06-15
U001362,周子涵1362,男,29,四川省,南充,白银,2023-08-01
U001363,朱明轩1363,男,26,广东省,佛山,普通,2024-10-04
U001364,朱佳怡1364,女,37,山东省,济南,白银,2023-05-01
U001365,杨思源1365,男,23,北京市,北京,普通,2024-06-13
U001366,张梓萱1366,男,32,四川省,德阳,黄金,2025-06-29
U001367,吴子涵1367,男,21,河南省,许昌,普通,2026-06-18
U001368,黄欣然1368,女,42,江苏省,常州,铂金,2025-05-11
U001369,孙思源1369,男,26,广东省,佛山,普通,2025-09-08
U001370,周佳怡1370,男,29,江苏省,南京,铂金,2026-01-09
U001371,杨梓萱1371,女,33,江苏省,常州,白银,2023-04-23
U001372,刘思源1372,男,30,重庆市,重庆,普通,2025-12-08
U001373,赵浩然1373,女,29,江苏省,苏州,普通,2023-01-07
U001374,李诗涵1374,男,16,陕西省,渭南,普通,2023-11-08
U001375,周嘉诚1375,男,40,浙江省,温州,白银,2025-12-15
U001376,张子涵1376,男,32,湖南省,衡阳,黄金,2025-12-02
U001377,胡欣然1377,男,24,四川省,成都,普通,2024-05-05
U001378,吴雨桐1378,男,36,山东省,青岛,普通,2023-06-03
U001379,吴诗涵1379,女,38,上海市,上海,普通,2023-11-20
U001380,吴梓萱1380,男,49,重庆市,重庆,普通,2025-03-03
U001381,黄佳怡1381,女,26,浙江省,宁波,黄金,2025-07-31
U001382,刘一诺1382,男,21,四川省,成都,普通,2023-02-06
U001383,周梓萱1383,男,32,湖南省,长沙,普通,2025-06-06
U001384,赵一诺1384,男,33,北京市,北京,黄金,2025-09-19
U001385,周明轩1385,女,28,湖北省,宜昌,白银,2023-03-17
U001386,陈浩然1386,男,41,陕西省,宝鸡,黄金,2026-03-13
U001387,张思源1387,女,22,广东省,广州,白银,2023-10-10
U001388,刘欣然1388,女,39,湖北省,武汉,白银,2024-07-03
U001389,黄嘉诚1389,男,54,福建省,福州,铂金,2026-01-07
U001390,陈欣然1390,女,36,江苏省,苏州,普通,2026-06-18
U001391,胡佳怡1391,男,31,重庆市,重庆,白银,2025-10-01
U001392,高俊杰1392,女,32,福建省,漳州,黄金,2023-10-16
U001393,李浩然1393,男,42,重庆市,重庆,黄金,2024-12-18
U001394,周诗涵1394,男,35,陕西省,西安,普通,2025-07-30
U001395,张一诺1395,女,19,江苏省,无锡,白银,2025-02-05
U001396,李梓萱1396,女,53,山东省,临沂,黄金,2024-06-25
U001397,陈浩然1397,女,23,重庆市,重庆,普通,2025-07-08
U001398,刘诗涵1398,女,27,北京市,北京,普通,2023-08-29
U001399,李雨桐1399,女,41,河南省,许昌,普通,2024-03-14
U001400,徐佳怡1400,男,32,浙江省,绍兴,普通,2023-04-02
U001401,吴子涵1401,女,27,浙江省,温州,白银,2025-12-19
U001402,孙嘉诚1402,女,32,河南省,新乡,普通,2024-10-06
U001403,李浩然1403,男,22,福建省,莆田,普通,2024-05-05
U001404,孙梓萱1404,男,38,广东省,东莞,普通,2024-11-23
U001405,胡雨桐1405,女,28,山东省,济南,白银,2026-02-06
U001406,朱思源1406,男,16,江苏省,常州,普通,2023-11-20
U001407,王浩然1407,男,31,四川省,绵阳,普通,2023-05-26
U001408,朱思源1408,男,25,湖南省,长沙,普通,2023-11-21
U001409,刘明轩1409,女,25,安徽省,芜湖,普通,2023-11-14
U001410,孙诗涵1410,女,23,广东省,佛山,白银,2026-01-29
U001411,朱嘉诚1411,男,35,湖南省,常德,白银,2024-04-02
U001412,李佳怡1412,女,30,浙江省,嘉兴,黄金,2025-08-31
U001413,吴思源1413,女,31,陕西省,渭南,普通,2023-12-08
U001414,胡梓萱1414,男,35,江苏省,南通,普通,2024-09-24
U001415,刘梓萱1415,男,24,广东省,珠海,普通,2024-04-13
U001416,胡梓萱1416,女,28,河北省,廊坊,白银,2023-07-11
U001417,徐浩然1417,男,28,北京市,北京,白银,2023-08-17
U001418,周一诺1418,男,19,湖南省,衡阳,普通,2023-09-13
U001419,胡欣然1419,男,26,湖南省,衡阳,黄金,2025-07-11
U001420,胡俊杰1420,女,41,湖北省,襄阳,普通,2025-12-28
U001421,赵子涵1421,女,24,江苏省,苏州,普通,2025-11-04
U001422,刘欣然1422,男,35,湖北省,宜昌,黄金,2023-01-04
U001423,周子涵1423,女,26,浙江省,嘉兴,普通,2023-01-16
U001424,刘浩然1424,女,43,江苏省,南通,普通,2023-07-23
U001425,徐嘉诚1425,男,34,广东省,珠海,普通,2024-03-11
U001426,张嘉诚1426,男,39,山东省,青岛,普通,2023-07-15
U001427,胡思源1427,男,26,四川省,南充,普通,2025-06-22
U001428,张佳怡1428,男,28,北京市,北京,白银,2025-01-16
U001429,孙浩然1429,女,34,北京市,北京,白银,2024-11-25
U001430,朱明轩1430,女,35,福建省,泉州,铂金,2023-05-16
U001431,陈梓萱1431,男,30,山东省,青岛,普通,2024-05-05
U001432,李诗涵1432,女,23,福建省,莆田,黄金,2026-04-23
U001433,吴明轩1433,女,26,河南省,洛阳,白银,2026-06-21
U001434,孙梓萱1434,女,24,广东省,东莞,普通,2024-07-07
U001435,孙俊杰1435,女,27,江苏省,南通,普通,2024-09-26
U001436,刘佳怡1436,男,17,陕西省,宝鸡,黄金,2024-12-08
U001437,赵嘉诚1437,男,30,江苏省,苏州,白银,2024-12-20
U001438,张欣然1438,男,26,山东省,临沂,白银,2023-04-23
U001439,朱子涵1439,男,22,浙江省,宁波,普通,2024-01-12
U001440,黄诗涵1440,女,22,北京市,北京,普通,2025-04-13
U001441,李诗涵1441,女,38,浙江省,杭州,普通,2024-04-01
U001442,刘一诺1442,男,26,广东省,珠海,黄金,2025-04-27
U001443,徐欣然1443,女,37,浙江省,绍兴,黑金,2026-02-25
U001444,朱诗涵1444,女,34,福建省,漳州,普通,2024-10-12
U001445,赵俊杰1445,男,23,广东省,珠海,白银,2024-10-28
U001446,周嘉诚1446,男,29,四川省,成都,白银,2026-05-30
U001447,朱嘉诚1447,男,28,河北省,廊坊,白银,2024-11-20
U001448,陈诗涵1448,男,35,湖南省,株洲,白银,2024-03-03
U001449,杨俊杰1449,女,42,重庆市,重庆,黄金,2024-05-19
U001450,高欣然1450,女,49,四川省,宜宾,白银,2023-11-09
U001451,吴欣然1451,女,33,上海市,上海,黄金,2025-02-21
U001452,黄诗涵1452,男,29,河南省,许昌,普通,2024-01-14
U001453,朱一诺1453,男,40,河北省,廊坊,黄金,2025-09-28
U001454,王佳怡1454,男,29,河南省,洛阳,普通,2023-01-25
U001455,陈嘉诚1455,女,28,浙江省,杭州,黑金,2025-12-23
U001456,朱浩然1456,女,33,山东省,济南,普通,2025-09-18
U001457,吴佳怡1457,女,24,广东省,广州,黄金,2023-09-08
U001458,刘思源1458,女,16,广东省,佛山,黄金,2023-05-24
U001459,王雨桐1459,女,31,福建省,莆田,普通,2025-11-20
U001460,孙梓萱1460,男,37,四川省,成都,普通,2023-11-24
U001461,刘诗涵1461,女,22,河南省,郑州,铂金,2025-09-23
U001462,朱梓萱1462,女,23,江苏省,南京,普通,2024-07-01
U001463,王浩然1463,女,41,上海市,上海,铂金,2025-01-24
U001464,李雨桐1464,女,27,四川省,南充,黄金,2024-03-29
U001465,周诗涵1465,男,38,福建省,莆田,白银,2023-04-08
U001466,周俊杰1466,男,27,上海市,上海,铂金,2025-05-09
U001467,黄明轩1467,男,45,江苏省,常州,普通,2026-03-11
U001468,朱俊杰1468,女,23,河南省,洛阳,黄金,2025-08-07
U001469,孙俊杰1469,女,38,广东省,东莞,白银,2025-03-07
U001470,孙佳怡1470,男,19,河南省,南阳,白银,2025-09-03
U001471,赵嘉诚1471,男,49,江苏省,无锡,普通,2025-07-13
U001472,徐子涵1472,男,25,江苏省,南京,白银,2024-07-22
U001473,陈子涵1473,男,31,北京市,北京,普通,2023-01-24
U001474,孙明轩1474,男,21,浙江省,温州,白银,2025-06-30
U001475,高思源1475,女,31,北京市,北京,普通,2024-10-11
U001476,黄梓萱1476,男,44,北京市,北京,普通,2026-03-18
U001477,刘诗涵1477,男,33,河南省,新乡,普通,2025-11-03
U001478,赵佳怡1478,女,32,江苏省,南通,铂金,2023-09-12
U001479,周佳怡1479,男,30,山东省,烟台,黄金,2025-02-21
U001480,赵诗涵1480,男,32,四川省,成都,白银,2023-12-25
U001481,吴欣然1481,男,24,江苏省,南通,黄金,2023-06-01
U001482,黄浩然1482,女,45,浙江省,杭州,黄金,2026-04-22
U001483,赵嘉诚1483,女,37,福建省,漳州,黄金,2024-12-06
U001484,吴明轩1484,女,36,河南省,许昌,黑金,2024-01-30
U001485,杨思源1485,女,36,陕西省,渭南,白银,2023-04-06
U001486,孙梓萱1486,女,17,四川省,南充,黄金,2025-02-05
U001487,黄浩然1487,男,21,江苏省,常州,铂金,2023-08-06
U001488,刘嘉诚1488,女,36,上海市,上海,普通,2025-06-20
U001489,赵明轩1489,女,26,北京市,北京,普通,2025-06-15
U001490,吴雨桐1490,男,32,江苏省,常州,普通,2023-05-08
U001491,黄俊杰1491,男,35,广东省,佛山,黄金,2023-11-16
U001492,胡明轩1492,男,28,福建省,福州,普通,2024-05-10
U001493,吴思源1493,女,19,上海市,上海,普通,2026-01-30
U001494,王一诺1494,女,28,河南省,许昌,白银,2024-01-13
U001495,张思源1495,男,17,江苏省,苏州,白银,2025-07-24
U001496,张嘉诚1496,男,30,重庆市,重庆,黑金,2026-04-24
U001497,周雨桐1497,女,16,广东省,深圳,普通,2024-12-24
U001498,周嘉诚1498,男,35,四川省,绵阳,黄金,2024-02-17
U001499,陈子涵1499,女,39,江苏省,常州,白银,2025-01-24
U001500,王子涵1500,男,29,湖北省,黄冈,普通,2023-11-30
U001501,黄明轩1501,男,53,江苏省,苏州,普通,2023-08-29
U001502,李浩然1502,女,19,浙江省,温州,普通,2025-04-28
U001503,徐嘉诚1503,女,37,福建省,泉州,白银,2026-02-20
U001504,周明轩1504,女,40,浙江省,嘉兴,普通,2023-11-02
U001505,朱欣然1505,男,37,河北省,保定,普通,2023-03-28
U001506,朱俊杰1506,女,36,浙江省,温州,白银,2026-01-22
U001507,张嘉诚1507,男,36,重庆市,重庆,铂金,2024-01-12
U001508,王俊杰1508,女,32,四川省,宜宾,白银,2026-01-30
U001509,周嘉诚1509,男,45,福建省,莆田,黄金,2024-04-02
U001510,朱欣然1510,男,22,江苏省,南通,黄金,2023-09-26
U001511,孙思源1511,女,21,浙江省,杭州,普通,2023-12-13
U001512,赵浩然1512,女,19,四川省,德阳,黄金,2023-11-27
U001513,刘子涵1513,女,18,广东省,广州,普通,2026-06-16
U001514,李思源1514,男,27,河南省,郑州,普通,2025-10-05
U001515,王嘉诚1515,男,36,河南省,许昌,普通,2024-11-02
U001516,张一诺1516,女,30,广东省,深圳,黑金,2025-01-23
U001517,周俊杰1517,男,36,河南省,南阳,普通,2023-10-14
U001518,吴欣然1518,女,22,浙江省,绍兴,普通,2025-08-23
U001519,徐子涵1519,女,26,山东省,烟台,黄金,2023-09-30
U001520,周思源1520,男,38,江苏省,南通,黄金,2025-06-02
U001521,孙梓萱1521,女,29,广东省,东莞,普通,2024-08-12
U001522,王一诺1522,女,31,山东省,济南,白银,2025-07-26
U001523,吴浩然1523,女,23,河南省,南阳,普通,2023-07-30
U001524,吴嘉诚1524,男,31,河南省,许昌,黄金,2024-02-03
U001525,吴梓萱1525,男,23,湖南省,岳阳,白银,2025-09-12
U001526,孙明轩1526,女,33,河南省,新乡,普通,2023-04-14
U001527,陈明轩1527,女,34,北京市,北京,铂金,2023-05-21
U001528,刘思源1528,女,51,北京市,北京,白银,2025-11-04
U001529,周欣然1529,女,30,浙江省,杭州,普通,2024-03-15
U001530,陈梓萱1530,男,29,河南省,新乡,普通,2023-03-09
U001531,周佳怡1531,女,53,湖北省,武汉,普通,2023-03-20
U001532,陈一诺1532,女,27,河南省,南阳,普通,2024-07-29
U001533,张一诺1533,男,34,山东省,青岛,白银,2025-01-09
U001534,徐嘉诚1534,男,35,广东省,珠海,铂金,2023-11-07
U001535,朱一诺1535,男,25,安徽省,芜湖,白银,2024-11-14
U001536,杨思源1536,男,34,四川省,德阳,白银,2023-10-20
U001537,朱俊杰1537,男,26,重庆市,重庆,黑金,2025-07-17
U001538,李佳怡1538,女,34,江苏省,南通,黑金,2024-08-15
U001539,李佳怡1539,男,32,河北省,保定,普通,2025-11-17
U001540,孙子涵1540,男,34,广东省,佛山,普通,2025-05-23
U001541,刘佳怡1541,女,37,浙江省,温州,普通,2024-04-30
U001542,刘诗涵1542,女,29,江苏省,常州,普通,2025-05-01
U001543,高嘉诚1543,女,47,陕西省,西安,普通,2025-08-07
U001544,李思源1544,男,42,河南省,南阳,铂金,2023-01-05
U001545,陈欣然1545,男,28,河南省,南阳,普通,2023-05-31
U001546,陈浩然1546,女,25,广东省,广州,黄金,2023-11-27
U001547,张雨桐1547,女,20,河南省,南阳,普通,2025-10-06
U001548,张嘉诚1548,女,48,陕西省,咸阳,普通,2024-04-13
U001549,徐俊杰1549,女,25,浙江省,嘉兴,黄金,2023-09-17
U001550,高思源1550,女,33,福建省,泉州,白银,2026-02-02
U001551,周雨桐1551,女,38,江苏省,无锡,普通,2023-04-04
U001552,徐子涵1552,女,64,上海市,上海,普通,2025-09-04
U001553,周浩然1553,男,26,浙江省,绍兴,普通,2023-10-17
U001554,陈梓萱1554,女,42,江苏省,苏州,白银,2024-01-10
U001555,胡嘉诚1555,男,32,湖北省,黄冈,普通,2023-01-15
U001556,吴子涵1556,女,33,湖南省,岳阳,普通,2026-03-17
U001557,周诗涵1557,女,28,四川省,宜宾,黄金,2024-06-26
U001558,刘诗涵1558,男,29,湖北省,襄阳,普通,2025-08-22
U001559,王浩然1559,男,27,江苏省,苏州,白银,2023-04-28
U001560,高俊杰1560,男,29,江苏省,常州,普通,2023-10-02
U001561,吴嘉诚1561,女,37,河南省,南阳,白银,2024-09-26
U001562,吴一诺1562,男,18,重庆市,重庆,普通,2024-07-10
U001563,赵浩然1563,女,29,江苏省,南通,白银,2023-04-24
U001564,黄嘉诚1564,男,45,浙江省,嘉兴,普通,2025-01-08
U001565,黄明轩1565,女,33,江苏省,苏州,普通,2025-07-03
U001566,黄嘉诚1566,男,23,重庆市,重庆,普通,2024-03-19
U001567,陈梓萱1567,女,16,湖南省,衡阳,普通,2023-06-14
U001568,孙俊杰1568,男,48,江苏省,无锡,普通,2023-11-29
U001569,李嘉诚1569,男,28,广东省,佛山,普通,2023-05-27
U001570,李雨桐1570,男,29,江苏省,南通,白银,2024-09-07
U001571,孙一诺1571,女,27,广东省,珠海,普通,2025-09-09
U001572,黄思源1572,男,29,河南省,许昌,普通,2024-07-31
U001573,周雨桐1573,女,39,江苏省,苏州,普通,2025-05-24
U001574,孙俊杰1574,男,50,浙江省,嘉兴,普通,2023-12-28
U001575,高子涵1575,男,24,山东省,济南,铂金,2024-09-28
U001576,张诗涵1576,女,45,湖南省,长沙,黄金,2023-03-16
U001577,朱俊杰1577,女,45,山东省,济南,普通,2024-08-09
U001578,赵欣然1578,女,16,北京市,北京,白银,2025-12-07
U001579,李子涵1579,男,24,浙江省,杭州,黄金,2024-03-21
U001580,杨佳怡1580,男,31,山东省,济南,普通,2024-08-31
U001581,朱佳怡1581,女,29,北京市,北京,普通,2023-02-19
U001582,黄梓萱1582,男,49,山东省,济南,白银,2023-09-11
U001583,周一诺1583,女,28,河北省,唐山,普通,2025-11-07
U001584,王欣然1584,女,28,北京市,北京,普通,2023-01-20
U001585,黄梓萱1585,女,42,湖南省,岳阳,黄金,2024-07-07
U001586,张佳怡1586,女,41,浙江省,杭州,黑金,2025-12-04
U001587,高嘉诚1587,女,22,四川省,成都,黄金,2025-06-16
U001588,李雨桐1588,女,32,重庆市,重庆,白银,2024-05-27
U001589,王欣然1589,女,35,安徽省,安庆,普通,2024-07-29
U001590,徐诗涵1590,男,33,湖北省,宜昌,普通,2023-07-29
U001591,张欣然1591,男,39,广东省,广州,普通,2023-12-27
U001592,高浩然1592,女,34,浙江省,绍兴,普通,2026-02-05
U001593,李嘉诚1593,女,27,四川省,成都,白银,2024-09-17
U001594,黄明轩1594,男,23,湖北省,黄冈,普通,2024-10-29
U001595,胡子涵1595,男,43,四川省,成都,普通,2024-01-07
U001596,赵欣然1596,女,16,山东省,济南,普通,2025-02-12
U001597,李浩然1597,男,33,广东省,广州,白银,2024-02-16
U001598,杨梓萱1598,女,32,广东省,东莞,普通,2026-06-15
U001599,黄一诺1599,女,33,广东省,广州,黑金,2026-04-01
U001600,赵诗涵1600,男,24,四川省,南充,普通,2026-04-06
U001601,朱嘉诚1601,男,29,福建省,莆田,白银,2025-06-15
U001602,黄诗涵1602,男,29,湖南省,长沙,白银,2024-06-19
U001603,孙明轩1603,男,29,浙江省,温州,普通,2023-06-26
U001604,张诗涵1604,女,23,河北省,石家庄,普通,2024-07-01
U001605,张嘉诚1605,女,30,上海市,上海,普通,2025-04-04
U001606,朱佳怡1606,男,34,北京市,北京,普通,2023-07-02
U001607,黄诗涵1607,女,41,广东省,广州,铂金,2023-12-23
U001608,胡雨桐1608,女,25,河南省,洛阳,白银,2023-09-18
U001609,吴浩然1609,女,29,四川省,南充,普通,2023-11-21
U001610,周欣然1610,女,16,广东省,珠海,白银,2025-09-11
U001611,徐浩然1611,男,23,广东省,珠海,普通,2025-09-24
U001612,杨子涵1612,女,40,广东省,佛山,普通,2023-04-07
U001613,孙子涵1613,女,37,江苏省,南京,黄金,2025-08-01
U001614,孙浩然1614,男,16,河南省,郑州,白银,2023-05-21
U001615,赵明轩1615,男,32,四川省,成都,普通,2024-10-10
U001616,徐思源1616,男,38,陕西省,宝鸡,普通,2023-01-08
U001617,刘佳怡1617,男,35,广东省,东莞,黄金,2023-10-23
U001618,吴欣然1618,女,27,广东省,广州,普通,2025-07-09
U001619,胡欣然1619,女,27,浙江省,杭州,黄金,2023-01-22
U001620,张子涵1620,男,18,北京市,北京,普通,2023-04-20
U001621,王浩然1621,男,28,广东省,深圳,黄金,2026-01-06
U001622,高诗涵1622,女,36,重庆市,重庆,普通,2024-10-06
U001623,周思源1623,男,23,江苏省,常州,铂金,2023-05-13
U001624,刘思源1624,女,38,江苏省,无锡,普通,2024-06-07
U001625,朱嘉诚1625,女,16,广东省,深圳,白银,2023-03-29
U001626,陈一诺1626,男,26,山东省,临沂,白银,2023-05-25
U001627,徐明轩1627,女,29,广东省,东莞,普通,2025-06-11
U001628,王一诺1628,男,19,广东省,广州,普通,2024-08-20
U001629,李明轩1629,女,31,山东省,烟台,黑金,2026-04-27
U001630,赵一诺1630,男,16,北京市,北京,黄金,2023-11-12
U001631,徐俊杰1631,女,36,湖南省,衡阳,普通,2024-07-25
U001632,胡子涵1632,女,16,湖北省,黄冈,普通,2023-12-26
U001633,赵俊杰1633,女,40,福建省,厦门,普通,2023-12-17
U001634,王一诺1634,女,30,湖北省,武汉,白银,2023-06-02
U001635,张浩然1635,男,29,河南省,郑州,普通,2023-05-24
U001636,周明轩1636,女,25,上海市,上海,铂金,2025-07-10
U001637,高欣然1637,男,34,福建省,泉州,白银,2025-05-12
U001638,徐明轩1638,女,40,河南省,南阳,普通,2023-08-18
U001639,胡思源1639,女,27,湖北省,荆州,白银,2026-04-23
U001640,赵嘉诚1640,女,17,四川省,南充,普通,2024-05-23
U001641,胡梓萱1641,男,45,安徽省,安庆,白银,2023-02-02
U001642,杨思源1642,男,36,重庆市,重庆,普通,2023-11-04
U001643,高梓萱1643,女,43,浙江省,温州,普通,2024-07-11
U001644,徐一诺1644,女,26,浙江省,宁波,黑金,2025-09-22
U001645,孙思源1645,女,24,浙江省,嘉兴,普通,2024-05-23
U001646,胡佳怡1646,男,35,安徽省,阜阳,普通,2024-11-05
U001647,周思源1647,男,31,安徽省,合肥,普通,2024-06-17
U001648,李诗涵1648,女,33,河北省,石家庄,普通,2024-06-30
U001649,高俊杰1649,女,34,湖南省,常德,白银,2023-08-03
U001650,赵浩然1650,女,29,广东省,东莞,白银,2023-10-20
U001651,刘嘉诚1651,男,36,山东省,潍坊,普通,2025-03-12
U001652,黄子涵1652,男,25,河南省,新乡,白银,2024-07-21
U001653,黄浩然1653,男,42,江苏省,常州,白银,2023-12-23
U001654,李俊杰1654,男,30,湖北省,黄冈,白银,2025-02-23
U001655,徐嘉诚1655,女,30,湖南省,岳阳,白银,2024-06-07
U001656,孙雨桐1656,男,16,河南省,许昌,普通,2024-05-31
U001657,高明轩1657,男,40,上海市,上海,普通,2025-05-21
U001658,吴欣然1658,男,37,陕西省,西安,铂金,2024-11-18
U001659,王子涵1659,女,34,山东省,潍坊,黄金,2024-01-16
U001660,张一诺1660,男,26,山东省,青岛,白银,2025-10-09
U001661,李明轩1661,男,27,广东省,珠海,普通,2025-08-10
U001662,高一诺1662,女,36,河南省,新乡,普通,2026-06-13
U001663,赵俊杰1663,男,24,江苏省,南京,白银,2024-09-11
U001664,刘梓萱1664,男,26,浙江省,宁波,普通,2025-09-21
U001665,李佳怡1665,男,23,江苏省,无锡,普通,2023-01-03
U001666,张嘉诚1666,男,37,四川省,德阳,黄金,2023-04-02
U001667,王梓萱1667,男,30,陕西省,西安,普通,2023-12-21
U001668,徐佳怡1668,女,32,福建省,漳州,普通,2024-10-14
U001669,杨雨桐1669,男,43,陕西省,渭南,白银,2025-03-21
U001670,陈子涵1670,女,30,四川省,南充,黄金,2024-09-25
U001671,张雨桐1671,女,25,江苏省,苏州,普通,2025-11-10
U001672,徐诗涵1672,男,18,湖南省,株洲,铂金,2024-04-23
U001673,吴一诺1673,女,23,广东省,深圳,普通,2023-03-09
U001674,黄梓萱1674,女,24,安徽省,安庆,普通,2025-03-20
U001675,高雨桐1675,女,34,四川省,成都,铂金,2024-07-22
U001676,孙佳怡1676,男,24,河南省,许昌,黄金,2026-04-13
U001677,杨明轩1677,女,33,安徽省,合肥,普通,2025-12-12
U001678,李明轩1678,女,44,浙江省,绍兴,普通,2023-10-16
U001679,杨子涵1679,女,39,福建省,泉州,白银,2025-09-27
U001680,李佳怡1680,男,25,浙江省,温州,黄金,2023-07-10
U001681,王浩然1681,男,16,广东省,佛山,白银,2023-03-28
U001682,陈明轩1682,男,36,河南省,新乡,黑金,2023-11-22
U001683,刘浩然1683,女,30,江苏省,南通,黄金,2024-03-13
U001684,刘欣然1684,女,38,山东省,潍坊,普通,2023-03-22
U001685,黄俊杰1685,女,45,广东省,珠海,白银,2024-07-06
U001686,张俊杰1686,男,32,广东省,深圳,普通,2024-02-03
U001687,高嘉诚1687,男,27,河北省,廊坊,黄金,2024-12-24
U001688,朱俊杰1688,男,36,江苏省,无锡,普通,2025-01-16
U001689,吴一诺1689,女,35,广东省,珠海,普通,2023-11-25
U001690,孙欣然1690,女,37,广东省,深圳,普通,2023-02-27
U001691,刘俊杰1691,男,46,山东省,临沂,黄金,2023-07-31
U001692,朱俊杰1692,女,39,湖南省,常德,普通,2024-03-05
U001693,杨雨桐1693,男,36,广东省,珠海,普通,2023-02-24
U001694,李浩然1694,男,35,北京市,北京,普通,2023-02-27
U001695,徐明轩1695,男,38,上海市,上海,白银,2025-09-10
U001696,胡明轩1696,男,29,江苏省,苏州,铂金,2023-11-09
U001697,赵佳怡1697,男,35,江苏省,南京,普通,2026-04-15
U001698,胡欣然1698,男,16,河南省,郑州,白银,2025-09-15
U001699,黄浩然1699,女,28,江苏省,南京,黄金,2024-01-11
U001700,李雨桐1700,男,26,上海市,上海,白银,2023-06-17
U001701,胡诗涵1701,男,26,河南省,许昌,黑金,2025-07-03
U001702,刘明轩1702,男,32,河北省,唐山,铂金,2025-09-06
U001703,胡浩然1703,男,33,山东省,青岛,黄金,2023-11-22
U001704,孙浩然1704,女,31,江苏省,南通,黄金,2024-08-07
U001705,胡梓萱1705,女,38,江苏省,南京,白银,2026-05-23
U001706,吴一诺1706,男,36,上海市,上海,白银,2024-06-20
U001707,黄子涵1707,男,22,广东省,广州,黄金,2026-03-08
U001708,周梓萱1708,女,49,山东省,烟台,普通,2023-03-23
U001709,李嘉诚1709,女,36,广东省,东莞,普通,2023-01-23
U001710,刘俊杰1710,女,22,四川省,德阳,普通,2026-06-18
U001711,王梓萱1711,男,41,广东省,深圳,普通,2025-08-01
U001712,孙诗涵1712,女,16,河南省,郑州,铂金,2024-11-25
U001713,张明轩1713,男,31,浙江省,嘉兴,普通,2025-05-26
U001714,王雨桐1714,女,40,上海市,上海,普通,2026-02-22
U001715,吴思源1715,男,25,陕西省,咸阳,普通,2024-03-29
U001716,朱佳怡1716,男,22,浙江省,嘉兴,普通,2023-07-18
U001717,高明轩1717,女,45,重庆市,重庆,普通,2023-09-09
U001718,吴嘉诚1718,男,34,北京市,北京,白银,2024-11-13
U001719,李俊杰1719,女,25,安徽省,阜阳,普通,2025-09-14
U001720,高俊杰1720,女,33,山东省,烟台,普通,2024-03-17
U001721,黄浩然1721,女,44,湖北省,武汉,普通,2025-01-29
U001722,黄思源1722,男,27,湖北省,黄冈,普通,2023-12-05
U001723,徐诗涵1723,男,43,广东省,东莞,黄金,2025-08-28
U001724,陈诗涵1724,男,42,河南省,南阳,白银,2023-09-07
U001725,徐嘉诚1725,男,41,浙江省,宁波,普通,2025-03-09
U001726,胡诗涵1726,女,37,北京市,北京,白银,2025-08-02
U001727,张雨桐1727,男,26,广东省,珠海,普通,2025-01-22
U001728,杨诗涵1728,男,28,湖南省,长沙,黄金,2024-08-29
U001729,徐思源1729,男,43,山东省,临沂,普通,2024-12-17
U001730,王佳怡1730,男,18,广东省,深圳,普通,2025-01-13
U001731,李欣然1731,女,32,浙江省,绍兴,白银,2023-04-22
U001732,李一诺1732,男,38,四川省,德阳,普通,2025-09-13
U001733,孙浩然1733,男,26,广东省,佛山,普通,2023-03-27
U001734,杨浩然1734,男,27,河南省,新乡,普通,2023-02-11
U001735,李诗涵1735,男,38,湖南省,长沙,普通,2024-07-08
U001736,李浩然1736,男,21,陕西省,西安,白银,2023-10-20
U001737,周诗涵1737,女,33,四川省,成都,普通,2025-07-29
U001738,高浩然1738,男,41,四川省,宜宾,黑金,2025-10-17
U001739,刘佳怡1739,男,25,河南省,郑州,普通,2024-08-23
U001740,王诗涵1740,女,26,湖南省,衡阳,黄金,2026-06-08
U001741,吴思源1741,男,29,广东省,佛山,白银,2023-02-01
U001742,王梓萱1742,男,36,河南省,许昌,白银,2025-11-11
U001743,朱梓萱1743,男,46,山东省,临沂,白银,2026-05-02
U001744,孙思源1744,男,24,浙江省,杭州,普通,2023-01-20
U001745,赵思源1745,女,24,河南省,洛阳,普通,2026-02-22
U001746,朱欣然1746,男,20,湖北省,荆州,普通,2025-04-26
U001747,杨雨桐1747,男,39,安徽省,合肥,普通,2025-12-01
U001748,王佳怡1748,女,16,浙江省,杭州,普通,2024-12-09
U001749,李浩然1749,女,47,重庆市,重庆,普通,2026-04-28
U001750,胡嘉诚1750,女,49,陕西省,宝鸡,白银,2023-02-26
U001751,陈思源1751,女,34,江苏省,无锡,普通,2025-12-02
U001752,黄嘉诚1752,女,34,河南省,许昌,白银,2026-05-19
U001753,李诗涵1753,女,36,山东省,临沂,普通,2024-06-11
U001754,李一诺1754,男,27,北京市,北京,普通,2025-12-26
U001755,吴明轩1755,男,34,河南省,许昌,普通,2024-08-26
U001756,陈欣然1756,男,17,北京市,北京,普通,2023-10-02
U001757,杨佳怡1757,男,24,河南省,南阳,普通,2025-03-25
U001758,陈雨桐1758,女,22,江苏省,无锡,黄金,2025-05-07
U001759,赵诗涵1759,女,25,浙江省,绍兴,黄金,2023-10-06
U001760,杨俊杰1760,男,31,福建省,厦门,普通,2025-02-20
U001761,胡诗涵1761,男,16,四川省,宜宾,普通,2025-02-17
U001762,李浩然1762,男,44,河北省,廊坊,普通,2025-06-14
U001763,吴俊杰1763,男,23,广东省,珠海,普通,2023-07-16
U001764,刘浩然1764,女,23,山东省,烟台,黄金,2024-11-04
U001765,刘佳怡1765,女,31,河南省,新乡,普通,2025-10-16
U001766,孙一诺1766,男,28,山东省,临沂,普通,2026-02-16
U001767,孙诗涵1767,女,33,湖北省,荆州,铂金,2024-10-25
U001768,朱思源1768,男,17,浙江省,嘉兴,白银,2023-05-30
U001769,徐欣然1769,男,40,广东省,广州,白银,2023-10-19
U001770,黄思源1770,男,17,广东省,深圳,黄金,2025-03-04
U001771,周俊杰1771,男,31,山东省,临沂,普通,2024-04-21
U001772,赵思源1772,女,34,湖北省,黄冈,白银,2024-07-26
U001773,孙明轩1773,男,28,重庆市,重庆,普通,2023-12-05
U001774,周一诺1774,男,21,浙江省,宁波,普通,2026-05-14
U001775,孙思源1775,男,33,山东省,青岛,普通,2024-12-09
U001776,杨子涵1776,女,45,河南省,洛阳,黄金,2024-07-05
U001777,胡欣然1777,男,32,江苏省,无锡,普通,2024-06-30
U001778,徐子涵1778,女,16,陕西省,西安,普通,2024-11-01
U001779,杨明轩1779,女,34,江苏省,苏州,普通,2023-09-10
U001780,徐佳怡1780,男,31,江苏省,常州,白银,2023-08-02
U001781,高浩然1781,男,41,广东省,东莞,黄金,2023-06-09
U001782,孙思源1782,男,26,山东省,潍坊,普通,2024-12-24
U001783,高思源1783,男,40,湖南省,衡阳,普通,2024-01-06
U001784,李子涵1784,女,27,浙江省,温州,普通,2024-05-20
U001785,张子涵1785,女,22,四川省,宜宾,白银,2025-02-17
U001786,孙嘉诚1786,男,24,湖南省,常德,普通,2025-08-27
U001787,赵明轩1787,女,41,四川省,德阳,普通,2023-12-06
U001788,朱思源1788,女,32,江苏省,苏州,白银,2024-10-10
U001789,高浩然1789,男,20,浙江省,杭州,普通,2023-11-06
U001790,朱梓萱1790,女,26,江苏省,南京,黄金,2023-10-01
U001791,胡雨桐1791,女,16,广东省,广州,白银,2026-01-21
U001792,胡明轩1792,男,33,山东省,青岛,黄金,2025-03-22
U001793,陈欣然1793,女,31,四川省,成都,黄金,2026-05-30
U001794,周子涵1794,女,20,浙江省,嘉兴,普通,2024-03-08
U001795,孙雨桐1795,男,43,湖北省,宜昌,黄金,2026-02-13
U001796,杨雨桐1796,男,32,福建省,泉州,白银,2026-01-01
U001797,高思源1797,女,32,北京市,北京,黄金,2025-12-30
U001798,李思源1798,男,40,湖北省,荆州,白银,2024-03-15
U001799,黄思源1799,女,33,江苏省,常州,黄金,2025-06-04
U001800,周浩然1800,男,39,陕西省,渭南,普通,2024-06-29
U001801,王思源1801,女,19,广东省,佛山,铂金,2023-08-09
U001802,杨雨桐1802,男,42,山东省,青岛,普通,2023-01-12
U001803,孙欣然1803,男,34,河南省,郑州,普通,2025-11-08
U001804,李浩然1804,男,41,河南省,新乡,白银,2024-09-21
U001805,黄雨桐1805,男,28,江苏省,无锡,普通,2024-02-23
U001806,李浩然1806,女,28,陕西省,渭南,普通,2023-06-25
U001807,王嘉诚1807,男,36,四川省,绵阳,普通,2023-03-02
U001808,赵俊杰1808,男,39,北京市,北京,普通,2023-01-23
U001809,张明轩1809,男,42,河北省,唐山,普通,2025-08-18
U001810,陈欣然1810,男,32,北京市,北京,普通,2025-11-30
U001811,张明轩1811,女,43,四川省,绵阳,普通,2026-01-16
U001812,杨明轩1812,女,34,湖北省,荆州,白银,2023-04-27
U001813,吴一诺1813,男,35,重庆市,重庆,白银,2025-09-22
U001814,刘梓萱1814,男,34,广东省,广州,普通,2024-11-15
U001815,胡子涵1815,女,40,北京市,北京,白银,2024-08-21
U001816,徐诗涵1816,男,16,山东省,潍坊,普通,2025-05-16
U001817,李俊杰1817,女,49,湖北省,武汉,普通,2024-10-13
U001818,刘明轩1818,女,42,上海市,上海,普通,2026-03-29
U001819,徐子涵1819,女,36,浙江省,温州,普通,2024-02-02
U001820,陈俊杰1820,男,36,湖南省,衡阳,普通,2025-06-03
U001821,杨诗涵1821,女,36,陕西省,渭南,普通,2024-08-25
U001822,张嘉诚1822,男,26,北京市,北京,普通,2026-04-23
U001823,徐诗涵1823,男,37,浙江省,温州,普通,2023-04-06
U001824,胡子涵1824,女,27,湖南省,衡阳,普通,2023-01-15
U001825,孙佳怡1825,女,29,江苏省,南通,黄金,2024-12-07
U001826,陈俊杰1826,女,45,上海市,上海,普通,2023-06-05
U001827,王一诺1827,男,30,湖北省,荆州,白银,2025-07-17
U001828,杨一诺1828,男,24,河南省,许昌,普通,2023-12-20
U001829,孙嘉诚1829,女,32,江苏省,无锡,普通,2023-09-04
U001830,高雨桐1830,男,28,山东省,临沂,普通,2025-12-10
U001831,李子涵1831,女,23,湖北省,黄冈,普通,2023-10-15
U001832,黄雨桐1832,女,34,江苏省,无锡,普通,2025-04-21
U001833,杨浩然1833,女,39,湖北省,黄冈,铂金,2024-11-16
U001834,刘子涵1834,女,34,重庆市,重庆,黄金,2026-01-21
U001835,黄嘉诚1835,男,51,湖北省,荆州,普通,2026-04-05
U001836,吴浩然1836,女,38,上海市,上海,黄金,2024-10-09
U001837,徐佳怡1837,女,25,浙江省,绍兴,普通,2025-02-28
U001838,周诗涵1838,女,44,福建省,福州,黄金,2023-07-30
U001839,胡浩然1839,女,27,浙江省,宁波,黄金,2024-02-01
U001840,陈俊杰1840,女,34,江苏省,无锡,普通,2025-09-22
U001841,吴佳怡1841,女,37,湖南省,常德,白银,2024-11-23
U001842,王雨桐1842,女,32,广东省,广州,白银,2023-12-29
U001843,李雨桐1843,男,30,浙江省,杭州,普通,2024-09-28
U001844,张俊杰1844,男,43,河南省,南阳,白银,2024-10-10
U001845,张梓萱1845,男,32,河南省,许昌,普通,2024-07-01
U001846,吴俊杰1846,女,26,山东省,潍坊,黄金,2026-02-07
U001847,王子涵1847,女,17,上海市,上海,普通,2024-12-02
U001848,赵子涵1848,女,35,浙江省,绍兴,铂金,2025-01-22
U001849,陈梓萱1849,女,25,山东省,烟台,普通,2024-06-19
U001850,孙雨桐1850,女,56,四川省,宜宾,普通,2024-07-06
U001851,黄诗涵1851,女,39,四川省,成都,普通,2023-06-20
U001852,高欣然1852,女,25,河北省,廊坊,黑金,2024-02-17
U001853,高雨桐1853,女,16,安徽省,阜阳,黄金,2025-02-15
U001854,赵诗涵1854,女,30,河北省,保定,普通,2024-04-07
U001855,陈浩然1855,女,33,上海市,上海,黄金,2024-02-26
U001856,胡明轩1856,女,37,北京市,北京,普通,2023-06-14
U001857,刘俊杰1857,女,26,湖南省,长沙,普通,2024-03-27
U001858,黄明轩1858,男,33,广东省,东莞,白银,2023-02-20
U001859,黄浩然1859,女,37,河南省,许昌,普通,2025-10-24
U001860,张浩然1860,男,40,江苏省,无锡,白银,2025-06-07
U001861,张子涵1861,女,27,北京市,北京,白银,2025-05-11
U001862,徐嘉诚1862,男,22,江苏省,南京,白银,2025-11-15
U001863,王梓萱1863,女,17,湖南省,岳阳,白银,2026-04-28
U001864,刘一诺1864,男,35,重庆市,重庆,普通,2024-02-02
U001865,徐浩然1865,女,25,河南省,新乡,白银,2026-05-21
U001866,张明轩1866,女,22,四川省,宜宾,黄金,2024-11-20
U001867,李雨桐1867,男,30,四川省,德阳,白银,2025-08-15
U001868,周一诺1868,男,42,河北省,廊坊,普通,2026-03-02
U001869,李嘉诚1869,女,39,河南省,洛阳,白银,2024-04-04
U001870,李诗涵1870,男,32,广东省,广州,普通,2024-06-19
U001871,周雨桐1871,女,30,江苏省,常州,白银,2025-02-08
U001872,杨思源1872,男,16,四川省,成都,铂金,2025-08-26
U001873,陈浩然1873,男,34,河北省,石家庄,黄金,2023-10-12
U001874,朱思源1874,男,23,湖南省,岳阳,白银,2024-06-19
U001875,李俊杰1875,女,27,安徽省,合肥,普通,2023-12-07
U001876,陈俊杰1876,男,16,上海市,上海,普通,2025-11-14
U001877,陈梓萱1877,女,53,湖北省,武汉,白银,2024-04-25
U001878,胡思源1878,女,34,广东省,广州,普通,2026-03-03
U001879,孙浩然1879,男,27,河北省,石家庄,普通,2024-01-01
U001880,赵明轩1880,男,22,河南省,新乡,白银,2023-04-04
U001881,周浩然1881,女,48,山东省,青岛,普通,2023-04-21
U001882,周思源1882,女,30,浙江省,嘉兴,黄金,2025-10-18
U001883,胡欣然1883,男,34,重庆市,重庆,普通,2023-05-21
U001884,陈欣然1884,女,18,湖北省,武汉,普通,2023-08-14
U001885,杨欣然1885,女,28,重庆市,重庆,白银,2024-09-09
U001886,黄子涵1886,男,16,广东省,珠海,白银,2026-04-30
U001887,王子涵1887,女,42,广东省,珠海,普通,2023-04-23
U001888,高欣然1888,男,31,福建省,漳州,白银,2024-09-01
U001889,高思源1889,女,36,河北省,石家庄,铂金,2025-02-10
U001890,赵诗涵1890,女,38,上海市,上海,白银,2025-05-28
U001891,徐欣然1891,男,24,湖北省,宜昌,普通,2024-08-03
U001892,陈浩然1892,女,19,广东省,深圳,普通,2025-09-05
U001893,赵梓萱1893,男,23,重庆市,重庆,黄金,2024-02-24
U001894,胡佳怡1894,女,28,江苏省,南通,白银,2026-03-16
U001895,李俊杰1895,女,26,浙江省,温州,白银,2025-04-20
U001896,杨梓萱1896,男,37,北京市,北京,普通,2026-05-13
U001897,赵明轩1897,女,28,安徽省,合肥,普通,2025-03-14
U001898,李嘉诚1898,男,26,山东省,临沂,普通,2024-07-14
U001899,胡思源1899,男,31,河北省,保定,黑金,2023-09-18
U001900,王欣然1900,女,31,湖南省,长沙,普通,2025-11-28
U001901,高子涵1901,男,49,江苏省,南京,白银,2023-11-16
U001902,李思源1902,女,26,北京市,北京,白银,2025-09-03
U001903,王梓萱1903,男,38,北京市,北京,黄金,2024-07-18
U001904,吴佳怡1904,女,30,广东省,广州,普通,2026-01-05
U001905,周俊杰1905,男,24,福建省,厦门,普通,2024-03-01
U001906,黄佳怡1906,男,36,浙江省,嘉兴,黄金,2025-05-10
U001907,高俊杰1907,男,43,河南省,新乡,白银,2024-09-20
U001908,周佳怡1908,女,40,浙江省,绍兴,白银,2023-08-25
U001909,周思源1909,男,16,浙江省,温州,黑金,2024-05-04
U001910,杨嘉诚1910,男,30,四川省,成都,普通,2026-06-15
U001911,徐佳怡1911,女,35,四川省,绵阳,普通,2023-12-07
U001912,黄雨桐1912,男,37,广东省,佛山,普通,2023-11-14
U001913,朱雨桐1913,女,21,湖南省,株洲,白银,2024-11-26
U001914,陈嘉诚1914,男,27,广东省,珠海,白银,2025-03-31
U001915,陈思源1915,男,30,浙江省,嘉兴,普通,2025-04-29
U001916,王子涵1916,女,18,北京市,北京,白银,2025-02-21
U001917,黄佳怡1917,女,30,江苏省,常州,白银,2025-08-23
U001918,朱一诺1918,男,33,上海市,上海,白银,2023-06-13
U001919,孙梓萱1919,男,42,陕西省,宝鸡,黄金,2024-02-27
U001920,王浩然1920,女,30,陕西省,宝鸡,黄金,2024-03-23
U001921,吴浩然1921,男,31,山东省,济南,普通,2023-08-18
U001922,周梓萱1922,男,41,广东省,珠海,普通,2025-05-02
U001923,刘子涵1923,女,33,上海市,上海,普通,2025-02-09
U001924,陈俊杰1924,男,32,四川省,成都,黄金,2024-06-09
U001925,胡诗涵1925,女,34,重庆市,重庆,黑金,2024-08-18
U001926,王子涵1926,女,36,浙江省,杭州,普通,2025-07-08
U001927,周佳怡1927,男,29,山东省,青岛,黄金,2023-10-11
U001928,朱子涵1928,男,31,湖南省,衡阳,普通,2023-10-02
U001929,杨佳怡1929,男,31,江苏省,南通,普通,2024-07-14
U001930,赵嘉诚1930,男,27,陕西省,咸阳,普通,2025-01-06
U001931,吴诗涵1931,男,16,浙江省,绍兴,普通,2025-10-10
U001932,陈诗涵1932,女,23,北京市,北京,普通,2025-12-06
U001933,高欣然1933,女,27,重庆市,重庆,普通,2023-08-09
U001934,周浩然1934,女,37,河南省,南阳,普通,2024-05-22
U001935,杨子涵1935,女,58,河南省,南阳,黄金,2025-01-18
U001936,刘诗涵1936,女,40,广东省,珠海,普通,2024-04-04
U001937,杨欣然1937,女,30,河北省,廊坊,白银,2025-10-23
U001938,李俊杰1938,女,39,河北省,保定,普通,2025-01-28
U001939,高嘉诚1939,女,30,浙江省,温州,普通,2025-04-30
U001940,高浩然1940,女,28,陕西省,宝鸡,黄金,2025-03-05
U001941,杨思源1941,男,40,山东省,临沂,普通,2025-11-27
U001942,吴子涵1942,男,27,浙江省,杭州,普通,2023-06-23
U001943,张俊杰1943,女,37,北京市,北京,白银,2025-12-04
U001944,刘明轩1944,男,19,上海市,上海,普通,2025-02-26
U001945,刘梓萱1945,女,34,福建省,厦门,黄金,2026-02-23
U001946,吴嘉诚1946,男,19,北京市,北京,白银,2024-03-06
U001947,王佳怡1947,男,30,山东省,潍坊,普通,2024-11-27
U001948,周佳怡1948,女,35,上海市,上海,白银,2024-06-29
U001949,陈子涵1949,女,25,福建省,漳州,白银,2026-01-01
U001950,王一诺1950,男,25,河北省,石家庄,白银,2026-04-13
U001951,刘思源1951,男,48,广东省,珠海,白银,2024-01-02
U001952,高梓萱1952,女,32,河南省,新乡,普通,2024-06-19
U001953,张子涵1953,女,40,福建省,莆田,铂金,2025-06-05
U001954,孙思源1954,女,23,河南省,郑州,普通,2025-04-29
U001955,李一诺1955,女,35,上海市,上海,黄金,2023-10-23
U001956,吴子涵1956,女,40,江苏省,无锡,黄金,2026-03-16
U001957,黄欣然1957,男,40,广东省,珠海,普通,2025-03-30
U001958,陈雨桐1958,男,19,河北省,石家庄,普通,2024-04-23
U001959,孙佳怡1959,男,45,湖北省,襄阳,普通,2026-01-01
U001960,王嘉诚1960,男,26,河北省,唐山,普通,2025-07-24
U001961,朱子涵1961,女,28,湖北省,荆州,普通,2025-03-04
U001962,杨诗涵1962,女,36,河南省,许昌,白银,2025-12-27
U001963,朱一诺1963,男,16,陕西省,渭南,普通,2025-03-27
U001964,杨诗涵1964,女,34,湖北省,武汉,白银,2024-02-19
U001965,吴梓萱1965,女,36,四川省,南充,普通,2023-02-25
U001966,刘诗涵1966,男,29,河北省,唐山,普通,2025-04-18
U001967,黄浩然1967,女,16,上海市,上海,普通,2023-07-29
U001968,张子涵1968,男,24,山东省,济南,普通,2025-04-01
U001969,李明轩1969,男,43,安徽省,合肥,普通,2023-08-21
U001970,李欣然1970,女,37,山东省,青岛,普通,2024-05-19
U001971,高一诺1971,男,34,广东省,珠海,黄金,2024-07-22
U001972,吴梓萱1972,女,29,江苏省,常州,普通,2023-07-21
U001973,李雨桐1973,女,50,江苏省,南通,黄金,2023-05-02
U001974,刘俊杰1974,女,26,北京市,北京,普通,2023-11-22
U001975,高欣然1975,女,26,四川省,南充,黄金,2026-03-19
U001976,徐佳怡1976,女,32,河南省,许昌,白银,2023-01-20
U001977,刘嘉诚1977,女,51,湖南省,岳阳,普通,2026-01-28
U001978,赵俊杰1978,男,29,上海市,上海,白银,2026-01-02
U001979,王浩然1979,女,18,重庆市,重庆,黄金,2025-01-10
U001980,陈子涵1980,女,40,北京市,北京,白银,2025-03-20
U001981,徐欣然1981,男,37,河南省,郑州,白银,2023-12-08
U001982,王诗涵1982,女,43,广东省,珠海,普通,2025-01-16
U001983,吴一诺1983,男,28,河北省,保定,普通,2024-08-30
U001984,赵雨桐1984,女,42,山东省,青岛,普通,2024-08-28
U001985,李雨桐1985,女,26,广东省,东莞,普通,2023-01-31
U001986,朱明轩1986,女,30,湖北省,襄阳,铂金,2023-06-06
U001987,张雨桐1987,男,36,浙江省,嘉兴,普通,2025-01-12
U001988,胡明轩1988,男,16,安徽省,安庆,普通,2023-05-03
U001989,赵子涵1989,女,36,河南省,新乡,普通,2025-05-06
U001990,周俊杰1990,男,27,湖北省,襄阳,普通,2023-02-07
U001991,赵一诺1991,女,46,江苏省,常州,普通,2025-04-02
U001992,陈嘉诚1992,男,35,福建省,漳州,黄金,2025-04-27
U001993,胡欣然1993,女,25,陕西省,渭南,普通,2024-09-13
U001994,周俊杰1994,女,22,河南省,新乡,白银,2023-07-12
U001995,李思源1995,男,29,上海市,上海,普通,2023-09-16
U001996,陈欣然1996,男,30,河南省,洛阳,普通,2025-02-10
U001997,朱明轩1997,女,26,四川省,德阳,黄金,2024-11-27
U001998,赵俊杰1998,男,26,上海市,上海,白银,2025-11-30
U001999,黄欣然1999,女,33,河南省,南阳,白银,2024-02-15
U002000,高雨桐2000,女,21,广东省,珠海,普通,2024-09-07
U002001,徐一诺2001,女,29,安徽省,安庆,普通,2024-09-25
U002002,李俊杰2002,女,32,山东省,青岛,黄金,2024-09-12
U002003,杨俊杰2003,男,16,广东省,东莞,普通,2023-06-05
U002004,徐雨桐2004,男,25,江苏省,南京,普通,2026-02-20
U002005,高佳怡2005,女,28,河南省,洛阳,普通,2025-02-27
U002006,周明轩2006,女,37,北京市,北京,普通,2023-02-01
U002007,胡雨桐2007,女,28,上海市,上海,普通,2025-06-25
U002008,李诗涵2008,女,42,广东省,广州,白银,2025-03-31
U002009,徐明轩2009,女,51,河南省,南阳,黄金,2024-07-24
U002010,胡诗涵2010,女,34,上海市,上海,黄金,2025-02-11
U002011,刘雨桐2011,男,16,河北省,保定,白银,2025-05-25
U002012,李浩然2012,男,21,江苏省,常州,黄金,2025-12-19
U002013,刘诗涵2013,女,22,河南省,洛阳,黄金,2024-06-15
U002014,朱俊杰2014,男,50,广东省,东莞,普通,2025-10-11
U002015,胡佳怡2015,男,19,广东省,广州,铂金,2026-03-27
U002016,杨欣然2016,女,26,福建省,莆田,白银,2023-02-19
U002017,高子涵2017,男,30,山东省,临沂,普通,2024-07-12
U002018,杨思源2018,男,30,河南省,新乡,铂金,2023-01-05
U002019,刘欣然2019,女,42,四川省,绵阳,普通,2024-10-03
U002020,黄思源2020,女,21,广东省,佛山,普通,2023-03-02
U002021,黄佳怡2021,男,38,山东省,烟台,普通,2024-09-14
U002022,周嘉诚2022,女,36,四川省,南充,黄金,2025-12-28
U002023,王梓萱2023,女,29,江苏省,常州,普通,2026-01-10
U002024,杨欣然2024,女,27,江苏省,常州,普通,2024-07-04
U002025,吴梓萱2025,女,34,山东省,青岛,白银,2026-01-02
U002026,朱诗涵2026,女,31,浙江省,杭州,铂金,2025-02-13
U002027,高诗涵2027,男,41,山东省,青岛,白银,2025-01-10
U002028,高欣然2028,女,31,湖南省,岳阳,白银,2023-12-25
U002029,王嘉诚2029,女,22,湖北省,黄冈,普通,2024-01-14
U002030,陈明轩2030,男,36,福建省,漳州,黄金,2024-05-31
U002031,胡俊杰2031,女,43,福建省,泉州,白银,2023-09-24
U002032,张子涵2032,女,29,重庆市,重庆,白银,2024-08-12
U002033,赵诗涵2033,男,23,陕西省,西安,铂金,2025-05-10
U002034,吴嘉诚2034,男,32,江苏省,常州,普通,2024-06-30
U002035,周雨桐2035,女,30,上海市,上海,普通,2024-07-20
U002036,孙嘉诚2036,女,17,江苏省,南通,白银,2024-08-21
U002037,赵诗涵2037,男,36,广东省,东莞,普通,2025-12-13
U002038,孙明轩2038,女,24,陕西省,渭南,普通,2026-04-16
U002039,王雨桐2039,女,22,湖南省,长沙,普通,2025-08-24
U002040,朱佳怡2040,女,23,浙江省,温州,黑金,2023-10-07
U002041,高嘉诚2041,男,38,广东省,广州,普通,2024-09-07
U002042,周嘉诚2042,男,29,陕西省,渭南,普通,2023-01-19
U002043,吴嘉诚2043,男,40,浙江省,嘉兴,白银,2023-07-21
U002044,李浩然2044,男,25,河南省,郑州,白银,2025-03-27
U002045,陈梓萱2045,女,38,山东省,烟台,普通,2026-03-07
U002046,胡子涵2046,男,16,江苏省,无锡,普通,2024-02-17
U002047,杨思源2047,男,29,浙江省,温州,黑金,2024-11-11
U002048,胡欣然2048,男,29,四川省,成都,白银,2024-03-07
U002049,杨子涵2049,女,34,福建省,厦门,白银,2026-02-20
U002050,赵佳怡2050,男,27,河北省,保定,普通,2023-09-03
U002051,王明轩2051,女,33,四川省,成都,普通,2026-06-12
U002052,徐梓萱2052,男,34,江苏省,无锡,普通,2026-05-10
U002053,黄梓萱2053,男,32,河南省,新乡,普通,2026-06-18
U002054,李浩然2054,男,25,湖北省,黄冈,黄金,2023-06-22
U002055,赵佳怡2055,女,25,广东省,珠海,普通,2024-07-10
U002056,朱雨桐2056,男,30,四川省,绵阳,普通,2023-02-18
U002057,杨诗涵2057,女,36,安徽省,安庆,普通,2024-11-15
U002058,刘思源2058,男,35,广东省,深圳,普通,2024-03-21
U002059,黄思源2059,女,33,北京市,北京,普通,2024-08-31
U002060,赵明轩2060,女,35,重庆市,重庆,普通,2025-03-15
U002061,孙明轩2061,男,46,浙江省,绍兴,普通,2026-02-14
U002062,黄思源2062,女,27,福建省,泉州,白银,2024-12-23
U002063,高俊杰2063,男,39,上海市,上海,白银,2023-10-04
U002064,高明轩2064,男,39,四川省,宜宾,黄金,2026-03-07
U002065,孙浩然2065,男,24,河北省,石家庄,普通,2025-10-21
U002066,周梓萱2066,男,34,四川省,宜宾,普通,2024-12-22
U002067,陈雨桐2067,男,16,河南省,郑州,白银,2024-08-03
U002068,李梓萱2068,女,52,四川省,宜宾,白银,2023-05-12
U002069,高浩然2069,男,35,河南省,新乡,普通,2025-08-20
U002070,孙嘉诚2070,男,39,湖南省,常德,黄金,2025-10-03
U002071,刘诗涵2071,女,50,广东省,东莞,白银,2024-02-12
U002072,徐佳怡2072,男,31,广东省,广州,普通,2025-10-05
U002073,周雨桐2073,女,34,四川省,绵阳,普通,2023-01-08
U002074,王雨桐2074,男,30,山东省,临沂,普通,2023-01-28
U002075,徐子涵2075,女,23,湖南省,株洲,铂金,2023-01-11
U002076,刘欣然2076,女,25,四川省,德阳,普通,2024-01-18
U002077,赵梓萱2077,男,16,河南省,南阳,普通,2024-11-16
U002078,孙明轩2078,女,35,广东省,珠海,白银,2024-12-29
U002079,高嘉诚2079,女,28,北京市,北京,白银,2023-06-20
U002080,陈欣然2080,男,43,湖北省,襄阳,普通,2026-06-03
U002081,杨佳怡2081,女,21,安徽省,合肥,普通,2024-05-02
U002082,孙思源2082,女,24,四川省,德阳,黄金,2023-04-03
U002083,朱欣然2083,男,21,湖北省,黄冈,普通,2025-06-09
U002084,朱一诺2084,女,33,浙江省,杭州,普通,2024-10-25
U002085,胡明轩2085,男,34,陕西省,咸阳,普通,2024-09-22
U002086,陈佳怡2086,女,27,湖南省,岳阳,黄金,2024-06-04
U002087,刘一诺2087,男,31,浙江省,嘉兴,普通,2024-04-01
U002088,黄诗涵2088,男,30,福建省,莆田,普通,2025-12-30
U002089,胡浩然2089,男,30,河南省,许昌,白银,2025-05-15
U002090,杨诗涵2090,女,31,福建省,福州,黄金,2025-03-06
U002091,张思源2091,女,22,河北省,保定,黑金,2026-05-02
U002092,王梓萱2092,女,22,福建省,厦门,铂金,2024-02-19
U002093,张雨桐2093,女,39,广东省,东莞,黄金,2024-02-16
U002094,吴一诺2094,女,44,江苏省,南通,普通,2025-01-14
U002095,朱思源2095,男,40,陕西省,宝鸡,普通,2023-10-05
U002096,赵一诺2096,男,20,浙江省,宁波,普通,2026-01-20
U002097,胡梓萱2097,男,16,江苏省,无锡,普通,2024-07-03
U002098,刘子涵2098,男,30,广东省,东莞,普通,2024-09-13
U002099,周嘉诚2099,男,29,陕西省,宝鸡,普通,2024-01-22
U002100,吴雨桐2100,男,32,河南省,许昌,普通,2025-05-06
U002101,黄雨桐2101,女,19,江苏省,无锡,白银,2025-06-10
U002102,赵佳怡2102,女,45,陕西省,咸阳,白银,2023-11-29
U002103,陈嘉诚2103,女,34,安徽省,合肥,普通,2026-05-11
U002104,徐欣然2104,女,34,江苏省,常州,普通,2023-05-15
U002105,李明轩2105,男,20,浙江省,温州,普通,2023-06-26
U002106,胡嘉诚2106,女,36,浙江省,宁波,铂金,2024-04-03
U002107,赵子涵2107,女,35,江苏省,无锡,普通,2025-08-05
U002108,周诗涵2108,男,22,陕西省,渭南,铂金,2025-02-02
U002109,刘思源2109,男,39,四川省,绵阳,普通,2026-04-18
U002110,黄俊杰2110,男,28,福建省,莆田,普通,2025-06-09
U002111,陈雨桐2111,男,36,四川省,成都,普通,2026-02-05
U002112,胡浩然2112,女,34,重庆市,重庆,铂金,2025-03-18
U002113,朱诗涵2113,女,44,湖北省,襄阳,黄金,2024-12-21
U002114,周一诺2114,男,31,河南省,南阳,黄金,2023-12-06
U002115,赵诗涵2115,男,29,广东省,广州,白银,2023-03-17
U002116,吴浩然2116,男,37,河南省,洛阳,铂金,2024-02-24
U002117,胡欣然2117,女,41,广东省,广州,普通,2026-05-22
U002118,胡雨桐2118,女,34,浙江省,绍兴,普通,2023-04-13
U002119,朱雨桐2119,男,17,江苏省,苏州,白银,2023-09-30
U002120,杨浩然2120,女,21,湖南省,株洲,黄金,2024-07-29
U002121,朱俊杰2121,女,51,重庆市,重庆,普通,2025-09-05
U002122,陈诗涵2122,男,40,陕西省,咸阳,普通,2025-11-29
U002123,李梓萱2123,男,31,北京市,北京,普通,2025-03-03
U002124,张子涵2124,女,26,湖北省,宜昌,白银,2023-03-02
U002125,刘思源2125,男,27,江苏省,无锡,普通,2026-04-13
U002126,杨浩然2126,女,27,河南省,郑州,普通,2025-05-19
U002127,赵子涵2127,女,37,山东省,临沂,普通,2024-01-14
U002128,周俊杰2128,女,18,陕西省,宝鸡,普通,2025-02-20
U002129,杨子涵2129,女,35,广东省,深圳,普通,2024-05-14
U002130,吴雨桐2130,女,23,四川省,德阳,普通,2023-05-09
U002131,胡思源2131,男,20,湖南省,岳阳,黄金,2024-04-26
U002132,王欣然2132,女,16,陕西省,咸阳,普通,2024-12-04
U002133,孙欣然2133,男,41,河北省,石家庄,普通,2023-09-20
U002134,刘浩然2134,女,35,湖南省,株洲,普通,2023-07-27
U002135,王欣然2135,女,38,广东省,东莞,黄金,2024-06-06
U002136,朱雨桐2136,女,21,浙江省,嘉兴,普通,2024-03-20
U002137,杨嘉诚2137,男,38,山东省,济南,普通,2026-06-05
U002138,高梓萱2138,女,32,广东省,广州,普通,2023-03-15
U002139,黄子涵2139,男,32,河北省,廊坊,黑金,2024-06-23
U002140,孙佳怡2140,女,23,重庆市,重庆,普通,2026-03-07
U002141,陈明轩2141,男,46,湖南省,株洲,普通,2025-03-01
U002142,周子涵2142,女,26,河南省,新乡,普通,2025-02-21
U002143,张浩然2143,女,38,福建省,福州,白银,2025-01-30
U002144,孙雨桐2144,女,39,上海市,上海,黄金,2024-07-02
U002145,杨浩然2145,女,39,湖南省,常德,白银,2025-12-19
U002146,胡明轩2146,女,32,广东省,佛山,铂金,2023-06-10
U002147,胡佳怡2147,女,27,北京市,北京,普通,2023-08-19
U002148,胡浩然2148,女,44,浙江省,宁波,普通,2024-10-17
U002149,杨梓萱2149,女,21,河南省,新乡,铂金,2025-09-11
U002150,吴明轩2150,男,18,广东省,东莞,白银,2024-08-31
U002151,赵欣然2151,男,32,陕西省,渭南,普通,2025-03-03
U002152,胡明轩2152,女,34,山东省,济南,普通,2026-05-05
U002153,张欣然2153,女,41,河南省,郑州,白银,2023-03-16
U002154,陈俊杰2154,男,34,湖南省,衡阳,普通,2026-05-27
U002155,周一诺2155,男,22,广东省,佛山,白银,2026-04-01
U002156,刘子涵2156,男,23,广东省,佛山,普通,2023-04-17
U002157,高俊杰2157,女,29,江苏省,苏州,黄金,2026-05-20
U002158,黄子涵2158,男,39,湖北省,宜昌,普通,2025-07-11
U002159,李嘉诚2159,男,22,江苏省,南京,黄金,2024-06-29
U002160,吴思源2160,男,32,上海市,上海,普通,2025-08-16
U002161,高明轩2161,男,31,山东省,烟台,普通,2026-03-11
U002162,杨俊杰2162,女,29,山东省,潍坊,黄金,2025-09-16
U002163,徐俊杰2163,男,31,重庆市,重庆,普通,2025-06-21
U002164,杨明轩2164,女,35,河南省,新乡,普通,2024-06-10
U002165,高思源2165,男,29,重庆市,重庆,普通,2023-08-08
U002166,胡诗涵2166,男,29,湖南省,株洲,普通,2023-08-12
U002167,高佳怡2167,女,33,湖南省,长沙,普通,2026-04-02
U002168,黄明轩2168,男,29,北京市,北京,白银,2023-04-14
U002169,张一诺2169,男,30,浙江省,嘉兴,黄金,2023-12-04
U002170,徐嘉诚2170,男,25,浙江省,绍兴,黄金,2024-11-30
U002171,吴欣然2171,女,34,山东省,临沂,铂金,2023-05-27
U002172,徐俊杰2172,男,16,陕西省,渭南,黄金,2023-12-13
U002173,李浩然2173,男,30,山东省,临沂,普通,2025-08-31
U002174,刘佳怡2174,男,31,河南省,新乡,普通,2026-04-21
U002175,刘嘉诚2175,男,29,湖南省,岳阳,白银,2025-04-02
U002176,王佳怡2176,男,37,山东省,青岛,白银,2025-12-07
U002177,朱一诺2177,女,39,湖北省,武汉,普通,2023-09-27
U002178,徐梓萱2178,男,40,江苏省,苏州,普通,2025-07-18
U002179,徐思源2179,男,43,山东省,烟台,白银,2023-02-03
U002180,杨子涵2180,女,43,广东省,深圳,普通,2023-08-20
U002181,徐俊杰2181,男,16,四川省,绵阳,白银,2025-01-27
U002182,徐嘉诚2182,女,23,湖北省,武汉,普通,2025-05-07
U002183,胡佳怡2183,男,37,河南省,南阳,普通,2024-11-24
U002184,杨佳怡2184,男,24,广东省,东莞,普通,2023-06-11
U002185,陈雨桐2185,男,37,四川省,德阳,普通,2024-08-07
U002186,徐浩然2186,女,32,湖北省,襄阳,普通,2023-03-17
U002187,孙嘉诚2187,男,39,陕西省,西安,白银,2025-11-18
U002188,李思源2188,男,35,江苏省,常州,普通,2023-05-20
U002189,张子涵2189,女,21,湖北省,黄冈,白银,2023-06-24
U002190,张雨桐2190,女,35,上海市,上海,黄金,2024-06-18
U002191,王诗涵2191,男,37,湖南省,长沙,普通,2023-10-31
U002192,孙思源2192,女,24,河南省,新乡,普通,2025-02-12
U002193,徐欣然2193,男,27,广东省,东莞,普通,2023-06-30
U002194,孙一诺2194,女,36,浙江省,嘉兴,普通,2023-03-07
U002195,赵欣然2195,男,30,上海市,上海,普通,2026-05-26
U002196,李一诺2196,女,45,江苏省,无锡,黄金,2023-08-20
U002197,胡思源2197,女,42,四川省,绵阳,普通,2023-01-19
U002198,吴诗涵2198,男,34,江苏省,苏州,铂金,2024-07-09
U002199,陈欣然2199,男,28,浙江省,宁波,普通,2023-07-22
U002200,李佳怡2200,女,30,重庆市,重庆,普通,2024-05-31
U002201,陈思源2201,男,16,河南省,新乡,白银,2024-03-18
U002202,赵诗涵2202,女,22,广东省,珠海,普通,2023-09-08
U002203,陈子涵2203,男,16,河北省,石家庄,白银,2023-05-13
U002204,赵思源2204,男,32,江苏省,常州,普通,2026-02-22
U002205,高欣然2205,男,40,陕西省,渭南,普通,2025-03-20
U002206,李浩然2206,男,31,河北省,石家庄,普通,2026-06-05
U002207,黄欣然2207,女,28,北京市,北京,普通,2024-10-18
U002208,徐俊杰2208,男,28,上海市,上海,普通,2023-12-11
U002209,孙梓萱2209,女,30,江苏省,南通,黄金,2023-07-24
U002210,王明轩2210,女,22,广东省,深圳,白银,2023-04-20
U002211,吴思源2211,女,28,河南省,许昌,普通,2025-03-11
U002212,徐思源2212,女,27,山东省,烟台,黄金,2024-03-30
U002213,杨欣然2213,男,28,浙江省,绍兴,白银,2025-12-12
U002214,陈梓萱2214,男,20,湖北省,襄阳,普通,2024-11-01
U002215,胡佳怡2215,男,31,广东省,珠海,普通,2025-05-15
U002216,孙子涵2216,女,16,重庆市,重庆,普通,2024-07-11
U002217,陈欣然2217,男,17,福建省,莆田,普通,2024-06-04
U002218,黄子涵2218,女,39,广东省,东莞,黄金,2025-12-07
U002219,高嘉诚2219,女,51,江苏省,无锡,普通,2023-12-31
U002220,杨思源2220,男,50,山东省,青岛,普通,2026-05-24
U002221,孙佳怡2221,男,21,湖北省,武汉,普通,2026-02-01
U002222,杨诗涵2222,女,32,浙江省,宁波,白银,2026-02-28
U002223,周浩然2223,女,39,山东省,临沂,普通,2023-05-29
U002224,王雨桐2224,男,29,安徽省,阜阳,普通,2024-08-20
U002225,黄俊杰2225,女,28,山东省,临沂,普通,2023-06-27
U002226,陈俊杰2226,女,36,广东省,深圳,黑金,2024-05-16
U002227,徐俊杰2227,男,33,江苏省,苏州,白银,2025-08-05
U002228,刘浩然2228,女,32,安徽省,阜阳,黄金,2026-01-18
U002229,李梓萱2229,女,27,陕西省,渭南,白银,2024-11-27
U002230,李浩然2230,男,41,浙江省,宁波,普通,2025-09-04
U002231,徐思源2231,男,26,湖南省,常德,白银,2026-04-15
U002232,周一诺2232,女,39,浙江省,温州,普通,2025-10-26
U002233,赵浩然2233,男,35,浙江省,嘉兴,铂金,2024-02-14
U002234,胡思源2234,男,24,陕西省,咸阳,黑金,2024-02-23
U002235,徐佳怡2235,女,25,广东省,珠海,普通,2023-04-16
U002236,朱子涵2236,女,29,江苏省,苏州,普通,2025-03-13
U002237,杨佳怡2237,女,45,湖南省,衡阳,普通,2024-05-28
U002238,李俊杰2238,女,26,上海市,上海,普通,2024-05-16
U002239,朱俊杰2239,男,19,福建省,福州,黄金,2023-03-21
U002240,徐雨桐2240,女,28,河南省,南阳,铂金,2024-07-01
U002241,黄一诺2241,女,32,江苏省,苏州,白银,2025-01-18
U002242,李欣然2242,男,32,山东省,潍坊,黄金,2026-01-20
U002243,朱浩然2243,女,33,北京市,北京,白银,2026-04-01
U002244,徐嘉诚2244,男,17,重庆市,重庆,白银,2024-09-02
U002245,朱明轩2245,男,43,广东省,珠海,普通,2023-05-03
U002246,孙佳怡2246,女,26,四川省,绵阳,普通,2023-08-24
U002247,王子涵2247,女,43,浙江省,绍兴,普通,2025-02-21
U002248,周诗涵2248,男,17,重庆市,重庆,白银,2024-05-06
U002249,周俊杰2249,男,38,江苏省,无锡,铂金,2023-08-04
U002250,孙浩然2250,女,34,江苏省,南京,普通,2026-04-04
U002251,吴明轩2251,女,43,广东省,东莞,普通,2024-08-05
U002252,赵梓萱2252,男,16,福建省,莆田,黄金,2024-03-10
U002253,周浩然2253,男,34,福建省,厦门,普通,2025-09-22
U002254,杨梓萱2254,女,25,广东省,广州,普通,2024-12-01
U002255,王思源2255,男,39,湖北省,武汉,普通,2024-09-29
U002256,朱浩然2256,男,42,山东省,青岛,普通,2024-01-29
U002257,吴思源2257,男,45,安徽省,阜阳,普通,2024-03-30
U002258,朱明轩2258,女,48,广东省,珠海,普通,2025-12-07
U002259,刘雨桐2259,男,36,上海市,上海,黄金,2025-03-25
U002260,徐俊杰2260,女,40,河北省,保定,铂金,2024-02-14
U002261,吴雨桐2261,女,30,湖北省,武汉,白银,2025-11-04
U002262,朱思源2262,女,33,江苏省,无锡,普通,2023-10-31
U002263,黄雨桐2263,男,26,山东省,青岛,黄金,2023-05-14
U002264,黄俊杰2264,女,43,陕西省,宝鸡,普通,2023-04-25
U002265,陈佳怡2265,男,16,上海市,上海,铂金,2023-10-13
U002266,黄子涵2266,男,31,江苏省,常州,铂金,2025-09-02
U002267,刘欣然2267,女,38,广东省,东莞,普通,2023-01-14
U002268,胡俊杰2268,女,30,江苏省,南京,黑金,2023-09-07
U002269,刘一诺2269,男,32,重庆市,重庆,白银,2026-02-23
U002270,高梓萱2270,女,24,广东省,深圳,黄金,2024-09-23
U002271,李俊杰2271,男,32,河南省,许昌,黑金,2024-01-20
U002272,周佳怡2272,男,18,湖北省,宜昌,普通,2025-10-28
U002273,王佳怡2273,女,22,浙江省,杭州,铂金,2023-02-25
U002274,张子涵2274,男,26,江苏省,常州,白银,2025-02-17
U002275,朱梓萱2275,女,35,广东省,佛山,白银,2025-05-28
U002276,陈欣然2276,女,36,福建省,泉州,白银,2026-03-08
U002277,胡欣然2277,女,25,山东省,临沂,普通,2024-03-04
U002278,陈思源2278,男,39,广东省,深圳,白银,2024-02-28
U002279,赵雨桐2279,男,29,江苏省,无锡,白银,2025-11-08
U002280,王诗涵2280,女,34,浙江省,嘉兴,白银,2023-12-09
U002281,周梓萱2281,男,22,重庆市,重庆,黄金,2026-03-23
U002282,高思源2282,女,27,江苏省,南京,铂金,2025-03-06
U002283,朱梓萱2283,男,18,陕西省,西安,普通,2023-08-04
U002284,黄欣然2284,女,34,四川省,德阳,白银,2026-05-21
U002285,张欣然2285,男,19,湖南省,衡阳,白银,2024-08-07
U002286,李佳怡2286,男,39,广东省,深圳,黄金,2024-06-24
U002287,李浩然2287,男,30,湖南省,长沙,普通,2023-12-09
U002288,陈明轩2288,女,27,北京市,北京,黄金,2024-01-09
U002289,李一诺2289,女,24,四川省,成都,普通,2024-08-22
U002290,胡思源2290,男,23,山东省,潍坊,普通,2024-11-28
U002291,朱子涵2291,男,40,安徽省,合肥,白银,2024-07-23
U002292,胡明轩2292,女,27,湖北省,襄阳,普通,2026-02-15
U002293,高一诺2293,男,37,安徽省,合肥,普通,2023-09-19
U002294,刘佳怡2294,男,25,上海市,上海,普通,2026-01-23
U002295,赵一诺2295,女,41,上海市,上海,白银,2026-06-21
U002296,赵一诺2296,女,32,陕西省,西安,白银,2024-08-25
U002297,陈雨桐2297,女,29,广东省,佛山,普通,2024-04-10
U002298,朱梓萱2298,女,41,广东省,东莞,普通,2025-02-04
U002299,王明轩2299,男,21,广东省,东莞,铂金,2025-06-30
U002300,高雨桐2300,女,16,陕西省,西安,白银,2025-01-29
U002301,王俊杰2301,男,34,山东省,济南,普通,2024-07-28
U002302,黄一诺2302,女,38,北京市,北京,普通,2024-04-10
U002303,徐雨桐2303,女,45,上海市,上海,普通,2023-11-01
U002304,张佳怡2304,女,36,湖北省,襄阳,白银,2023-10-26
U002305,杨雨桐2305,女,23,四川省,绵阳,白银,2025-09-09
U002306,李诗涵2306,女,16,浙江省,绍兴,普通,2024-01-28
U002307,刘雨桐2307,男,24,山东省,潍坊,普通,2025-03-05
U002308,胡一诺2308,男,25,河北省,唐山,白银,2025-11-15
U002309,孙子涵2309,男,19,江苏省,南通,白银,2024-11-17
U002310,李明轩2310,男,29,四川省,南充,白银,2024-04-12
U002311,胡欣然2311,女,16,上海市,上海,普通,2026-03-16
U002312,李雨桐2312,女,32,浙江省,嘉兴,铂金,2025-10-05
U002313,黄佳怡2313,男,22,山东省,济南,白银,2024-04-08
U002314,吴一诺2314,女,32,广东省,深圳,普通,2025-04-29
U002315,杨一诺2315,女,35,浙江省,绍兴,黑金,2023-03-01
U002316,胡明轩2316,女,31,广东省,佛山,普通,2025-03-05
U002317,徐欣然2317,男,24,安徽省,阜阳,普通,2023-06-15
U002318,杨佳怡2318,女,19,山东省,济南,普通,2025-10-09
U002319,孙嘉诚2319,男,26,河北省,保定,普通,2025-06-10
U002320,朱雨桐2320,女,26,四川省,南充,普通,2023-01-20
U002321,陈嘉诚2321,男,37,上海市,上海,白银,2026-02-25
U002322,徐明轩2322,女,35,河南省,新乡,普通,2023-02-22
U002323,黄欣然2323,女,33,山东省,临沂,普通,2023-07-23
U002324,杨嘉诚2324,女,16,广东省,深圳,普通,2023-08-30
U002325,王雨桐2325,女,36,湖北省,荆州,白银,2026-06-18
U002326,杨梓萱2326,男,39,浙江省,温州,铂金,2025-03-06
U002327,徐雨桐2327,男,23,陕西省,西安,普通,2024-11-12
U002328,高浩然2328,女,31,四川省,南充,白银,2025-11-13
U002329,王浩然2329,女,39,重庆市,重庆,白银,2024-02-16
U002330,胡俊杰2330,女,46,山东省,临沂,黄金,2024-10-12
U002331,朱浩然2331,女,38,湖北省,黄冈,普通,2025-04-29
U002332,吴雨桐2332,男,26,浙江省,杭州,普通,2025-09-01
U002333,张明轩2333,女,19,山东省,青岛,普通,2023-03-12
U002334,高俊杰2334,男,37,江苏省,无锡,黄金,2025-10-21
U002335,周嘉诚2335,男,29,四川省,德阳,白银,2024-05-17
U002336,胡欣然2336,女,31,河南省,洛阳,普通,2023-01-12
U002337,徐佳怡2337,女,29,广东省,东莞,白银,2023-09-15
U002338,吴梓萱2338,女,27,江苏省,南通,普通,2023-05-21
U002339,杨子涵2339,女,16,浙江省,嘉兴,白银,2023-03-10
U002340,胡雨桐2340,男,24,陕西省,西安,黄金,2025-05-03
U002341,赵欣然2341,男,18,湖北省,武汉,白银,2024-10-25
U002342,朱欣然2342,男,23,安徽省,安庆,普通,2025-12-20
U002343,杨梓萱2343,男,28,四川省,德阳,普通,2025-09-26
U002344,徐欣然2344,女,25,湖北省,宜昌,普通,2023-11-22
U002345,周诗涵2345,女,31,四川省,德阳,普通,2025-05-03
U002346,黄一诺2346,女,28,广东省,佛山,白银,2026-01-23
U002347,高欣然2347,男,38,湖北省,黄冈,白银,2024-08-06
U002348,黄欣然2348,女,40,重庆市,重庆,铂金,2024-01-17
U002349,赵雨桐2349,男,40,河南省,新乡,白银,2025-02-27
U002350,杨欣然2350,男,34,江苏省,南通,白银,2023-12-03
U002351,陈浩然2351,男,49,广东省,深圳,黄金,2025-03-10
U002352,刘欣然2352,男,30,浙江省,嘉兴,白银,2026-06-22
U002353,赵一诺2353,男,32,浙江省,宁波,普通,2024-02-20
U002354,吴欣然2354,女,45,福建省,漳州,普通,2024-10-11
U002355,杨雨桐2355,女,21,广东省,珠海,白银,2026-01-13
U002356,周俊杰2356,女,18,安徽省,合肥,普通,2026-02-22
U002357,刘雨桐2357,女,19,北京市,北京,白银,2025-02-23
U002358,王明轩2358,男,35,广东省,珠海,普通,2024-08-22
U002359,胡嘉诚2359,男,27,四川省,绵阳,普通,2025-06-07
U002360,刘一诺2360,女,20,山东省,青岛,普通,2026-03-13
U002361,吴雨桐2361,男,22,湖南省,长沙,普通,2023-03-17
U002362,吴思源2362,女,37,浙江省,温州,铂金,2023-07-08
U002363,孙子涵2363,男,30,江苏省,无锡,普通,2026-05-18
U002364,赵诗涵2364,女,31,福建省,漳州,铂金,2023-10-22
U002365,张明轩2365,女,34,上海市,上海,黄金,2025-07-05
U002366,吴诗涵2366,男,30,安徽省,合肥,白银,2025-07-16
U002367,杨雨桐2367,女,37,河北省,唐山,白银,2026-04-06
U002368,赵明轩2368,男,22,重庆市,重庆,普通,2023-07-24
U002369,周雨桐2369,女,41,山东省,青岛,普通,2025-12-14
U002370,李浩然2370,女,35,陕西省,渭南,黄金,2024-06-02
U002371,杨诗涵2371,女,26,浙江省,绍兴,普通,2026-03-11
U002372,刘嘉诚2372,男,31,江苏省,苏州,黄金,2023-02-21
U002373,黄浩然2373,男,16,山东省,济南,普通,2023-01-09
U002374,陈俊杰2374,男,28,四川省,宜宾,普通,2023-11-19
U002375,赵诗涵2375,男,36,河南省,郑州,普通,2025-01-31
U002376,朱欣然2376,男,31,安徽省,安庆,黄金,2023-03-25
U002377,徐雨桐2377,女,29,浙江省,绍兴,普通,2024-06-26
U002378,高思源2378,男,29,四川省,南充,普通,2025-10-30
U002379,张佳怡2379,女,26,湖北省,宜昌,黄金,2024-04-26
U002380,高梓萱2380,男,24,四川省,德阳,白银,2024-10-12
U002381,周俊杰2381,女,35,江苏省,南通,普通,2024-07-21
U002382,徐欣然2382,男,25,福建省,福州,普通,2024-05-19
U002383,朱欣然2383,男,28,河南省,许昌,普通,2024-05-09
U002384,张明轩2384,女,43,浙江省,温州,普通,2024-09-06
U002385,徐思源2385,男,40,江苏省,无锡,铂金,2024-10-25
U002386,孙思源2386,男,30,四川省,成都,白银,2026-01-08
U002387,胡佳怡2387,男,40,湖南省,岳阳,普通,2025-02-06
U002388,孙诗涵2388,女,35,江苏省,常州,普通,2023-05-16
U002389,王浩然2389,女,16,四川省,宜宾,白银,2025-05-12
U002390,王浩然2390,女,33,浙江省,嘉兴,普通,2026-01-09
U002391,李思源2391,男,28,浙江省,宁波,普通,2023-08-19
U002392,刘欣然2392,女,35,湖北省,襄阳,黄金,2025-12-21
U002393,朱俊杰2393,男,31,河南省,南阳,普通,2024-12-07
U002394,周俊杰2394,男,39,广东省,珠海,普通,2024-09-28
U002395,张梓萱2395,女,36,湖北省,宜昌,铂金,2024-07-30
U002396,周梓萱2396,女,45,四川省,成都,普通,2023-08-28
U002397,高梓萱2397,男,47,广东省,深圳,普通,2023-10-27
U002398,吴梓萱2398,男,16,广东省,东莞,普通,2024-02-14
U002399,黄子涵2399,男,35,四川省,德阳,普通,2025-11-13
U002400,张诗涵2400,女,16,山东省,临沂,普通,2024-03-23
U002401,吴嘉诚2401,女,19,山东省,临沂,普通,2023-07-18
U002402,李明轩2402,女,29,江苏省,无锡,普通,2023-05-23
U002403,黄佳怡2403,男,47,浙江省,温州,普通,2024-04-12
U002404,朱明轩2404,女,48,山东省,济南,普通,2023-08-06
U002405,刘思源2405,女,17,广东省,珠海,黄金,2023-03-29
U002406,徐雨桐2406,男,23,河北省,保定,普通,2026-05-14
U002407,杨俊杰2407,女,33,河南省,新乡,白银,2023-05-16
U002408,张欣然2408,男,30,湖北省,武汉,白银,2025-02-01
U002409,赵思源2409,女,27,河南省,许昌,白银,2025-05-12
U002410,孙明轩2410,女,26,湖南省,常德,普通,2025-09-17
U002411,高一诺2411,女,16,河北省,石家庄,普通,2023-10-06
U002412,孙欣然2412,女,39,浙江省,绍兴,普通,2024-07-25
U002413,胡浩然2413,男,40,广东省,东莞,黄金,2023-09-12
U002414,刘欣然2414,男,22,浙江省,温州,普通,2025-02-26
U002415,李一诺2415,男,42,山东省,青岛,普通,2024-01-15
U002416,周思源2416,女,23,山东省,临沂,普通,2025-07-13
U002417,刘一诺2417,男,34,上海市,上海,铂金,2024-04-14
U002418,吴明轩2418,男,58,北京市,北京,普通,2025-11-05
U002419,张欣然2419,男,24,山东省,济南,黄金,2024-02-26
U002420,胡欣然2420,男,26,广东省,广州,普通,2024-06-07
U002421,李明轩2421,女,52,北京市,北京,普通,2023-08-20
U002422,胡佳怡2422,男,25,重庆市,重庆,白银,2024-06-15
U002423,杨一诺2423,女,38,广东省,东莞,白银,2024-12-29
U002424,刘俊杰2424,男,32,上海市,上海,普通,2024-07-26
U002425,陈梓萱2425,男,33,湖南省,株洲,普通,2023-11-24
U002426,黄佳怡2426,男,19,江苏省,无锡,普通,2023-07-05
U002427,李佳怡2427,女,48,广东省,广州,普通,2023-05-25
U002428,吴思源2428,女,36,广东省,深圳,白银,2023-08-13
U002429,李欣然2429,男,42,浙江省,宁波,黄金,2025-08-05
U002430,周诗涵2430,女,33,广东省,佛山,白银,2024-05-17
U002431,李一诺2431,女,32,河南省,洛阳,白银,2023-03-25
U002432,张欣然2432,女,27,山东省,烟台,普通,2025-07-11
U002433,吴浩然2433,男,36,山东省,潍坊,黄金,2025-04-02
U002434,朱一诺2434,女,44,广东省,佛山,普通,2023-11-16
U002435,陈雨桐2435,女,28,广东省,佛山,普通,2024-12-07
U002436,陈佳怡2436,男,43,浙江省,绍兴,普通,2024-09-17
U002437,孙欣然2437,女,35,陕西省,宝鸡,普通,2023-01-30
U002438,周嘉诚2438,男,41,湖南省,株洲,铂金,2024-03-10
U002439,朱雨桐2439,女,24,河北省,廊坊,白银,2024-03-08
U002440,陈俊杰2440,女,42,四川省,成都,普通,2024-04-01
U002441,胡俊杰2441,女,21,浙江省,杭州,普通,2023-09-03
U002442,杨一诺2442,男,28,上海市,上海,普通,2024-09-14
U002443,刘嘉诚2443,女,24,重庆市,重庆,白银,2023-03-14
U002444,陈子涵2444,男,19,广东省,珠海,普通,2026-06-16
U002445,陈明轩2445,女,30,山东省,青岛,普通,2023-09-09
U002446,张思源2446,男,30,河北省,唐山,白银,2023-12-15
U002447,吴浩然2447,女,40,广东省,东莞,普通,2026-02-21
U002448,王明轩2448,男,23,四川省,宜宾,白银,2024-02-18
U002449,吴欣然2449,女,33,上海市,上海,普通,2024-09-09
U002450,张思源2450,男,16,江苏省,南京,普通,2024-08-28
U002451,高欣然2451,男,27,湖南省,岳阳,普通,2025-01-19
U002452,赵子涵2452,女,35,广东省,广州,普通,2023-08-16
U002453,徐佳怡2453,女,26,广东省,佛山,普通,2024-04-07
U002454,赵思源2454,女,32,河北省,石家庄,普通,2026-06-15
U002455,黄雨桐2455,女,25,山东省,潍坊,普通,2026-05-20
U002456,黄俊杰2456,男,42,河南省,南阳,黄金,2024-03-15
U002457,徐欣然2457,女,36,山东省,济南,普通,2025-12-02
U002458,杨一诺2458,男,30,广东省,深圳,普通,2025-05-05
U002459,周欣然2459,女,24,四川省,宜宾,普通,2023-07-15
U002460,高子涵2460,男,21,重庆市,重庆,普通,2023-12-19
U002461,吴雨桐2461,女,31,广东省,东莞,白银,2025-02-04
U002462,胡佳怡2462,女,42,广东省,佛山,普通,2023-06-11
U002463,陈思源2463,男,34,上海市,上海,白银,2025-04-10
U002464,吴子涵2464,女,42,广东省,珠海,黄金,2025-06-10
U002465,周明轩2465,男,22,湖南省,岳阳,普通,2023-05-06
U002466,陈明轩2466,女,43,广东省,珠海,普通,2025-07-16
U002467,陈佳怡2467,男,41,江苏省,常州,白银,2025-12-09
U002468,吴明轩2468,女,19,四川省,绵阳,普通,2024-11-01
U002469,吴欣然2469,女,38,重庆市,重庆,白银,2024-02-17
U002470,刘诗涵2470,女,16,四川省,成都,黑金,2025-09-13
U002471,朱思源2471,男,33,浙江省,宁波,白银,2025-11-07
U002472,徐雨桐2472,男,27,福建省,莆田,白银,2023-11-23
U002473,黄佳怡2473,女,34,四川省,南充,普通,2023-06-29
U002474,高诗涵2474,男,25,浙江省,绍兴,黄金,2024-12-29
U002475,高嘉诚2475,女,31,湖南省,常德,普通,2026-03-13
U002476,吴明轩2476,男,21,河南省,南阳,普通,2023-12-19
U002477,李嘉诚2477,男,36,四川省,绵阳,普通,2026-04-03
U002478,赵欣然2478,女,34,山东省,济南,普通,2024-01-14
U002479,张子涵2479,男,19,浙江省,杭州,普通,2025-09-30
U002480,李欣然2480,女,39,四川省,德阳,铂金,2023-07-10
U002481,吴嘉诚2481,男,27,河北省,保定,普通,2025-09-05
U002482,徐子涵2482,男,25,江苏省,南京,白银,2024-02-02
U002483,陈浩然2483,女,33,四川省,绵阳,普通,2026-04-03
U002484,黄一诺2484,男,39,安徽省,芜湖,黄金,2023-06-05
U002485,杨俊杰2485,女,26,广东省,珠海,普通,2025-03-18
U002486,李梓萱2486,女,31,重庆市,重庆,普通,2023-04-19
U002487,张一诺2487,男,29,陕西省,咸阳,普通,2023-09-07
U002488,吴俊杰2488,女,20,河北省,唐山,普通,2025-05-04
U002489,李嘉诚2489,男,22,山东省,烟台,普通,2023-01-02
U002490,陈雨桐2490,男,21,湖南省,长沙,普通,2026-06-02
U002491,赵明轩2491,男,32,湖北省,黄冈,普通,2023-04-04
U002492,吴思源2492,男,35,浙江省,嘉兴,普通,2025-08-24
U002493,吴梓萱2493,男,34,陕西省,咸阳,普通,2023-01-30
U002494,胡欣然2494,女,42,河南省,许昌,白银,2024-05-16
U002495,徐子涵2495,女,22,四川省,南充,铂金,2023-08-15
U002496,徐明轩2496,女,26,湖北省,荆州,普通,2023-08-23
U002497,胡欣然2497,男,25,江苏省,南通,普通,2024-02-15
U002498,杨浩然2498,男,16,上海市,上海,白银,2026-01-04
U002499,王子涵2499,男,35,安徽省,阜阳,普通,2024-10-27
U002500,周嘉诚2500,女,21,四川省,绵阳,普通,2024-08-27
U002501,杨诗涵2501,男,39,河南省,许昌,黑金,2026-01-08
U002502,陈雨桐2502,男,34,浙江省,温州,普通,2024-04-03
U002503,李嘉诚2503,女,31,北京市,北京,铂金,2024-09-23
U002504,陈欣然2504,男,25,上海市,上海,铂金,2024-06-17
U002505,张梓萱2505,女,22,上海市,上海,黄金,2024-11-21
U002506,陈佳怡2506,女,26,陕西省,宝鸡,普通,2024-01-29
U002507,朱浩然2507,男,38,河南省,新乡,黄金,2025-06-27
U002508,胡诗涵2508,男,41,河南省,南阳,白银,2026-05-23
U002509,陈雨桐2509,男,29,江苏省,苏州,黄金,2024-01-24
U002510,李子涵2510,女,49,江苏省,无锡,白银,2024-10-22
U002511,徐诗涵2511,女,48,河北省,保定,普通,2024-09-03
U002512,吴浩然2512,女,30,陕西省,宝鸡,白银,2024-10-06
U002513,周浩然2513,男,25,上海市,上海,白银,2023-03-06
U002514,陈明轩2514,女,24,湖南省,衡阳,普通,2023-01-30
U002515,杨浩然2515,女,30,重庆市,重庆,普通,2023-03-20
U002516,王思源2516,女,30,四川省,绵阳,普通,2024-12-29
U002517,徐思源2517,男,32,广东省,珠海,普通,2024-06-03
U002518,陈俊杰2518,女,16,山东省,潍坊,普通,2025-11-07
U002519,吴思源2519,女,35,湖北省,荆州,普通,2025-01-17
U002520,李一诺2520,女,31,江苏省,南京,白银,2023-10-10
U002521,刘嘉诚2521,女,30,山东省,济南,普通,2023-02-22
U002522,陈子涵2522,女,22,上海市,上海,普通,2025-06-07
U002523,杨思源2523,女,26,陕西省,咸阳,白银,2023-03-03
U002524,张雨桐2524,女,28,河南省,新乡,普通,2023-11-29
U002525,胡欣然2525,女,20,河南省,新乡,普通,2025-06-29
U002526,黄雨桐2526,男,40,河南省,新乡,普通,2024-06-07
U002527,朱思源2527,男,43,河北省,石家庄,普通,2023-04-06
U002528,刘梓萱2528,男,30,河南省,洛阳,普通,2023-04-28
U002529,王梓萱2529,男,18,河北省,石家庄,普通,2023-11-06
U002530,杨梓萱2530,女,42,河南省,许昌,普通,2024-06-24
U002531,赵一诺2531,男,20,四川省,宜宾,普通,2023-08-15
U002532,孙雨桐2532,男,36,湖南省,长沙,黑金,2024-07-31
U002533,徐一诺2533,男,23,浙江省,宁波,普通,2024-05-05
U002534,黄俊杰2534,男,28,广东省,东莞,白银,2026-04-02
U002535,刘浩然2535,女,19,福建省,漳州,普通,2024-09-03
U002536,徐浩然2536,男,45,广东省,佛山,普通,2023-09-15
U002537,杨明轩2537,男,38,上海市,上海,普通,2026-01-20
U002538,孙欣然2538,女,16,浙江省,绍兴,黄金,2024-04-04
U002539,杨俊杰2539,男,34,四川省,德阳,白银,2023-07-18
U002540,刘明轩2540,男,33,四川省,德阳,普通,2025-11-17
U002541,黄俊杰2541,男,16,山东省,烟台,白银,2025-09-14
U002542,杨明轩2542,男,41,山东省,潍坊,普通,2024-02-11
U002543,周浩然2543,女,31,北京市,北京,白银,2025-09-14
U002544,黄梓萱2544,女,36,四川省,成都,黄金,2023-12-09
U002545,胡诗涵2545,男,40,四川省,南充,普通,2026-05-15
U002546,刘梓萱2546,女,17,广东省,深圳,普通,2023-05-29
U002547,胡嘉诚2547,男,43,江苏省,苏州,普通,2024-04-04
U002548,吴梓萱2548,男,26,江苏省,无锡,黑金,2023-08-28
U002549,李俊杰2549,女,18,河南省,新乡,普通,2024-12-20
U002550,张俊杰2550,女,16,山东省,烟台,白银,2024-10-12
U002551,黄欣然2551,女,38,广东省,佛山,普通,2024-05-25
U002552,王梓萱2552,女,33,四川省,成都,普通,2024-05-11
U002553,刘欣然2553,女,31,上海市,上海,黄金,2023-01-14
U002554,张浩然2554,男,16,浙江省,温州,白银,2025-01-26
U002555,朱欣然2555,男,27,山东省,烟台,黄金,2025-10-31
U002556,刘佳怡2556,男,28,江苏省,南京,黄金,2025-11-13
U002557,赵嘉诚2557,男,29,浙江省,宁波,普通,2026-04-05
U002558,赵佳怡2558,男,16,上海市,上海,普通,2024-09-22
U002559,王俊杰2559,男,28,山东省,青岛,白银,2024-07-19
U002560,赵雨桐2560,女,21,浙江省,嘉兴,普通,2026-02-07
U002561,刘浩然2561,女,26,浙江省,杭州,铂金,2025-05-16
U002562,胡佳怡2562,女,17,浙江省,宁波,普通,2025-12-13
U002563,胡俊杰2563,女,30,广东省,佛山,黄金,2025-11-16
U002564,杨俊杰2564,女,34,北京市,北京,白银,2023-03-14
U002565,高子涵2565,女,19,北京市,北京,普通,2023-08-11
U002566,吴明轩2566,男,51,山东省,临沂,普通,2023-08-05
U002567,赵明轩2567,男,31,浙江省,宁波,普通,2024-07-27
U002568,高明轩2568,男,27,重庆市,重庆,铂金,2024-02-28
U002569,张诗涵2569,女,33,湖南省,常德,普通,2025-11-01
U002570,陈欣然2570,女,32,湖北省,黄冈,普通,2023-11-25
U002571,朱明轩2571,男,29,浙江省,绍兴,普通,2024-02-02
U002572,刘诗涵2572,男,34,山东省,潍坊,普通,2025-03-03
U002573,胡佳怡2573,女,38,河南省,郑州,普通,2024-01-06
U002574,高嘉诚2574,男,30,四川省,南充,普通,2023-12-26
U002575,孙诗涵2575,女,22,湖南省,衡阳,黄金,2026-05-14
U002576,周雨桐2576,女,39,北京市,北京,普通,2024-07-15
U002577,陈浩然2577,女,43,四川省,德阳,普通,2025-01-31
U002578,高明轩2578,女,33,湖北省,武汉,白银,2025-09-15
U002579,周雨桐2579,男,29,河南省,南阳,白银,2025-06-29
U002580,周浩然2580,女,26,四川省,绵阳,普通,2023-05-04
U002581,杨子涵2581,男,16,河北省,石家庄,黄金,2026-06-10
U002582,徐佳怡2582,男,23,北京市,北京,普通,2023-07-06
U002583,胡欣然2583,男,42,浙江省,嘉兴,普通,2026-05-30
U002584,高诗涵2584,女,26,浙江省,宁波,普通,2025-03-28
U002585,王浩然2585,男,32,广东省,佛山,普通,2024-06-13
U002586,吴佳怡2586,男,38,江苏省,苏州,普通,2024-02-28
U002587,吴一诺2587,女,26,江苏省,苏州,普通,2024-03-20
U002588,徐欣然2588,女,35,安徽省,安庆,普通,2024-08-13
U002589,黄梓萱2589,男,27,上海市,上海,普通,2024-08-14
U002590,王梓萱2590,女,30,广东省,佛山,白银,2024-02-15
U002591,赵思源2591,男,34,江苏省,南通,黄金,2024-01-30
U002592,李雨桐2592,男,35,安徽省,安庆,普通,2025-04-09
U002593,陈浩然2593,女,21,广东省,珠海,白银,2026-02-01
U002594,高嘉诚2594,男,39,广东省,佛山,白银,2024-01-04
U002595,张明轩2595,女,41,江苏省,常州,白银,2025-11-10
U002596,赵浩然2596,男,34,陕西省,宝鸡,黄金,2023-02-12
U002597,周明轩2597,女,29,河南省,郑州,普通,2025-01-24
U002598,吴思源2598,男,26,浙江省,嘉兴,普通,2023-11-27
U002599,朱思源2599,女,40,湖北省,宜昌,白银,2025-11-20
U002600,刘子涵2600,女,31,福建省,厦门,普通,2023-03-30
U002601,张梓萱2601,男,33,重庆市,重庆,普通,2023-02-28
U002602,朱梓萱2602,男,29,上海市,上海,白银,2025-07-09
U002603,杨明轩2603,男,31,江苏省,南京,普通,2023-08-31
U002604,杨一诺2604,男,34,浙江省,绍兴,黄金,2023-12-26
U002605,高思源2605,男,24,福建省,莆田,普通,2024-12-15
U002606,陈佳怡2606,女,37,四川省,宜宾,黄金,2025-05-04
U002607,杨明轩2607,女,37,四川省,成都,白银,2025-11-05
U002608,徐诗涵2608,女,33,福建省,漳州,普通,2025-10-20
U002609,张浩然2609,女,22,广东省,珠海,白银,2024-06-13
U002610,李梓萱2610,女,19,福建省,泉州,普通,2023-08-12
U002611,孙雨桐2611,女,24,广东省,深圳,白银,2025-02-02
U002612,刘佳怡2612,男,23,上海市,上海,白银,2026-02-18
U002613,胡嘉诚2613,男,33,广东省,广州,普通,2025-11-27
U002614,孙思源2614,女,23,福建省,莆田,白银,2025-04-24
U002615,黄思源2615,男,38,浙江省,绍兴,普通,2026-04-01
U002616,杨子涵2616,女,34,河南省,许昌,普通,2026-04-18
U002617,李佳怡2617,女,19,河南省,南阳,普通,2026-05-29
U002618,朱明轩2618,女,24,安徽省,芜湖,普通,2023-08-02
U002619,刘诗涵2619,男,22,山东省,济南,白银,2023-08-10
U002620,胡思源2620,女,39,陕西省,咸阳,普通,2023-02-20
U002621,徐一诺2621,男,27,湖北省,黄冈,普通,2025-03-20
U002622,赵嘉诚2622,男,38,陕西省,宝鸡,普通,2024-02-19
U002623,朱梓萱2623,女,28,广东省,东莞,黄金,2025-03-20
U002624,吴佳怡2624,男,39,河南省,郑州,白银,2023-10-21
U002625,周明轩2625,男,26,湖南省,衡阳,普通,2024-10-03
U002626,陈子涵2626,男,36,福建省,莆田,白银,2024-12-25
U002627,王诗涵2627,女,48,河北省,唐山,普通,2023-11-24
U002628,孙明轩2628,男,16,上海市,上海,普通,2025-08-20
U002629,徐子涵2629,女,24,福建省,福州,普通,2025-05-29
U002630,赵子涵2630,女,26,广东省,深圳,普通,2024-09-01
U002631,李思源2631,女,36,广东省,珠海,普通,2023-02-20
U002632,高思源2632,女,27,上海市,上海,白银,2023-10-12
U002633,陈子涵2633,女,32,安徽省,阜阳,普通,2025-04-10
U002634,赵浩然2634,男,29,河南省,许昌,白银,2024-05-10
U002635,刘佳怡2635,女,25,河南省,洛阳,白银,2025-08-14
U002636,黄思源2636,男,28,湖北省,襄阳,普通,2026-01-31
U002637,赵俊杰2637,男,25,山东省,济南,普通,2023-10-16
U002638,吴佳怡2638,女,38,河南省,郑州,白银,2025-10-23
U002639,周明轩2639,女,29,广东省,东莞,白银,2026-02-17
U002640,朱一诺2640,女,25,山东省,潍坊,普通,2024-01-11
U002641,李梓萱2641,女,19,四川省,宜宾,普通,2023-02-20
U002642,孙明轩2642,男,34,北京市,北京,普通,2026-02-13
U002643,张思源2643,男,24,广东省,广州,普通,2026-03-15
U002644,刘思源2644,女,34,山东省,青岛,白银,2023-03-02
U002645,胡诗涵2645,女,34,湖北省,黄冈,白银,2024-12-09
U002646,高俊杰2646,女,51,山东省,济南,普通,2024-02-29
U002647,刘明轩2647,女,20,陕西省,西安,白银,2023-01-05
U002648,杨浩然2648,男,27,湖北省,武汉,普通,2024-02-01
U002649,赵诗涵2649,女,38,四川省,德阳,普通,2025-05-15
U002650,王佳怡2650,女,35,广东省,广州,黄金,2025-06-16
U002651,张佳怡2651,女,20,陕西省,咸阳,普通,2023-10-10
U002652,徐俊杰2652,男,36,重庆市,重庆,黄金,2023-03-04
U002653,周佳怡2653,女,45,江苏省,南京,白银,2023-02-21
U002654,刘子涵2654,女,43,江苏省,南通,普通,2024-04-28
U002655,刘诗涵2655,女,29,江苏省,南通,黄金,2025-09-25
U002656,高思源2656,女,17,江苏省,苏州,普通,2025-03-25
U002657,陈佳怡2657,男,39,湖北省,荆州,铂金,2023-05-25
U002658,周浩然2658,男,24,山东省,济南,普通,2024-08-09
U002659,王梓萱2659,女,36,广东省,广州,普通,2023-10-02
U002660,周雨桐2660,男,34,福建省,莆田,白银,2026-03-15
U002661,王浩然2661,男,40,山东省,济南,普通,2025-03-06
U002662,张俊杰2662,女,31,浙江省,嘉兴,黄金,2024-06-24
U002663,高浩然2663,男,36,四川省,绵阳,普通,2023-01-03
U002664,周明轩2664,男,26,安徽省,安庆,黄金,2025-07-07
U002665,朱雨桐2665,男,39,广东省,东莞,黄金,2025-05-03
U002666,王子涵2666,女,32,湖北省,宜昌,普通,2025-06-08
U002667,张梓萱2667,女,30,广东省,广州,黑金,2024-07-04
U002668,朱思源2668,女,30,湖北省,武汉,普通,2024-03-30
U002669,胡浩然2669,女,30,山东省,青岛,普通,2025-09-09
U002670,杨欣然2670,女,47,四川省,德阳,白银,2025-11-19
U002671,杨雨桐2671,男,33,安徽省,芜湖,黄金,2026-05-29
U002672,徐诗涵2672,男,22,安徽省,阜阳,黄金,2025-09-25
U002673,孙雨桐2673,男,43,广东省,广州,白银,2026-06-18
U002674,杨俊杰2674,女,30,湖北省,宜昌,普通,2024-05-14
U002675,杨一诺2675,男,49,浙江省,嘉兴,白银,2024-06-06
U002676,赵诗涵2676,男,24,广东省,佛山,白银,2024-09-27
U002677,张明轩2677,女,34,河南省,南阳,普通,2023-12-01
U002678,胡雨桐2678,女,16,福建省,漳州,黄金,2025-06-24
U002679,张子涵2679,女,17,湖北省,襄阳,黄金,2024-08-08
U002680,赵梓萱2680,男,32,山东省,潍坊,白银,2026-04-28
U002681,徐梓萱2681,男,27,北京市,北京,黄金,2024-06-05
U002682,黄明轩2682,女,39,浙江省,嘉兴,普通,2026-01-08
U002683,张子涵2683,女,41,湖南省,衡阳,普通,2025-09-06
U002684,周子涵2684,男,19,山东省,烟台,普通,2025-09-28
U002685,孙子涵2685,女,24,江苏省,南通,普通,2023-11-20
U002686,李思源2686,女,34,福建省,福州,普通,2023-07-08
U002687,徐诗涵2687,女,29,河北省,保定,普通,2024-12-13
U002688,周子涵2688,女,36,四川省,南充,普通,2026-02-28
U002689,刘嘉诚2689,男,31,北京市,北京,白银,2024-06-11
U002690,刘明轩2690,女,31,浙江省,杭州,普通,2024-11-16
U002691,吴明轩2691,女,28,河南省,洛阳,黄金,2025-05-20
U002692,朱嘉诚2692,女,27,湖北省,襄阳,白银,2024-05-24
U002693,周明轩2693,男,35,北京市,北京,普通,2023-12-15
U002694,刘明轩2694,女,27,广东省,深圳,普通,2025-02-16
U002695,杨一诺2695,男,43,安徽省,合肥,黄金,2026-04-11
U002696,孙梓萱2696,女,30,河南省,郑州,普通,2025-04-01
U002697,张一诺2697,女,41,江苏省,苏州,普通,2024-07-06
U002698,赵俊杰2698,男,31,重庆市,重庆,普通,2024-09-15
U002699,赵子涵2699,男,17,河南省,南阳,普通,2023-08-15
U002700,李佳怡2700,女,29,江苏省,常州,普通,2023-09-26
U002701,张子涵2701,男,16,安徽省,安庆,白银,2023-03-20
U002702,黄嘉诚2702,男,32,广东省,深圳,普通,2025-10-09
U002703,孙浩然2703,女,44,四川省,成都,黄金,2023-12-28
U002704,李梓萱2704,女,24,江苏省,苏州,白银,2025-08-20
U002705,吴雨桐2705,女,45,陕西省,宝鸡,普通,2025-06-12
U002706,徐嘉诚2706,男,31,湖北省,武汉,普通,2024-05-30
U002707,杨欣然2707,男,36,北京市,北京,普通,2023-12-01
U002708,周嘉诚2708,女,33,山东省,烟台,普通,2023-11-11
U002709,周欣然2709,男,27,河北省,石家庄,普通,2024-08-12
U002710,孙嘉诚2710,男,24,江苏省,苏州,普通,2024-03-05
U002711,胡诗涵2711,男,27,山东省,济南,普通,2023-07-25
U002712,刘俊杰2712,女,37,上海市,上海,普通,2024-08-22
U002713,周诗涵2713,男,24,四川省,绵阳,普通,2025-04-08
U002714,赵诗涵2714,男,25,山东省,临沂,黄金,2023-11-21
U002715,周俊杰2715,男,34,河北省,廊坊,普通,2025-11-27
U002716,黄子涵2716,男,22,广东省,广州,普通,2026-01-13
U002717,高雨桐2717,女,40,河南省,新乡,黄金,2025-08-17
U002718,王子涵2718,男,21,湖北省,荆州,白银,2023-11-19
U002719,徐佳怡2719,男,24,江苏省,南京,普通,2025-09-03
U002720,吴俊杰2720,男,23,江苏省,无锡,黄金,2026-04-12
U002721,胡雨桐2721,男,21,浙江省,温州,铂金,2025-12-27
U002722,孙梓萱2722,男,31,湖南省,长沙,普通,2024-08-28
U002723,黄佳怡2723,男,27,陕西省,西安,白银,2025-10-23
U002724,徐欣然2724,男,26,河南省,洛阳,普通,2023-07-21
U002725,王明轩2725,男,25,浙江省,宁波,白银,2025-09-05
U002726,胡俊杰2726,女,28,江苏省,无锡,普通,2025-12-04
U002727,孙诗涵2727,男,16,广东省,佛山,黄金,2024-09-03
U002728,朱思源2728,女,36,福建省,莆田,普通,2024-08-30
U002729,黄子涵2729,女,55,河南省,南阳,普通,2024-09-11
U002730,吴嘉诚2730,男,35,广东省,佛山,普通,2025-04-10
U002731,周明轩2731,女,36,湖北省,襄阳,普通,2025-06-14
U002732,黄俊杰2732,男,32,福建省,莆田,普通,2025-03-11
U002733,王佳怡2733,男,30,广东省,广州,普通,2024-09-13
U002734,朱一诺2734,女,31,江苏省,苏州,普通,2026-01-09
U002735,朱浩然2735,男,25,重庆市,重庆,黄金,2025-09-05
U002736,吴雨桐2736,女,42,福建省,福州,普通,2026-04-26
U002737,刘子涵2737,男,30,江苏省,无锡,黄金,2024-04-06
U002738,杨欣然2738,女,40,湖南省,常德,黄金,2025-10-14
U002739,吴浩然2739,男,48,广东省,珠海,普通,2025-06-22
U002740,胡嘉诚2740,男,42,浙江省,宁波,普通,2024-12-15
U002741,刘一诺2741,女,27,浙江省,嘉兴,黑金,2024-04-07
U002742,周浩然2742,女,43,陕西省,渭南,普通,2023-10-20
U002743,李欣然2743,男,16,湖南省,株洲,白银,2025-05-12
U002744,王一诺2744,女,18,广东省,深圳,普通,2025-09-05
U002745,周一诺2745,男,32,浙江省,宁波,白银,2025-06-21
U002746,周一诺2746,男,26,四川省,德阳,普通,2024-05-20
U002747,张欣然2747,女,22,重庆市,重庆,铂金,2025-09-02
U002748,周嘉诚2748,男,33,福建省,泉州,普通,2023-01-20
U002749,孙俊杰2749,女,30,广东省,东莞,铂金,2025-07-02
U002750,张佳怡2750,女,22,四川省,宜宾,白银,2024-05-25
U002751,朱雨桐2751,女,47,江苏省,南通,普通,2024-03-02
U002752,周一诺2752,女,36,江苏省,南京,白银,2024-03-14
U002753,杨雨桐2753,男,26,上海市,上海,普通,2023-09-06
U002754,黄梓萱2754,男,29,陕西省,西安,黄金,2023-02-26
U002755,周子涵2755,女,24,北京市,北京,黄金,2025-11-04
U002756,高雨桐2756,男,47,河南省,洛阳,普通,2024-05-01
U002757,赵嘉诚2757,男,27,上海市,上海,黄金,2025-06-01
U002758,高一诺2758,男,40,湖南省,株洲,普通,2023-11-19
U002759,胡一诺2759,男,19,北京市,北京,铂金,2025-02-14
U002760,朱梓萱2760,男,27,湖北省,武汉,普通,2026-04-01
U002761,胡一诺2761,女,31,广东省,珠海,铂金,2023-06-16
U002762,孙诗涵2762,女,22,河北省,保定,普通,2026-05-02
U002763,李思源2763,女,44,广东省,广州,普通,2025-09-08
U002764,胡思源2764,女,20,河南省,新乡,白银,2025-06-04
U002765,孙俊杰2765,男,31,福建省,莆田,普通,2024-03-20
U002766,黄思源2766,女,32,河北省,保定,白银,2026-02-07
U002767,吴佳怡2767,男,21,湖北省,荆州,黑金,2025-04-30
U002768,黄雨桐2768,男,24,广东省,珠海,普通,2024-05-31
U002769,吴浩然2769,男,33,四川省,宜宾,普通,2026-03-06
U002770,朱浩然2770,男,43,重庆市,重庆,普通,2025-11-24
U002771,张欣然2771,男,31,山东省,潍坊,铂金,2025-04-23
U002772,李明轩2772,男,27,广东省,珠海,普通,2024-11-11
U002773,刘明轩2773,男,29,北京市,北京,黄金,2023-03-03
U002774,刘一诺2774,男,35,江苏省,苏州,普通,2024-11-25
U002775,杨梓萱2775,男,39,重庆市,重庆,黄金,2023-01-22
U002776,朱明轩2776,男,35,广东省,珠海,普通,2025-02-11
U002777,李欣然2777,男,43,广东省,广州,白银,2023-12-03
U002778,周子涵2778,女,41,浙江省,宁波,黄金,2023-12-01
U002779,王雨桐2779,女,30,浙江省,宁波,黄金,2024-02-12
U002780,陈嘉诚2780,女,37,四川省,成都,普通,2024-06-27
U002781,刘梓萱2781,男,42,浙江省,温州,白银,2026-03-06
U002782,孙明轩2782,女,36,江苏省,常州,白银,2023-07-16
U002783,陈欣然2783,男,17,湖北省,武汉,铂金,2026-06-04
U002784,朱思源2784,女,32,河南省,郑州,白银,2023-09-09
U002785,徐欣然2785,男,34,安徽省,芜湖,白银,2024-07-12
U002786,高佳怡2786,女,28,浙江省,嘉兴,黄金,2025-06-01
U002787,杨梓萱2787,男,31,浙江省,温州,普通,2026-05-26
U002788,陈欣然2788,男,28,江苏省,苏州,普通,2023-05-07
U002789,吴佳怡2789,女,36,浙江省,杭州,普通,2024-02-13
U002790,赵诗涵2790,男,28,山东省,青岛,铂金,2024-03-16
U002791,赵嘉诚2791,女,35,四川省,成都,普通,2025-04-24
U002792,高思源2792,女,39,浙江省,绍兴,普通,2025-12-19
U002793,高思源2793,女,27,山东省,济南,白银,2023-10-16
U002794,赵梓萱2794,女,39,江苏省,无锡,普通,2023-08-21
U002795,黄明轩2795,男,21,安徽省,芜湖,普通,2026-01-26
U002796,胡欣然2796,女,16,安徽省,安庆,普通,2023-06-10
U002797,徐一诺2797,女,43,广东省,广州,白银,2024-03-25
U002798,吴雨桐2798,男,37,北京市,北京,黄金,2025-11-13
U002799,徐欣然2799,男,36,浙江省,绍兴,铂金,2024-12-30
U002800,赵明轩2800,男,42,福建省,泉州,铂金,2024-12-17
U002801,孙雨桐2801,女,30,广东省,珠海,普通,2025-02-17
U002802,杨嘉诚2802,女,42,河北省,石家庄,普通,2023-04-14
U002803,高梓萱2803,女,28,河北省,唐山,普通,2023-12-13
U002804,高浩然2804,男,34,浙江省,宁波,黄金,2023-02-24
U002805,高子涵2805,男,28,山东省,潍坊,黄金,2024-01-01
U002806,陈明轩2806,男,50,河南省,洛阳,黄金,2024-12-09
U002807,黄佳怡2807,男,25,河北省,廊坊,普通,2023-01-16
U002808,高俊杰2808,女,19,四川省,绵阳,普通,2023-07-21
U002809,王诗涵2809,男,30,广东省,东莞,白银,2026-03-21
U002810,张浩然2810,男,43,广东省,珠海,普通,2024-11-05
U002811,高一诺2811,男,21,浙江省,嘉兴,普通,2024-10-08
U002812,刘欣然2812,女,32,江苏省,苏州,白银,2023-09-13
U002813,张一诺2813,女,29,江苏省,苏州,黄金,2025-02-06
U002814,赵梓萱2814,男,16,浙江省,宁波,普通,2025-01-12
U002815,赵欣然2815,女,24,河北省,唐山,普通,2024-09-21
U002816,胡明轩2816,男,23,北京市,北京,普通,2023-06-17
U002817,周佳怡2817,女,36,河南省,洛阳,白银,2024-06-20
U002818,胡思源2818,男,25,北京市,北京,白银,2025-12-09
U002819,李诗涵2819,女,40,四川省,成都,黄金,2023-06-12
U002820,朱梓萱2820,男,25,上海市,上海,白银,2025-10-14
U002821,周佳怡2821,男,38,福建省,泉州,铂金,2023-11-15
U002822,徐梓萱2822,女,31,广东省,东莞,普通,2023-09-19
U002823,刘明轩2823,女,33,河北省,石家庄,黄金,2025-04-27
U002824,赵梓萱2824,男,16,陕西省,西安,普通,2023-12-07
U002825,张雨桐2825,女,30,山东省,烟台,普通,2024-04-18
U002826,张嘉诚2826,女,29,上海市,上海,普通,2024-07-23
U002827,高欣然2827,男,35,河南省,许昌,白银,2024-10-06
U002828,陈一诺2828,男,35,四川省,德阳,铂金,2026-04-02
U002829,朱佳怡2829,男,27,广东省,广州,普通,2023-12-29
U002830,高梓萱2830,女,43,湖南省,衡阳,铂金,2024-06-02
U002831,张佳怡2831,男,20,山东省,济南,铂金,2026-01-20
U002832,高思源2832,女,16,北京市,北京,铂金,2023-01-06
U002833,王诗涵2833,女,43,四川省,德阳,普通,2023-12-23
U002834,杨梓萱2834,男,22,广东省,珠海,白银,2024-06-16
U002835,高雨桐2835,女,30,上海市,上海,普通,2023-01-03
U002836,吴嘉诚2836,男,30,江苏省,南京,黄金,2024-06-03
U002837,胡一诺2837,女,25,湖北省,武汉,普通,2024-10-08
U002838,吴子涵2838,男,19,江苏省,常州,白银,2026-03-03
U002839,赵俊杰2839,男,33,河南省,南阳,普通,2023-06-30
U002840,张诗涵2840,女,23,北京市,北京,铂金,2025-01-30
U002841,张子涵2841,男,49,广东省,广州,白银,2024-08-15
U002842,高雨桐2842,女,41,河南省,南阳,白银,2024-08-18
U002843,张雨桐2843,女,21,福建省,厦门,普通,2023-10-17
U002844,刘一诺2844,男,41,湖南省,衡阳,白银,2024-03-28
U002845,孙俊杰2845,女,47,湖北省,武汉,普通,2024-03-19
U002846,吴一诺2846,男,32,浙江省,杭州,普通,2025-06-04
U002847,胡俊杰2847,女,39,上海市,上海,普通,2023-03-26
U002848,朱明轩2848,男,42,广东省,深圳,黄金,2023-05-11
U002849,李明轩2849,女,33,四川省,成都,白银,2025-10-18
U002850,徐子涵2850,男,24,福建省,泉州,普通,2025-02-28
U002851,胡俊杰2851,女,47,山东省,济南,铂金,2025-04-27
U002852,杨诗涵2852,男,18,四川省,成都,普通,2025-10-02
U002853,杨思源2853,女,34,山东省,临沂,普通,2025-12-08
U002854,高一诺2854,女,34,广东省,广州,普通,2024-07-02
U002855,孙雨桐2855,女,19,浙江省,嘉兴,白银,2023-08-22
U002856,孙思源2856,女,26,江苏省,苏州,白银,2024-05-30
U002857,周俊杰2857,男,51,四川省,德阳,普通,2023-04-01
U002858,杨雨桐2858,男,25,浙江省,温州,普通,2024-06-21
U002859,徐诗涵2859,男,51,湖南省,株洲,黄金,2025-01-15
U002860,吴诗涵2860,女,26,山东省,济南,普通,2024-12-30
U002861,杨俊杰2861,女,31,广东省,广州,普通,2025-10-07
U002862,李嘉诚2862,男,24,江苏省,苏州,普通,2023-04-08
U002863,李诗涵2863,女,25,重庆市,重庆,普通,2026-06-06
U002864,胡俊杰2864,男,36,湖北省,武汉,白银,2026-01-22
U002865,陈俊杰2865,女,35,湖北省,荆州,黄金,2023-02-05
U002866,吴欣然2866,女,32,河南省,许昌,普通,2025-01-20
U002867,吴俊杰2867,男,30,河北省,保定,普通,2025-08-04
U002868,赵俊杰2868,男,37,安徽省,阜阳,普通,2024-04-26
U002869,赵佳怡2869,男,35,湖南省,常德,白银,2024-12-04
U002870,赵思源2870,男,22,河北省,唐山,黄金,2025-02-22
U002871,陈俊杰2871,女,25,浙江省,宁波,普通,2026-06-06
U002872,孙子涵2872,男,38,重庆市,重庆,白银,2025-02-12
U002873,杨诗涵2873,男,50,重庆市,重庆,普通,2023-06-07
U002874,吴浩然2874,男,33,河南省,许昌,普通,2023-10-14
U002875,朱嘉诚2875,女,33,山东省,临沂,普通,2024-06-06
U002876,朱嘉诚2876,男,27,河北省,石家庄,黄金,2024-07-12
U002877,胡梓萱2877,女,36,广东省,深圳,普通,2025-05-14
U002878,陈雨桐2878,男,24,湖南省,长沙,普通,2024-10-13
U002879,胡浩然2879,女,33,河南省,郑州,普通,2023-08-14
U002880,孙梓萱2880,男,35,福建省,漳州,普通,2025-04-14
U002881,周梓萱2881,女,18,上海市,上海,黄金,2023-02-10
U002882,黄思源2882,女,24,江苏省,南通,普通,2023-02-08
U002883,高雨桐2883,男,25,广东省,深圳,白银,2024-06-04
U002884,高欣然2884,男,31,江苏省,无锡,白银,2024-08-13
U002885,徐雨桐2885,男,29,浙江省,嘉兴,普通,2026-05-02
U002886,高思源2886,男,37,广东省,东莞,普通,2023-12-13
U002887,黄明轩2887,男,35,广东省,珠海,黄金,2023-01-20
U002888,黄子涵2888,男,38,山东省,济南,普通,2023-02-26
U002889,王雨桐2889,女,33,江苏省,常州,普通,2024-05-28
U002890,刘梓萱2890,男,29,北京市,北京,普通,2024-04-08
U002891,吴俊杰2891,男,17,浙江省,嘉兴,普通,2025-04-16
U002892,黄明轩2892,女,29,重庆市,重庆,普通,2025-07-31
U002893,黄浩然2893,女,26,广东省,珠海,普通,2023-05-15
U002894,赵欣然2894,男,16,陕西省,宝鸡,普通,2025-05-30
U002895,胡明轩2895,女,29,山东省,烟台,普通,2023-07-28
U002896,陈嘉诚2896,男,24,广东省,佛山,白银,2024-10-21
U002897,黄雨桐2897,女,36,江苏省,无锡,白银,2024-09-07
U002898,李浩然2898,女,34,河南省,洛阳,普通,2024-10-19
U002899,孙嘉诚2899,男,43,山东省,青岛,普通,2025-07-26
U002900,杨一诺2900,女,35,江苏省,无锡,普通,2023-08-30
U002901,刘思源2901,男,27,北京市,北京,普通,2026-03-07
U002902,吴雨桐2902,男,20,广东省,佛山,普通,2026-01-25
U002903,刘佳怡2903,女,36,广东省,佛山,黑金,2024-12-14
U002904,陈浩然2904,女,25,广东省,东莞,普通,2024-12-27
U002905,陈浩然2905,男,34,浙江省,嘉兴,黄金,2025-11-23
U002906,赵思源2906,男,39,湖南省,株洲,普通,2024-08-19
U002907,杨梓萱2907,男,23,浙江省,宁波,白银,2024-04-08
U002908,胡梓萱2908,女,41,湖北省,武汉,普通,2024-11-23
U002909,李一诺2909,男,65,上海市,上海,黄金,2025-10-06
U002910,徐诗涵2910,男,45,江苏省,苏州,白银,2024-03-02
U002911,张梓萱2911,女,37,江苏省,南通,白银,2026-02-01
U002912,孙思源2912,女,23,山东省,临沂,白银,2026-02-23
U002913,黄子涵2913,女,31,重庆市,重庆,黄金,2026-02-18
U002914,陈子涵2914,男,40,河南省,郑州,普通,2025-06-28
U002915,杨思源2915,男,37,广东省,佛山,白银,2023-05-28
U002916,王思源2916,女,33,江苏省,常州,铂金,2024-06-11
U002917,李欣然2917,女,23,重庆市,重庆,普通,2024-07-03
U002918,刘欣然2918,女,23,北京市,北京,白银,2023-11-16
U002919,赵明轩2919,女,28,安徽省,合肥,普通,2026-05-27
U002920,胡欣然2920,男,21,陕西省,渭南,普通,2025-06-10
U002921,徐一诺2921,女,36,湖北省,武汉,白银,2025-09-15
U002922,杨子涵2922,男,43,湖北省,黄冈,白银,2024-05-10
U002923,王嘉诚2923,男,18,湖南省,岳阳,黄金,2024-09-22
U002924,赵嘉诚2924,女,20,江苏省,南通,普通,2026-03-17
U002925,陈嘉诚2925,男,29,江苏省,常州,白银,2023-09-25
U002926,陈诗涵2926,女,36,四川省,成都,普通,2025-12-21
U002927,王俊杰2927,男,32,陕西省,咸阳,普通,2024-02-08
U002928,杨嘉诚2928,女,34,河南省,新乡,普通,2024-09-26
U002929,李子涵2929,男,16,江苏省,无锡,白银,2026-02-14
U002930,黄佳怡2930,女,44,湖北省,武汉,黑金,2023-01-29
U002931,胡明轩2931,女,26,四川省,南充,黄金,2023-07-21
U002932,朱思源2932,男,39,山东省,烟台,普通,2026-05-17
U002933,吴俊杰2933,男,34,安徽省,阜阳,普通,2024-12-29
U002934,吴诗涵2934,女,37,四川省,成都,铂金,2026-02-03
U002935,高雨桐2935,女,23,广东省,深圳,白银,2025-05-04
U002936,周佳怡2936,男,46,江苏省,南京,白银,2026-06-10
U002937,孙梓萱2937,男,32,北京市,北京,普通,2024-07-07
U002938,王梓萱2938,男,16,重庆市,重庆,白银,2023-03-25
U002939,孙雨桐2939,女,40,湖北省,武汉,普通,2023-11-16
U002940,孙欣然2940,男,29,北京市,北京,普通,2023-11-30
U002941,刘欣然2941,女,20,山东省,青岛,普通,2023-05-19
U002942,孙子涵2942,男,29,山东省,济南,普通,2023-04-14
U002943,李俊杰2943,男,35,江苏省,苏州,白银,2024-09-25
U002944,吴诗涵2944,女,26,广东省,佛山,白银,2023-06-04
U002945,杨嘉诚2945,女,21,山东省,青岛,普通,2023-08-02
U002946,杨浩然2946,男,30,山东省,济南,黄金,2023-11-15
U002947,朱欣然2947,男,29,四川省,成都,普通,2025-07-08
U002948,王俊杰2948,女,27,湖南省,常德,黄金,2024-02-09
U002949,徐明轩2949,女,19,湖南省,株洲,普通,2023-08-10
U002950,朱俊杰2950,男,47,重庆市,重庆,黄金,2023-04-03
U002951,陈思源2951,男,41,福建省,莆田,普通,2026-05-31
U002952,陈子涵2952,女,40,陕西省,宝鸡,普通,2025-08-12
U002953,胡浩然2953,女,23,广东省,深圳,黄金,2024-10-30
U002954,朱明轩2954,男,19,陕西省,渭南,白银,2025-04-05
U002955,刘梓萱2955,男,27,四川省,绵阳,普通,2025-11-16
U002956,杨佳怡2956,女,23,广东省,东莞,黄金,2026-04-23
U002957,吴思源2957,男,31,四川省,南充,白银,2023-10-21
U002958,胡思源2958,男,35,安徽省,合肥,普通,2025-04-06
U002959,胡雨桐2959,女,39,湖南省,常德,黄金,2025-11-02
U002960,刘一诺2960,男,42,山东省,潍坊,白银,2026-01-22
U002961,朱欣然2961,女,32,江苏省,南通,普通,2025-01-17
U002962,刘俊杰2962,女,44,河北省,石家庄,白银,2025-02-24
U002963,徐雨桐2963,女,40,安徽省,安庆,普通,2024-01-10
U002964,高俊杰2964,女,35,江苏省,常州,普通,2024-10-26
U002965,朱雨桐2965,女,16,上海市,上海,白银,2023-07-05
U002966,吴浩然2966,男,42,山东省,青岛,普通,2023-09-22
U002967,徐浩然2967,男,21,北京市,北京,白银,2024-12-30
U002968,刘欣然2968,男,26,河北省,唐山,普通,2025-10-16
U002969,张俊杰2969,男,30,河南省,郑州,黄金,2024-08-12
U002970,胡佳怡2970,男,23,广东省,珠海,白银,2025-11-15
U002971,刘佳怡2971,男,22,浙江省,杭州,黑金,2024-08-30
U002972,陈佳怡2972,女,29,江苏省,南京,普通,2025-08-15
U002973,刘梓萱2973,女,30,浙江省,绍兴,普通,2026-02-02
U002974,周俊杰2974,女,40,福建省,厦门,普通,2025-06-24
U002975,王明轩2975,男,16,广东省,深圳,普通,2024-09-12
U002976,周诗涵2976,男,25,陕西省,西安,普通,2024-05-25
U002977,李浩然2977,女,25,山东省,青岛,普通,2024-11-01
U002978,王子涵2978,女,20,四川省,南充,白银,2026-01-28
U002979,张明轩2979,女,37,四川省,绵阳,普通,2026-06-13
U002980,张俊杰2980,男,31,陕西省,渭南,普通,2023-01-16
U002981,胡诗涵2981,男,35,广东省,佛山,普通,2023-03-26
U002982,黄俊杰2982,女,16,广东省,佛山,铂金,2024-03-03
U002983,孙明轩2983,男,31,河南省,郑州,普通,2023-12-02
U002984,黄雨桐2984,男,36,安徽省,阜阳,铂金,2024-11-25
U002985,张子涵2985,女,28,浙江省,宁波,普通,2023-09-03
U002986,朱欣然2986,男,37,广东省,深圳,普通,2025-09-19
U002987,黄明轩2987,女,31,四川省,宜宾,黄金,2025-07-06
U002988,孙诗涵2988,男,33,河南省,许昌,铂金,2025-06-12
U002989,徐雨桐2989,男,30,陕西省,西安,普通,2023-02-20
U002990,胡子涵2990,女,35,河南省,洛阳,黄金,2023-11-23
U002991,吴一诺2991,男,35,山东省,济南,普通,2024-12-21
U002992,陈明轩2992,女,47,湖南省,长沙,白银,2026-01-23
U002993,李明轩2993,男,26,福建省,福州,黄金,2023-09-13
U002994,胡诗涵2994,男,19,广东省,深圳,黄金,2023-12-15
U002995,张浩然2995,女,31,湖北省,黄冈,普通,2025-08-15
U002996,陈梓萱2996,女,42,山东省,临沂,黄金,2026-04-06
U002997,李明轩2997,女,37,山东省,济南,普通,2025-07-12
U002998,王梓萱2998,女,30,江苏省,南通,普通,2025-08-12
U002999,吴欣然2999,男,29,浙江省,杭州,普通,2023-06-28
U003000,李子涵3000,男,47,江苏省,南京,普通,2024-06-27
U003001,赵一诺3001,男,23,河南省,许昌,普通,2024-06-11
U003002,朱嘉诚3002,女,23,广东省,佛山,白银,2025-07-15
U003003,胡子涵3003,女,36,山东省,烟台,白银,2025-01-30
U003004,杨诗涵3004,男,19,陕西省,渭南,黄金,2023-06-30
U003005,刘佳怡3005,女,29,江苏省,南京,黄金,2025-07-07
U003006,杨诗涵3006,女,32,安徽省,合肥,普通,2023-05-20
U003007,胡思源3007,男,43,江苏省,常州,普通,2025-10-10
U003008,徐一诺3008,男,32,江苏省,苏州,普通,2024-07-25
U003009,王梓萱3009,女,39,北京市,北京,白银,2026-05-13
U003010,周嘉诚3010,女,26,浙江省,温州,普通,2025-12-04
U003011,孙梓萱3011,男,38,江苏省,苏州,白银,2024-03-27
U003012,张诗涵3012,男,29,北京市,北京,普通,2024-06-18
U003013,李思源3013,男,16,北京市,北京,白银,2024-08-06
U003014,徐雨桐3014,女,37,广东省,珠海,普通,2023-03-10
U003015,徐一诺3015,女,33,陕西省,西安,普通,2025-11-03
U003016,陈佳怡3016,女,37,上海市,上海,普通,2023-11-11
U003017,王佳怡3017,男,16,江苏省,常州,白银,2026-05-09
U003018,吴佳怡3018,男,18,安徽省,芜湖,黄金,2024-01-22
U003019,王明轩3019,女,36,浙江省,杭州,黑金,2023-09-14
U003020,徐佳怡3020,女,20,北京市,北京,普通,2023-07-21
U003021,吴雨桐3021,男,27,山东省,烟台,普通,2023-11-08
U003022,王诗涵3022,男,32,山东省,临沂,普通,2025-02-24
U003023,孙雨桐3023,男,39,湖北省,武汉,白银,2024-02-17
U003024,王嘉诚3024,女,32,江苏省,常州,白银,2025-07-30
U003025,孙诗涵3025,女,26,安徽省,合肥,普通,2026-01-14
U003026,李雨桐3026,男,21,广东省,东莞,普通,2023-01-15
U003027,杨佳怡3027,男,27,山东省,济南,白银,2024-08-03
U003028,杨浩然3028,女,23,江苏省,无锡,普通,2025-10-15
U003029,刘雨桐3029,男,24,广东省,佛山,白银,2024-10-18
U003030,刘明轩3030,男,38,北京市,北京,普通,2025-07-30
U003031,赵思源3031,女,34,湖南省,衡阳,普通,2025-01-09
U003032,黄浩然3032,男,37,重庆市,重庆,黄金,2023-03-28
U003033,吴浩然3033,男,31,河北省,廊坊,黄金,2025-06-04
U003034,胡嘉诚3034,女,38,广东省,东莞,普通,2025-06-02
U003035,朱雨桐3035,女,38,上海市,上海,白银,2024-09-03
U003036,黄雨桐3036,男,29,四川省,成都,白银,2023-02-20
U003037,吴佳怡3037,男,37,四川省,绵阳,普通,2023-01-30
U003038,黄欣然3038,女,39,浙江省,绍兴,普通,2024-05-21
U003039,朱嘉诚3039,女,25,江苏省,南京,黄金,2024-04-24
U003040,李梓萱3040,男,37,广东省,广州,普通,2024-07-09
U003041,赵佳怡3041,男,35,广东省,珠海,白银,2023-02-27
U003042,周俊杰3042,女,25,四川省,成都,白银,2023-05-18
U003043,王嘉诚3043,男,33,江苏省,南通,黄金,2025-09-18
U003044,周欣然3044,女,37,江苏省,南通,黄金,2026-04-06
U003045,刘诗涵3045,女,30,上海市,上海,白银,2023-03-30
U003046,陈浩然3046,女,27,江苏省,南通,普通,2025-11-05
U003047,刘欣然3047,女,19,广东省,东莞,普通,2025-06-28
U003048,杨诗涵3048,女,25,广东省,广州,白银,2023-10-15
U003049,陈雨桐3049,男,33,四川省,成都,黄金,2024-03-30
U003050,张子涵3050,女,38,河南省,新乡,白银,2026-03-22
U003051,张一诺3051,女,16,福建省,福州,普通,2025-12-21
U003052,徐子涵3052,男,26,山东省,济南,普通,2023-02-16
U003053,张雨桐3053,男,17,四川省,宜宾,普通,2025-03-04
U003054,赵嘉诚3054,男,44,河南省,郑州,铂金,2024-06-20
U003055,周浩然3055,女,48,福建省,厦门,普通,2024-12-27
U003056,赵浩然3056,女,26,江苏省,苏州,白银,2024-01-10
U003057,吴诗涵3057,女,34,广东省,东莞,普通,2025-12-05
U003058,孙佳怡3058,女,16,浙江省,绍兴,黄金,2025-02-23
U003059,杨诗涵3059,男,31,四川省,南充,黄金,2024-01-04
U003060,吴佳怡3060,男,30,江苏省,南通,白银,2023-03-07
U003061,黄嘉诚3061,男,27,重庆市,重庆,普通,2025-12-15
U003062,胡梓萱3062,女,20,湖北省,黄冈,普通,2023-01-26
U003063,高欣然3063,男,34,山东省,临沂,普通,2026-04-04
U003064,孙梓萱3064,女,32,福建省,厦门,普通,2023-11-29
U003065,杨子涵3065,男,35,浙江省,杭州,黄金,2025-11-12
U003066,周嘉诚3066,女,49,重庆市,重庆,铂金,2025-07-23
U003067,朱诗涵3067,男,16,浙江省,杭州,普通,2025-01-19
U003068,高俊杰3068,男,40,四川省,德阳,黄金,2025-06-15
U003069,高梓萱3069,女,25,浙江省,绍兴,普通,2026-04-01
U003070,杨诗涵3070,女,33,浙江省,宁波,普通,2025-06-15
U003071,赵嘉诚3071,女,28,北京市,北京,普通,2024-06-02
U003072,李子涵3072,女,29,江苏省,苏州,黄金,2024-12-26
U003073,陈雨桐3073,男,17,湖北省,荆州,黄金,2025-09-27
U003074,孙俊杰3074,男,40,广东省,珠海,普通,2023-08-01
U003075,胡欣然3075,女,40,湖北省,黄冈,白银,2023-07-07
U003076,杨诗涵3076,男,32,浙江省,杭州,普通,2025-03-17
U003077,张嘉诚3077,男,27,河南省,洛阳,普通,2024-04-04
U003078,张佳怡3078,男,36,浙江省,绍兴,普通,2024-07-22
U003079,吴浩然3079,男,41,河北省,石家庄,普通,2026-04-04
U003080,孙俊杰3080,男,29,四川省,绵阳,白银,2023-10-25
U003081,高一诺3081,女,36,四川省,南充,铂金,2026-02-12
U003082,王欣然3082,女,43,湖南省,长沙,普通,2025-05-20
U003083,周一诺3083,男,45,福建省,漳州,白银,2023-12-01
U003084,杨一诺3084,女,24,山东省,临沂,黑金,2023-07-07
U003085,赵嘉诚3085,男,44,广东省,广州,普通,2023-09-22
U003086,张明轩3086,男,21,广东省,珠海,黄金,2025-08-21
U003087,赵思源3087,女,46,山东省,临沂,白银,2024-05-15
U003088,胡浩然3088,女,38,上海市,上海,普通,2024-01-10
U003089,徐诗涵3089,男,31,山东省,临沂,普通,2025-07-07
U003090,黄俊杰3090,男,32,山东省,济南,普通,2024-03-09
U003091,杨佳怡3091,男,32,山东省,青岛,普通,2024-11-21
U003092,杨诗涵3092,男,32,江苏省,无锡,普通,2026-04-18
U003093,陈嘉诚3093,男,26,河南省,许昌,普通,2025-01-09
U003094,王诗涵3094,男,46,福建省,莆田,白银,2025-11-11
U003095,赵俊杰3095,女,21,浙江省,杭州,白银,2023-11-30
U003096,杨梓萱3096,女,31,湖南省,株洲,普通,2024-12-13
U003097,陈梓萱3097,男,25,河南省,南阳,普通,2025-04-18
U003098,陈诗涵3098,女,25,四川省,绵阳,普通,2024-05-25
U003099,吴佳怡3099,女,26,浙江省,宁波,普通,2023-02-10
U003100,周诗涵3100,女,23,湖南省,株洲,普通,2024-05-01
U003101,李明轩3101,女,26,北京市,北京,普通,2025-05-02
U003102,朱俊杰3102,男,20,山东省,临沂,铂金,2025-08-01
U003103,陈梓萱3103,女,25,河北省,唐山,普通,2025-05-05
U003104,徐明轩3104,女,33,山东省,烟台,普通,2023-12-20
U003105,陈明轩3105,男,24,江苏省,无锡,普通,2024-02-19
U003106,杨明轩3106,女,16,山东省,青岛,白银,2023-12-28
U003107,周欣然3107,女,16,河南省,南阳,普通,2023-07-04
U003108,张明轩3108,女,38,湖北省,宜昌,普通,2023-01-10
U003109,徐浩然3109,男,26,北京市,北京,白银,2025-04-12
U003110,吴佳怡3110,女,31,浙江省,绍兴,普通,2024-04-10
U003111,赵俊杰3111,女,34,浙江省,杭州,普通,2024-12-25
U003112,吴雨桐3112,女,16,福建省,福州,普通,2026-04-12
U003113,高诗涵3113,男,34,福建省,莆田,白银,2024-02-10
U003114,赵欣然3114,女,36,河北省,唐山,普通,2023-01-26
U003115,高梓萱3115,女,33,浙江省,宁波,黄金,2025-05-17
U003116,赵思源3116,女,28,湖北省,武汉,普通,2023-10-09
U003117,杨浩然3117,男,16,重庆市,重庆,普通,2025-09-26
U003118,吴佳怡3118,男,38,河南省,郑州,普通,2024-01-27
U003119,王明轩3119,男,32,河南省,南阳,普通,2024-07-24
U003120,张子涵3120,女,31,河南省,新乡,普通,2023-12-29
U003121,孙嘉诚3121,女,33,广东省,广州,普通,2025-08-26
U003122,吴思源3122,男,23,北京市,北京,普通,2025-03-27
U003123,孙思源3123,男,20,福建省,泉州,普通,2026-04-18
U003124,黄浩然3124,女,20,山东省,潍坊,白银,2025-06-30
U003125,王一诺3125,男,39,山东省,潍坊,普通,2024-07-30
U003126,朱一诺3126,女,25,江苏省,苏州,白银,2024-10-10
U003127,高俊杰3127,女,26,广东省,珠海,黑金,2023-12-11
U003128,黄一诺3128,男,40,湖北省,武汉,普通,2023-09-29
U003129,陈思源3129,女,34,湖北省,荆州,普通,2025-02-02
U003130,胡子涵3130,女,36,江苏省,无锡,白银,2023-08-05
U003131,王欣然3131,女,51,湖北省,黄冈,黄金,2024-06-21
U003132,杨思源3132,女,24,河北省,保定,普通,2023-04-27
U003133,徐雨桐3133,男,53,北京市,北京,黑金,2023-07-24
U003134,赵雨桐3134,女,31,上海市,上海,普通,2024-02-26
U003135,王明轩3135,男,38,河南省,南阳,黄金,2024-12-08
U003136,黄浩然3136,女,33,江苏省,南京,普通,2026-03-20
U003137,陈雨桐3137,女,34,广东省,佛山,黄金,2025-04-06
U003138,周子涵3138,男,41,江苏省,南通,白银,2025-07-08
U003139,张浩然3139,女,24,江苏省,南京,普通,2024-07-07
U003140,李一诺3140,男,32,浙江省,嘉兴,普通,2025-01-06
U003141,孙雨桐3141,男,29,四川省,绵阳,铂金,2023-06-03
U003142,王佳怡3142,女,37,广东省,广州,普通,2023-09-02
U003143,高佳怡3143,男,25,上海市,上海,普通,2024-10-10
U003144,王浩然3144,女,28,重庆市,重庆,白银,2024-02-24
U003145,高梓萱3145,女,29,北京市,北京,黄金,2024-01-18
U003146,黄梓萱3146,女,16,北京市,北京,白银,2024-10-21
U003147,王俊杰3147,女,27,江苏省,常州,普通,2023-02-18
U003148,周明轩3148,男,30,陕西省,渭南,铂金,2023-08-28
U003149,周梓萱3149,女,41,浙江省,嘉兴,普通,2026-05-16
U003150,黄明轩3150,女,16,河南省,洛阳,普通,2023-01-24
U003151,高雨桐3151,男,35,山东省,潍坊,黑金,2025-03-02
U003152,杨雨桐3152,女,16,广东省,东莞,普通,2025-05-11
U003153,杨思源3153,女,27,江苏省,南京,黄金,2023-06-23
U003154,徐梓萱3154,女,34,福建省,泉州,普通,2023-09-21
U003155,杨俊杰3155,女,29,北京市,北京,普通,2024-08-05
U003156,赵俊杰3156,女,37,河北省,石家庄,白银,2025-08-16
U003157,王明轩3157,女,43,浙江省,嘉兴,普通,2024-10-09
U003158,赵诗涵3158,女,16,上海市,上海,白银,2024-04-28
U003159,李梓萱3159,男,30,陕西省,咸阳,白银,2025-08-11
U003160,朱梓萱3160,女,40,河南省,洛阳,白银,2026-04-05
U003161,孙雨桐3161,男,33,湖北省,宜昌,普通,2023-03-29
U003162,张诗涵3162,女,25,福建省,厦门,白银,2025-12-13
U003163,高子涵3163,女,36,河北省,保定,普通,2024-02-18
U003164,孙一诺3164,男,27,广东省,广州,白银,2026-06-16
U003165,黄佳怡3165,女,30,山东省,烟台,铂金,2024-11-21
U003166,周嘉诚3166,女,22,上海市,上海,白银,2025-06-02
U003167,胡子涵3167,女,27,河南省,新乡,普通,2025-09-23
U003168,赵思源3168,女,41,河北省,唐山,普通,2025-01-18
U003169,刘梓萱3169,男,37,北京市,北京,普通,2023-10-19
U003170,杨雨桐3170,女,22,重庆市,重庆,黄金,2025-07-09
U003171,陈明轩3171,男,38,北京市,北京,普通,2025-07-31
U003172,杨嘉诚3172,女,42,广东省,深圳,普通,2026-06-09
U003173,吴子涵3173,男,22,山东省,烟台,普通,2025-05-28
U003174,刘一诺3174,男,35,湖北省,荆州,白银,2024-08-19
U003175,徐子涵3175,男,41,河南省,许昌,普通,2023-11-05
U003176,赵一诺3176,女,22,浙江省,温州,普通,2024-06-05
U003177,胡一诺3177,男,33,福建省,泉州,普通,2024-10-04
U003178,杨浩然3178,女,25,浙江省,杭州,普通,2025-05-17
U003179,王佳怡3179,女,35,河北省,石家庄,普通,2025-09-13
U003180,赵俊杰3180,男,19,山东省,青岛,白银,2024-12-03
U003181,黄雨桐3181,男,25,湖北省,宜昌,黄金,2024-05-14
U003182,胡佳怡3182,女,38,江苏省,南京,白银,2025-01-05
U003183,朱一诺3183,男,21,上海市,上海,普通,2023-10-08
U003184,张明轩3184,男,17,重庆市,重庆,黄金,2023-09-05
U003185,刘梓萱3185,男,26,江苏省,无锡,普通,2023-08-15
U003186,李嘉诚3186,男,41,广东省,佛山,普通,2024-04-07
U003187,李欣然3187,女,28,浙江省,宁波,普通,2025-09-21
U003188,朱梓萱3188,女,25,上海市,上海,黄金,2023-05-23
U003189,张浩然3189,男,30,重庆市,重庆,铂金,2023-02-11
U003190,赵俊杰3190,女,27,安徽省,安庆,普通,2025-03-03
U003191,胡雨桐3191,男,45,北京市,北京,普通,2026-06-13
U003192,周雨桐3192,女,16,山东省,潍坊,普通,2026-05-12
U003193,高浩然3193,女,36,四川省,成都,普通,2025-01-18
U003194,杨明轩3194,男,40,陕西省,西安,普通,2026-05-04
U003195,张欣然3195,男,23,广东省,深圳,普通,2024-08-18
U003196,孙思源3196,女,23,山东省,临沂,白银,2025-12-03
U003197,杨嘉诚3197,男,36,浙江省,绍兴,普通,2023-04-02
U003198,陈明轩3198,女,29,湖南省,长沙,普通,2026-04-11
U003199,周浩然3199,男,43,江苏省,南通,普通,2023-07-20
U003200,吴明轩3200,男,33,山东省,烟台,黄金,2025-11-24
U003201,张雨桐3201,男,22,安徽省,芜湖,白银,2024-09-18
U003202,黄佳怡3202,女,33,广东省,广州,白银,2025-10-02
U003203,陈浩然3203,女,16,河北省,保定,普通,2025-08-07
U003204,朱俊杰3204,女,37,浙江省,温州,普通,2026-03-13
U003205,朱佳怡3205,男,27,湖北省,武汉,普通,2026-01-05
U003206,王明轩3206,男,26,河南省,南阳,白银,2024-01-30
U003207,吴欣然3207,男,40,北京市,北京,白银,2024-07-29
U003208,张嘉诚3208,女,25,广东省,佛山,黄金,2023-09-11
U003209,高嘉诚3209,女,38,江苏省,常州,普通,2024-03-14
U003210,朱一诺3210,男,16,湖北省,宜昌,普通,2023-07-02
U003211,徐浩然3211,男,17,上海市,上海,普通,2023-12-28
U003212,孙嘉诚3212,男,27,上海市,上海,普通,2023-09-18
U003213,李一诺3213,女,34,山东省,烟台,普通,2023-06-27
U003214,杨思源3214,女,36,四川省,绵阳,铂金,2026-02-03
U003215,吴一诺3215,女,43,北京市,北京,普通,2024-01-12
U003216,朱欣然3216,男,43,浙江省,温州,普通,2025-07-10
U003217,王子涵3217,女,26,河北省,唐山,黄金,2025-11-02
U003218,孙佳怡3218,男,34,湖北省,宜昌,普通,2025-10-18
U003219,王诗涵3219,女,41,湖南省,长沙,白银,2023-05-24
U003220,黄梓萱3220,男,36,福建省,福州,普通,2023-02-10
U003221,吴诗涵3221,男,28,浙江省,嘉兴,普通,2024-10-02
U003222,王子涵3222,男,26,安徽省,安庆,白银,2024-12-02
U003223,张佳怡3223,女,16,河南省,许昌,白银,2024-07-03
U003224,孙欣然3224,女,37,四川省,德阳,黑金,2025-11-13
U003225,赵诗涵3225,男,25,上海市,上海,黄金,2024-01-24
U003226,朱欣然3226,男,32,湖北省,黄冈,普通,2025-08-08
U003227,李诗涵3227,女,48,湖南省,长沙,普通,2024-02-01
U003228,胡俊杰3228,女,19,浙江省,嘉兴,普通,2024-01-14
U003229,刘一诺3229,女,27,广东省,珠海,普通,2025-05-08
U003230,高明轩3230,男,32,浙江省,宁波,铂金,2023-05-18
U003231,李雨桐3231,女,39,江苏省,苏州,普通,2026-02-12
U003232,高雨桐3232,男,28,浙江省,嘉兴,普通,2025-06-08
U003233,赵明轩3233,男,30,广东省,珠海,普通,2024-08-29
U003234,杨嘉诚3234,女,30,安徽省,安庆,普通,2024-08-19
U003235,杨佳怡3235,女,37,湖北省,武汉,普通,2025-02-11
U003236,徐佳怡3236,男,16,福建省,福州,普通,2026-02-20
U003237,孙梓萱3237,女,33,陕西省,西安,黑金,2023-12-10
U003238,陈俊杰3238,男,25,上海市,上海,普通,2023-03-08
U003239,杨欣然3239,女,18,重庆市,重庆,普通,2025-05-20
U003240,孙雨桐3240,男,40,江苏省,常州,普通,2026-04-27
U003241,周佳怡3241,男,26,湖南省,株洲,黄金,2025-05-13
U003242,朱明轩3242,女,26,江苏省,南京,普通,2024-05-24
U003243,黄一诺3243,男,16,重庆市,重庆,白银,2026-02-26
U003244,周诗涵3244,男,28,广东省,佛山,普通,2024-03-06
U003245,徐明轩3245,女,16,广东省,珠海,白银,2026-01-13
U003246,高子涵3246,男,31,广东省,广州,铂金,2025-08-01
U003247,朱子涵3247,男,50,四川省,德阳,黄金,2025-12-25
U003248,周明轩3248,女,38,四川省,绵阳,普通,2025-11-27
U003249,黄一诺3249,男,28,广东省,佛山,普通,2023-05-03
U003250,孙雨桐3250,男,37,广东省,广州,普通,2025-11-21
U003251,周诗涵3251,男,41,广东省,珠海,普通,2025-03-15
U003252,高欣然3252,男,16,浙江省,宁波,普通,2024-05-24
U003253,徐浩然3253,男,26,湖北省,黄冈,普通,2025-07-14
U003254,李梓萱3254,女,39,浙江省,绍兴,普通,2023-02-01
U003255,刘俊杰3255,女,38,广东省,佛山,普通,2025-12-25
U003256,朱思源3256,女,42,广东省,广州,普通,2026-03-08
U003257,赵佳怡3257,男,37,广东省,广州,普通,2023-07-21
U003258,张子涵3258,男,29,江苏省,常州,普通,2024-09-14
U003259,高浩然3259,女,24,重庆市,重庆,普通,2026-02-16
U003260,杨佳怡3260,男,39,湖北省,宜昌,白银,2023-03-12
U003261,高俊杰3261,男,24,上海市,上海,普通,2023-04-20
U003262,陈嘉诚3262,男,33,福建省,莆田,普通,2025-05-17
U003263,高梓萱3263,男,48,江苏省,常州,普通,2025-08-21
U003264,周明轩3264,男,18,广东省,珠海,白银,2024-05-23
U003265,刘欣然3265,女,35,北京市,北京,普通,2025-02-23
U003266,朱子涵3266,女,26,上海市,上海,普通,2025-12-18
U003267,刘俊杰3267,男,20,福建省,漳州,铂金,2026-03-04
U003268,杨明轩3268,女,32,河南省,许昌,普通,2023-05-15
U003269,高子涵3269,女,40,湖北省,荆州,普通,2025-10-30
U003270,周嘉诚3270,男,42,河南省,洛阳,白银,2026-05-11
U003271,朱欣然3271,女,31,河南省,郑州,普通,2025-09-06
U003272,孙梓萱3272,女,25,福建省,莆田,普通,2025-05-14
U003273,陈俊杰3273,女,22,陕西省,渭南,普通,2025-02-20
U003274,张雨桐3274,女,37,浙江省,嘉兴,普通,2023-03-15
U003275,胡佳怡3275,男,34,湖南省,岳阳,黄金,2026-04-09
U003276,朱佳怡3276,女,27,江苏省,南京,普通,2024-10-24
U003277,周雨桐3277,女,36,河南省,新乡,普通,2024-11-25
U003278,朱子涵3278,男,42,河南省,许昌,普通,2023-04-26
U003279,张佳怡3279,女,20,四川省,绵阳,普通,2026-03-31
U003280,黄梓萱3280,女,45,福建省,莆田,普通,2023-01-08
U003281,杨欣然3281,女,33,四川省,宜宾,黄金,2024-01-13
U003282,周子涵3282,女,32,上海市,上海,黑金,2024-07-27
U003283,吴佳怡3283,男,24,山东省,济南,白银,2024-12-09
U003284,黄子涵3284,女,41,安徽省,阜阳,普通,2024-02-19
U003285,吴俊杰3285,男,29,北京市,北京,普通,2026-04-25
U003286,张子涵3286,男,16,广东省,东莞,普通,2023-12-31
U003287,吴梓萱3287,女,38,广东省,东莞,铂金,2024-09-20
U003288,张嘉诚3288,女,32,河南省,洛阳,黑金,2024-10-03
U003289,王嘉诚3289,女,44,广东省,佛山,普通,2026-01-27
U003290,孙雨桐3290,男,21,湖南省,株洲,普通,2024-06-13
U003291,李浩然3291,男,19,江苏省,无锡,普通,2024-04-22
U003292,徐明轩3292,女,18,广东省,东莞,普通,2024-06-21
U003293,徐佳怡3293,男,35,江苏省,南京,黄金,2023-08-13
U003294,周梓萱3294,女,32,广东省,广州,黑金,2024-05-24
U003295,高嘉诚3295,男,31,四川省,南充,普通,2024-07-17
U003296,刘欣然3296,男,16,湖南省,株洲,普通,2023-07-21
U003297,高嘉诚3297,男,28,重庆市,重庆,普通,2023-11-16
U003298,周思源3298,女,37,山东省,潍坊,普通,2025-12-06
U003299,吴雨桐3299,女,39,湖北省,宜昌,黄金,2024-11-26
U003300,周欣然3300,男,33,广东省,珠海,黄金,2023-01-15
U003301,杨嘉诚3301,男,34,广东省,珠海,白银,2025-09-01
U003302,王一诺3302,男,23,浙江省,绍兴,普通,2025-08-26
U003303,吴子涵3303,女,37,四川省,南充,黄金,2026-06-06
U003304,胡雨桐3304,女,53,福建省,厦门,黄金,2023-09-11
U003305,胡思源3305,女,27,山东省,济南,普通,2024-04-12
U003306,赵思源3306,女,26,山东省,烟台,普通,2024-03-28
U003307,李欣然3307,女,35,广东省,东莞,普通,2025-10-04
U003308,李雨桐3308,女,37,福建省,福州,普通,2025-08-11
U003309,朱俊杰3309,女,21,河南省,郑州,铂金,2023-11-17
U003310,孙思源3310,女,46,北京市,北京,普通,2023-06-07
U003311,胡浩然3311,女,34,山东省,潍坊,普通,2024-03-14
U003312,陈一诺3312,女,20,四川省,南充,白银,2026-04-27
U003313,孙俊杰3313,男,52,河南省,洛阳,普通,2025-04-30
U003314,周一诺3314,女,27,福建省,莆田,白银,2024-01-24
U003315,吴梓萱3315,男,21,江苏省,苏州,普通,2024-02-27
U003316,张一诺3316,女,30,上海市,上海,普通,2023-04-30
U003317,王明轩3317,男,41,河北省,唐山,黄金,2023-08-09
U003318,徐佳怡3318,女,36,江苏省,常州,普通,2023-06-28
U003319,吴雨桐3319,女,16,湖北省,宜昌,普通,2023-11-10
U003320,陈雨桐3320,女,24,福建省,漳州,白银,2024-10-31
U003321,刘嘉诚3321,女,27,浙江省,宁波,铂金,2024-06-16
U003322,徐诗涵3322,女,24,广东省,广州,黄金,2023-08-27
U003323,周佳怡3323,女,39,浙江省,嘉兴,普通,2025-02-09
U003324,杨浩然3324,男,30,山东省,青岛,普通,2026-04-01
U003325,周思源3325,男,31,河南省,新乡,普通,2025-09-05
U003326,徐欣然3326,男,27,福建省,厦门,普通,2026-05-30
U003327,黄明轩3327,女,22,福建省,漳州,白银,2023-04-27
U003328,周俊杰3328,女,37,四川省,南充,普通,2025-03-28
U003329,周子涵3329,男,42,北京市,北京,白银,2023-12-13
U003330,陈明轩3330,女,33,河北省,廊坊,黄金,2023-01-07
U003331,陈子涵3331,女,21,江苏省,南通,普通,2026-06-02
U003332,刘欣然3332,女,40,重庆市,重庆,普通,2025-06-01
U003333,周佳怡3333,男,34,河北省,保定,白银,2023-03-21
U003334,周一诺3334,女,31,河南省,新乡,普通,2024-08-24
U003335,吴梓萱3335,男,24,山东省,青岛,普通,2024-11-15
U003336,孙雨桐3336,女,47,浙江省,绍兴,普通,2023-07-29
U003337,高佳怡3337,男,20,湖北省,襄阳,普通,2023-07-22
U003338,孙诗涵3338,男,17,湖南省,长沙,黄金,2024-01-07
U003339,赵诗涵3339,男,40,河北省,保定,铂金,2024-12-14
U003340,徐佳怡3340,女,25,福建省,泉州,普通,2023-01-24
U003341,孙浩然3341,女,39,广东省,东莞,普通,2023-03-22
U003342,赵嘉诚3342,男,35,广东省,珠海,普通,2024-07-23
U003343,张佳怡3343,男,37,浙江省,温州,普通,2023-09-19
U003344,胡佳怡3344,男,38,四川省,宜宾,白银,2023-03-19
U003345,高雨桐3345,男,35,广东省,珠海,普通,2024-06-12
U003346,赵子涵3346,男,29,湖北省,宜昌,普通,2023-11-24
U003347,胡浩然3347,男,44,陕西省,咸阳,黄金,2023-11-15
U003348,王子涵3348,男,29,江苏省,苏州,普通,2026-05-20
U003349,张梓萱3349,女,25,陕西省,西安,普通,2024-04-28
U003350,吴浩然3350,男,27,河北省,唐山,铂金,2025-05-17
U003351,徐雨桐3351,男,27,湖南省,常德,普通,2024-10-19
U003352,刘浩然3352,女,23,江苏省,南通,铂金,2024-05-23
U003353,赵诗涵3353,女,31,四川省,成都,普通,2026-01-11
U003354,张雨桐3354,男,18,河南省,许昌,铂金,2024-09-21
U003355,胡明轩3355,女,30,北京市,北京,白银,2025-07-25
U003356,孙梓萱3356,男,27,河南省,新乡,铂金,2025-02-04
U003357,王嘉诚3357,女,32,山东省,潍坊,普通,2024-01-07
U003358,黄佳怡3358,女,16,广东省,深圳,普通,2026-02-16
U003359,孙嘉诚3359,女,16,河南省,许昌,普通,2023-12-27
U003360,张诗涵3360,男,26,山东省,临沂,普通,2023-09-10
U003361,张梓萱3361,男,24,江苏省,南通,普通,2025-12-22
U003362,孙浩然3362,女,29,陕西省,西安,白银,2025-03-02
U003363,吴一诺3363,男,24,江苏省,苏州,黄金,2025-01-24
U003364,吴浩然3364,女,34,江苏省,南京,普通,2023-08-10
U003365,赵浩然3365,男,33,山东省,青岛,白银,2023-08-15
U003366,李浩然3366,女,34,江苏省,常州,普通,2023-01-05
U003367,吴雨桐3367,女,36,河北省,保定,黄金,2026-01-24
U003368,孙一诺3368,女,31,湖南省,岳阳,黄金,2023-04-21
U003369,吴明轩3369,男,45,北京市,北京,普通,2024-06-07
U003370,刘浩然3370,男,40,湖北省,武汉,普通,2023-10-25
U003371,周明轩3371,女,35,安徽省,阜阳,普通,2025-04-30
U003372,胡佳怡3372,女,33,安徽省,阜阳,普通,2023-09-25
U003373,朱梓萱3373,女,21,湖北省,黄冈,普通,2025-08-04
U003374,朱俊杰3374,女,35,湖北省,宜昌,普通,2025-09-05
U003375,李嘉诚3375,男,37,四川省,德阳,普通,2024-01-25
U003376,赵思源3376,女,29,广东省,东莞,普通,2025-04-10
U003377,孙浩然3377,女,28,四川省,德阳,白银,2025-05-23
U003378,胡浩然3378,女,40,湖南省,长沙,铂金,2025-10-26
U003379,陈梓萱3379,男,40,浙江省,绍兴,普通,2024-09-09
U003380,黄嘉诚3380,女,40,重庆市,重庆,普通,2025-11-29
U003381,刘欣然3381,女,38,山东省,烟台,普通,2025-08-06
U003382,周欣然3382,女,32,广东省,广州,普通,2024-03-25
U003383,孙雨桐3383,男,43,山东省,烟台,普通,2023-03-13
U003384,徐欣然3384,女,25,广东省,佛山,黄金,2026-06-22
U003385,周嘉诚3385,女,19,江苏省,南通,白银,2024-02-20
U003386,陈一诺3386,男,41,浙江省,宁波,白银,2025-02-16
U003387,刘明轩3387,女,27,重庆市,重庆,普通,2025-08-01
U003388,朱子涵3388,男,39,福建省,莆田,普通,2023-09-30
U003389,赵欣然3389,女,36,北京市,北京,普通,2023-03-20
U003390,胡梓萱3390,女,27,江苏省,无锡,普通,2025-07-01
U003391,王诗涵3391,男,25,安徽省,芜湖,普通,2023-05-30
U003392,周浩然3392,女,27,广东省,珠海,普通,2024-05-20
U003393,胡思源3393,女,26,陕西省,咸阳,普通,2026-02-16
U003394,周佳怡3394,女,27,河北省,唐山,普通,2024-09-20
U003395,徐思源3395,男,17,广东省,佛山,普通,2023-09-02
U003396,朱欣然3396,女,38,湖北省,荆州,普通,2023-09-26
U003397,吴俊杰3397,女,35,江苏省,南通,普通,2023-11-05
U003398,陈雨桐3398,女,31,江苏省,苏州,普通,2023-08-02
U003399,朱明轩3399,男,32,浙江省,宁波,普通,2025-12-22
U003400,黄嘉诚3400,男,26,湖北省,襄阳,普通,2024-10-10
U003401,孙诗涵3401,男,37,上海市,上海,黄金,2025-09-08
U003402,王佳怡3402,男,33,江苏省,南京,普通,2026-05-16
U003403,吴欣然3403,男,24,浙江省,嘉兴,普通,2026-06-01
U003404,周一诺3404,女,33,北京市,北京,普通,2023-03-31
U003405,张浩然3405,女,24,浙江省,温州,普通,2023-07-06
U003406,王俊杰3406,男,45,湖北省,襄阳,黄金,2026-04-24
U003407,李一诺3407,女,38,广东省,东莞,普通,2023-11-24
U003408,周佳怡3408,女,31,湖北省,黄冈,黄金,2024-07-23
U003409,杨诗涵3409,女,35,重庆市,重庆,普通,2023-04-19
U003410,徐雨桐3410,男,34,河南省,洛阳,白银,2025-08-02
U003411,李俊杰3411,男,16,上海市,上海,普通,2025-09-30
U003412,王梓萱3412,女,33,浙江省,宁波,普通,2024-07-11
U003413,朱一诺3413,男,48,广东省,深圳,普通,2024-01-02
U003414,徐梓萱3414,男,23,重庆市,重庆,普通,2024-02-15
U003415,李俊杰3415,男,43,浙江省,杭州,普通,2025-02-25
U003416,孙欣然3416,女,36,广东省,广州,普通,2023-09-14
U003417,高诗涵3417,女,41,重庆市,重庆,黄金,2023-09-27
U003418,张思源3418,女,22,福建省,莆田,普通,2024-11-16
U003419,胡明轩3419,男,24,北京市,北京,普通,2025-03-14
U003420,孙欣然3420,男,26,浙江省,宁波,黄金,2023-02-04
U003421,胡明轩3421,男,31,河北省,石家庄,普通,2024-02-10
U003422,周梓萱3422,男,22,河南省,郑州,普通,2024-12-21
U003423,黄欣然3423,女,25,陕西省,宝鸡,黄金,2025-09-01
U003424,朱雨桐3424,男,29,四川省,德阳,白银,2025-04-12
U003425,黄欣然3425,男,31,上海市,上海,白银,2025-07-18
U003426,胡梓萱3426,男,34,重庆市,重庆,普通,2023-08-21
U003427,黄浩然3427,男,20,浙江省,宁波,普通,2024-09-26
U003428,王嘉诚3428,女,27,北京市,北京,普通,2024-11-07
U003429,孙一诺3429,女,28,河北省,廊坊,普通,2024-11-28
U003430,周欣然3430,女,38,河北省,廊坊,白银,2024-03-04
U003431,赵佳怡3431,男,24,北京市,北京,普通,2023-09-19
U003432,黄欣然3432,女,31,广东省,佛山,黄金,2025-08-05
U003433,孙一诺3433,女,29,山东省,济南,普通,2024-04-05
U003434,王欣然3434,女,34,浙江省,杭州,黄金,2025-04-13
U003435,周一诺3435,女,29,四川省,成都,铂金,2023-11-23
U003436,赵佳怡3436,女,29,山东省,济南,黄金,2025-05-04
U003437,徐明轩3437,女,27,陕西省,渭南,黄金,2026-06-04
U003438,吴一诺3438,男,16,广东省,深圳,铂金,2025-07-21
U003439,刘一诺3439,男,44,上海市,上海,普通,2024-12-04
U003440,孙雨桐3440,女,33,北京市,北京,黑金,2025-09-14
U003441,陈诗涵3441,女,37,湖南省,岳阳,铂金,2026-02-09
U003442,张诗涵3442,男,23,广东省,深圳,普通,2024-12-21
U003443,胡一诺3443,男,38,湖北省,武汉,普通,2024-10-09
U003444,朱明轩3444,女,29,福建省,莆田,黄金,2023-04-12
U003445,孙诗涵3445,女,27,浙江省,杭州,普通,2023-05-18
U003446,周梓萱3446,男,26,四川省,德阳,黄金,2025-09-08
U003447,李佳怡3447,男,30,广东省,广州,普通,2023-02-17
U003448,吴嘉诚3448,女,33,广东省,珠海,普通,2024-01-10
U003449,张梓萱3449,男,24,上海市,上海,普通,2025-07-05
U003450,黄佳怡3450,男,22,四川省,德阳,普通,2025-12-07
U003451,李俊杰3451,女,30,河南省,南阳,白银,2023-02-04
U003452,张子涵3452,男,47,江苏省,苏州,普通,2024-07-10
U003453,孙子涵3453,男,28,江苏省,苏州,普通,2023-09-11
U003454,王雨桐3454,男,43,湖南省,长沙,白银,2023-10-08
U003455,黄明轩3455,女,26,上海市,上海,白银,2024-08-16
U003456,杨欣然3456,男,33,浙江省,宁波,普通,2024-05-14
U003457,王俊杰3457,男,37,四川省,南充,普通,2026-02-03
U003458,朱一诺3458,女,35,河北省,廊坊,普通,2025-04-05
U003459,李欣然3459,女,31,江苏省,南京,普通,2023-12-31
U003460,赵俊杰3460,女,39,江苏省,常州,黄金,2023-02-17
U003461,吴明轩3461,男,16,浙江省,温州,普通,2024-05-29
U003462,王嘉诚3462,男,22,山东省,潍坊,普通,2026-06-21
U003463,胡欣然3463,女,22,浙江省,嘉兴,黄金,2023-04-23
U003464,李梓萱3464,女,37,福建省,漳州,白银,2023-03-26
U003465,张俊杰3465,男,16,河南省,郑州,普通,2025-02-21
U003466,陈明轩3466,女,45,广东省,东莞,普通,2024-11-21
U003467,徐子涵3467,女,16,安徽省,合肥,普通,2026-04-21
U003468,张子涵3468,女,41,陕西省,宝鸡,普通,2023-07-07
U003469,孙雨桐3469,女,26,河北省,保定,普通,2024-10-14
U003470,李诗涵3470,女,24,安徽省,阜阳,普通,2026-04-22
U003471,杨明轩3471,男,21,山东省,临沂,白银,2023-02-03
U003472,黄思源3472,女,30,山东省,临沂,普通,2025-04-17
U003473,张佳怡3473,女,39,湖南省,长沙,普通,2026-05-30
U003474,周一诺3474,女,29,四川省,南充,普通,2023-08-15
U003475,高明轩3475,女,27,江苏省,南京,白银,2026-06-11
U003476,赵俊杰3476,男,16,湖南省,常德,普通,2024-01-23
U003477,刘诗涵3477,男,37,四川省,宜宾,普通,2024-05-08
U003478,赵一诺3478,女,40,湖北省,襄阳,普通,2025-07-28
U003479,孙明轩3479,女,32,广东省,佛山,铂金,2025-11-06
U003480,黄梓萱3480,女,19,陕西省,咸阳,黄金,2024-12-28
U003481,徐子涵3481,女,29,福建省,泉州,普通,2024-01-14
U003482,王佳怡3482,男,34,四川省,宜宾,普通,2023-08-13
U003483,张佳怡3483,男,34,重庆市,重庆,普通,2025-02-07
U003484,刘俊杰3484,男,35,广东省,广州,白银,2023-02-09
U003485,周俊杰3485,男,26,河南省,新乡,黄金,2026-03-04
U003486,赵佳怡3486,女,43,广东省,深圳,普通,2023-07-07
U003487,胡浩然3487,男,42,江苏省,常州,白银,2023-05-20
U003488,刘浩然3488,女,25,浙江省,嘉兴,普通,2023-12-03
U003489,王一诺3489,男,35,湖南省,衡阳,普通,2023-10-15
U003490,周俊杰3490,男,39,江苏省,苏州,普通,2025-11-08
U003491,赵梓萱3491,男,36,浙江省,温州,白银,2026-05-13
U003492,张思源3492,男,35,福建省,泉州,普通,2024-09-08
U003493,王佳怡3493,男,36,上海市,上海,普通,2025-06-06
U003494,周子涵3494,男,44,山东省,济南,普通,2024-12-08
U003495,黄一诺3495,女,19,广东省,深圳,普通,2025-04-03
U003496,胡子涵3496,女,19,广东省,东莞,白银,2024-07-21
U003497,李嘉诚3497,女,34,山东省,烟台,普通,2024-04-13
U003498,李一诺3498,男,36,广东省,深圳,普通,2024-05-14
U003499,刘子涵3499,男,17,江苏省,南通,白银,2026-01-15
U003500,杨欣然3500,女,28,湖北省,荆州,普通,2024-10-01
U003501,朱思源3501,男,25,浙江省,嘉兴,普通,2026-01-28
U003502,刘诗涵3502,男,18,江苏省,苏州,普通,2025-02-06
U003503,高欣然3503,男,24,湖北省,黄冈,黄金,2024-11-06
U003504,高雨桐3504,女,30,湖北省,武汉,普通,2023-04-22
U003505,周佳怡3505,男,36,江苏省,常州,普通,2025-09-22
U003506,孙明轩3506,女,22,湖南省,长沙,普通,2024-10-02
U003507,李梓萱3507,女,26,福建省,泉州,普通,2025-06-23
U003508,张一诺3508,男,43,江苏省,南通,白银,2024-08-15
U003509,胡雨桐3509,女,35,浙江省,嘉兴,白银,2024-04-28
U003510,周欣然3510,女,37,广东省,佛山,黄金,2023-05-23
U003511,吴雨桐3511,女,21,湖北省,武汉,普通,2024-11-07
U003512,吴梓萱3512,男,38,江苏省,苏州,普通,2026-04-26
U003513,赵明轩3513,男,41,北京市,北京,普通,2023-01-11
U003514,孙浩然3514,男,25,湖北省,黄冈,普通,2024-07-03
U003515,刘明轩3515,女,31,河北省,廊坊,黄金,2025-10-06
U003516,吴浩然3516,女,21,浙江省,绍兴,铂金,2023-11-18
U003517,赵俊杰3517,女,34,山东省,青岛,白银,2024-03-04
U003518,徐嘉诚3518,男,45,河南省,新乡,普通,2023-06-26
U003519,黄雨桐3519,女,26,福建省,厦门,黄金,2026-05-10
U003520,吴梓萱3520,男,34,湖南省,岳阳,普通,2025-09-05
U003521,张思源3521,女,25,广东省,广州,普通,2023-04-05
U003522,刘明轩3522,女,16,广东省,广州,普通,2023-11-10
U003523,孙俊杰3523,女,39,山东省,潍坊,白银,2026-04-26
U003524,吴诗涵3524,女,35,河南省,许昌,黄金,2023-10-12
U003525,刘浩然3525,女,34,河北省,唐山,普通,2023-01-20
U003526,张子涵3526,女,39,上海市,上海,普通,2026-04-09
U003527,杨诗涵3527,女,27,重庆市,重庆,普通,2023-06-06
U003528,张浩然3528,男,32,河南省,新乡,白银,2023-05-02
U003529,胡雨桐3529,女,35,浙江省,宁波,黑金,2023-11-22
U003530,朱梓萱3530,女,18,安徽省,合肥,白银,2026-03-13
U003531,杨诗涵3531,女,37,四川省,绵阳,普通,2024-01-25
U003532,徐俊杰3532,男,23,江苏省,苏州,普通,2024-09-20
U003533,徐浩然3533,男,31,广东省,佛山,普通,2024-04-05
U003534,周浩然3534,女,30,湖南省,常德,普通,2025-05-30
U003535,徐嘉诚3535,男,26,山东省,烟台,普通,2023-06-29
U003536,刘诗涵3536,女,42,四川省,宜宾,黑金,2023-02-13
U003537,高浩然3537,女,23,江苏省,苏州,普通,2025-11-27
U003538,王佳怡3538,男,29,广东省,广州,白银,2025-04-28
U003539,杨佳怡3539,男,39,江苏省,南京,普通,2023-03-28
U003540,李雨桐3540,女,29,广东省,广州,普通,2023-07-28
U003541,高明轩3541,男,32,江苏省,常州,普通,2023-07-02
U003542,王思源3542,男,38,陕西省,咸阳,普通,2023-10-24
U003543,胡雨桐3543,女,19,安徽省,合肥,普通,2023-08-24
U003544,徐雨桐3544,女,28,江苏省,无锡,黄金,2024-02-24
U003545,吴俊杰3545,女,26,广东省,广州,黑金,2026-06-11
U003546,胡子涵3546,女,42,山东省,济南,普通,2024-06-28
U003547,刘一诺3547,男,36,四川省,成都,普通,2025-02-25
U003548,刘雨桐3548,男,17,陕西省,咸阳,铂金,2024-08-21
U003549,刘嘉诚3549,男,29,浙江省,绍兴,普通,2023-04-04
U003550,张俊杰3550,女,33,广东省,佛山,普通,2023-07-09
U003551,陈俊杰3551,女,21,河南省,南阳,白银,2025-08-06
U003552,李欣然3552,女,30,江苏省,常州,普通,2023-08-02
U003553,孙子涵3553,男,25,福建省,漳州,普通,2024-09-14
U003554,孙嘉诚3554,女,28,湖北省,荆州,白银,2025-01-23
U003555,吴一诺3555,男,40,广东省,广州,普通,2023-09-14
U003556,高浩然3556,女,38,广东省,广州,铂金,2026-04-12
U003557,朱一诺3557,女,34,浙江省,温州,普通,2023-06-04
U003558,李子涵3558,女,33,湖南省,岳阳,普通,2023-02-04
U003559,赵佳怡3559,男,29,河南省,许昌,白银,2026-02-18
U003560,黄俊杰3560,女,28,浙江省,嘉兴,普通,2025-04-05
U003561,周思源3561,女,33,广东省,佛山,白银,2024-02-16
U003562,刘俊杰3562,女,19,河南省,新乡,普通,2023-06-13
U003563,王浩然3563,男,25,重庆市,重庆,白银,2024-05-26
U003564,王诗涵3564,男,35,山东省,临沂,白银,2024-07-28
U003565,徐佳怡3565,男,42,湖北省,武汉,白银,2025-09-09
U003566,李一诺3566,女,37,江苏省,南通,普通,2023-07-14
U003567,李思源3567,男,26,浙江省,杭州,铂金,2026-01-23
U003568,吴明轩3568,男,26,浙江省,绍兴,普通,2023-09-12
U003569,孙诗涵3569,女,31,上海市,上海,白银,2023-03-24
U003570,张思源3570,女,26,浙江省,宁波,白银,2023-07-19
U003571,高俊杰3571,女,29,福建省,泉州,普通,2023-10-19
U003572,周明轩3572,男,33,山东省,临沂,普通,2025-11-19
U003573,周雨桐3573,女,38,安徽省,芜湖,黑金,2026-05-19
U003574,朱浩然3574,男,35,陕西省,咸阳,铂金,2026-01-27
U003575,徐佳怡3575,男,20,安徽省,阜阳,铂金,2023-11-26
U003576,刘欣然3576,女,36,广东省,深圳,普通,2026-06-01
U003577,周佳怡3577,男,43,山东省,青岛,白银,2026-05-25
U003578,徐明轩3578,男,31,安徽省,芜湖,普通,2025-12-07
U003579,杨欣然3579,女,31,浙江省,绍兴,普通,2025-10-06
U003580,王一诺3580,女,29,安徽省,芜湖,黄金,2024-06-18
U003581,赵梓萱3581,女,36,山东省,青岛,普通,2024-08-25
U003582,杨嘉诚3582,男,38,四川省,德阳,普通,2024-04-04
U003583,刘子涵3583,女,35,山东省,烟台,铂金,2023-09-16
U003584,徐嘉诚3584,女,33,陕西省,渭南,白银,2025-12-29
U003585,徐诗涵3585,女,40,江苏省,南通,普通,2023-07-15
U003586,赵诗涵3586,男,45,浙江省,嘉兴,普通,2023-09-12
U003587,陈梓萱3587,女,45,山东省,临沂,普通,2026-02-14
U003588,胡思源3588,男,36,山东省,烟台,白银,2025-03-09
U003589,周子涵3589,女,20,重庆市,重庆,普通,2023-05-09
U003590,王思源3590,男,16,山东省,潍坊,黄金,2023-09-17
U003591,周欣然3591,女,26,陕西省,渭南,普通,2023-02-05
U003592,吴明轩3592,女,21,湖南省,株洲,普通,2025-12-30
U003593,朱思源3593,女,35,湖北省,宜昌,白银,2023-02-21
U003594,陈梓萱3594,女,33,陕西省,西安,普通,2024-03-13
U003595,李思源3595,女,33,河南省,新乡,普通,2025-04-13
U003596,孙一诺3596,男,35,广东省,广州,普通,2026-05-05
U003597,张思源3597,女,32,安徽省,安庆,普通,2023-03-24
U003598,杨浩然3598,男,29,安徽省,阜阳,黄金,2026-04-27
U003599,赵思源3599,男,37,广东省,深圳,白银,2026-02-10
U003600,王一诺3600,女,31,上海市,上海,铂金,2023-10-11
U003601,孙佳怡3601,男,22,河南省,洛阳,普通,2024-02-16
U003602,吴子涵3602,男,36,陕西省,宝鸡,黑金,2024-02-03
U003603,吴嘉诚3603,女,17,湖北省,武汉,黄金,2025-03-10
U003604,孙雨桐3604,男,19,重庆市,重庆,白银,2023-11-28
U003605,黄一诺3605,女,54,浙江省,温州,普通,2023-07-25
U003606,徐嘉诚3606,男,22,浙江省,绍兴,普通,2026-03-10
U003607,刘一诺3607,男,35,上海市,上海,普通,2025-10-18
U003608,杨一诺3608,男,33,陕西省,咸阳,普通,2023-08-18
U003609,高浩然3609,男,40,广东省,深圳,黄金,2024-07-16
U003610,张子涵3610,男,29,江苏省,苏州,普通,2023-09-27
U003611,徐俊杰3611,男,32,陕西省,西安,普通,2023-12-12
U003612,张欣然3612,男,22,湖北省,襄阳,普通,2024-06-14
U003613,李一诺3613,男,18,山东省,临沂,普通,2024-01-17
U003614,李诗涵3614,女,37,湖北省,宜昌,普通,2024-02-27
U003615,高思源3615,男,48,广东省,佛山,铂金,2025-08-16
U003616,陈嘉诚3616,男,24,安徽省,阜阳,黄金,2025-10-14
U003617,杨欣然3617,男,33,湖南省,长沙,白银,2023-11-17
U003618,张思源3618,女,32,湖南省,常德,铂金,2026-02-05
U003619,张雨桐3619,男,45,广东省,深圳,铂金,2025-12-05
U003620,杨浩然3620,女,18,广东省,佛山,普通,2023-02-24
U003621,王佳怡3621,女,40,福建省,福州,白银,2023-05-19
U003622,孙浩然3622,女,32,河南省,郑州,普通,2023-01-16
U003623,李明轩3623,女,56,河南省,郑州,白银,2024-05-25
U003624,刘思源3624,女,28,江苏省,南通,普通,2025-01-25
U003625,张嘉诚3625,女,39,四川省,成都,白银,2024-05-13
U003626,孙明轩3626,女,32,山东省,潍坊,普通,2024-05-29
U003627,刘诗涵3627,男,25,北京市,北京,铂金,2023-05-10
U003628,吴一诺3628,女,31,湖北省,荆州,普通,2025-12-16
U003629,周浩然3629,女,51,重庆市,重庆,普通,2024-02-01
U003630,朱俊杰3630,女,17,浙江省,绍兴,普通,2025-11-03
U003631,杨浩然3631,男,38,广东省,广州,普通,2025-05-21
U003632,胡子涵3632,女,54,广东省,珠海,普通,2025-08-19
U003633,孙浩然3633,男,32,广东省,广州,普通,2023-10-14
U003634,李子涵3634,男,30,河南省,新乡,普通,2023-11-10
U003635,刘佳怡3635,男,26,广东省,广州,普通,2026-05-06
U003636,李思源3636,女,35,河南省,许昌,普通,2025-05-29
U003637,杨子涵3637,男,33,山东省,青岛,黄金,2025-05-04
U003638,周欣然3638,男,30,河南省,郑州,普通,2025-06-18
U003639,徐佳怡3639,女,34,河南省,洛阳,普通,2025-11-09
U003640,王浩然3640,女,16,河南省,洛阳,黄金,2026-01-03
U003641,周思源3641,男,41,山东省,济南,白银,2023-06-13
U003642,张明轩3642,男,22,四川省,宜宾,普通,2023-04-02
U003643,高佳怡3643,男,43,河南省,许昌,白银,2023-12-18
U003644,陈雨桐3644,女,45,北京市,北京,普通,2023-11-10
U003645,孙嘉诚3645,女,34,山东省,潍坊,普通,2023-07-01
U003646,李思源3646,女,36,湖南省,株洲,普通,2024-12-17
U003647,张欣然3647,女,33,北京市,北京,铂金,2025-12-09
U003648,陈佳怡3648,男,28,山东省,潍坊,白银,2025-09-11
U003649,徐雨桐3649,男,30,浙江省,宁波,白银,2025-06-08
U003650,李明轩3650,女,45,江苏省,南京,黄金,2024-09-17
U003651,黄明轩3651,女,37,河南省,新乡,白银,2025-07-12
U003652,朱浩然3652,男,31,山东省,临沂,黄金,2024-06-03
U003653,黄明轩3653,男,27,浙江省,绍兴,白银,2024-04-18
U003654,吴思源3654,男,37,江苏省,南通,普通,2025-08-21
U003655,李梓萱3655,男,25,湖北省,武汉,普通,2025-02-07
U003656,杨子涵3656,男,33,江苏省,南京,白银,2024-10-04
U003657,王一诺3657,男,42,广东省,广州,普通,2026-05-14
U003658,黄俊杰3658,男,22,广东省,深圳,黄金,2023-09-06
U003659,周思源3659,男,32,湖南省,株洲,普通,2026-04-12
U003660,高诗涵3660,女,24,河南省,洛阳,白银,2025-12-20
U003661,吴一诺3661,女,29,浙江省,杭州,普通,2025-08-01
U003662,高子涵3662,男,50,陕西省,宝鸡,白银,2024-05-16
U003663,陈欣然3663,女,39,山东省,临沂,普通,2024-12-24
U003664,徐一诺3664,女,25,浙江省,杭州,白银,2026-02-14
U003665,黄嘉诚3665,女,21,浙江省,嘉兴,普通,2026-06-20
U003666,周欣然3666,女,30,江苏省,南京,铂金,2024-05-08
U003667,陈佳怡3667,女,49,陕西省,渭南,铂金,2023-12-03
U003668,黄一诺3668,女,16,河南省,南阳,白银,2023-12-06
U003669,王思源3669,女,35,福建省,厦门,白银,2024-01-20
U003670,杨欣然3670,男,26,安徽省,合肥,普通,2025-07-08
U003671,吴嘉诚3671,女,30,河南省,郑州,普通,2024-01-31
U003672,刘子涵3672,女,27,广东省,佛山,铂金,2023-02-20
U003673,李子涵3673,男,18,江苏省,苏州,普通,2025-01-25
U003674,张子涵3674,男,28,广东省,广州,普通,2026-03-27
U003675,徐欣然3675,女,30,山东省,青岛,普通,2024-08-18
U003676,刘思源3676,女,31,重庆市,重庆,白银,2024-04-28
U003677,张雨桐3677,女,29,广东省,佛山,普通,2023-01-22
U003678,黄思源3678,男,20,浙江省,杭州,铂金,2024-07-14
U003679,赵佳怡3679,女,34,重庆市,重庆,普通,2023-12-21
U003680,李俊杰3680,男,35,北京市,北京,普通,2025-04-15
U003681,李思源3681,男,30,上海市,上海,白银,2024-03-17
U003682,孙子涵3682,女,34,江苏省,常州,普通,2026-02-13
U003683,张嘉诚3683,男,47,江苏省,南通,普通,2025-07-26
U003684,黄欣然3684,女,32,河北省,保定,铂金,2023-05-23
U003685,陈嘉诚3685,男,27,江苏省,无锡,黄金,2023-07-09
U003686,李子涵3686,女,34,河北省,保定,白银,2025-07-03
U003687,黄诗涵3687,男,19,江苏省,南京,普通,2023-05-17
U003688,黄子涵3688,女,46,四川省,成都,普通,2024-12-11
U003689,刘一诺3689,女,19,湖北省,武汉,普通,2024-08-25
U003690,赵佳怡3690,男,47,广东省,珠海,普通,2024-08-06
U003691,刘思源3691,男,27,湖北省,襄阳,普通,2024-08-15
U003692,周诗涵3692,男,26,山东省,济南,白银,2025-08-13
U003693,胡明轩3693,男,40,山东省,青岛,普通,2023-05-16
U003694,吴嘉诚3694,女,25,陕西省,西安,普通,2025-07-24
U003695,吴诗涵3695,男,24,江苏省,南京,铂金,2024-02-23
U003696,杨一诺3696,男,24,福建省,漳州,普通,2024-05-07
U003697,李子涵3697,男,36,福建省,漳州,普通,2024-07-09
U003698,李诗涵3698,女,36,浙江省,嘉兴,白银,2023-10-28
U003699,杨浩然3699,男,21,广东省,广州,普通,2024-02-03
U003700,吴一诺3700,女,36,浙江省,嘉兴,普通,2023-02-08
U003701,胡诗涵3701,男,33,浙江省,宁波,白银,2024-09-22
U003702,黄雨桐3702,女,30,浙江省,绍兴,普通,2024-08-11
U003703,赵欣然3703,女,26,湖南省,长沙,普通,2026-04-21
U003704,陈诗涵3704,女,16,广东省,佛山,普通,2025-05-29
U003705,刘欣然3705,男,30,陕西省,宝鸡,黄金,2024-10-08
U003706,高子涵3706,男,36,广东省,东莞,普通,2025-12-04
U003707,孙明轩3707,男,37,安徽省,安庆,铂金,2023-08-28
U003708,朱俊杰3708,男,54,山东省,青岛,白银,2023-04-12
U003709,李梓萱3709,男,35,广东省,广州,普通,2024-03-04
U003710,王雨桐3710,男,37,四川省,德阳,普通,2025-10-06
U003711,朱雨桐3711,女,31,江苏省,南通,黄金,2024-08-30
U003712,徐浩然3712,男,24,河北省,廊坊,普通,2026-02-02
U003713,周嘉诚3713,女,30,山东省,临沂,普通,2024-04-11
U003714,徐思源3714,男,16,浙江省,杭州,普通,2023-08-27
U003715,刘俊杰3715,男,21,湖北省,襄阳,普通,2025-12-10
U003716,周思源3716,男,40,广东省,深圳,普通,2024-05-14
U003717,陈明轩3717,女,43,湖南省,常德,普通,2024-03-24
U003718,吴浩然3718,男,27,四川省,宜宾,普通,2023-03-08
U003719,杨佳怡3719,女,30,四川省,德阳,普通,2023-05-10
U003720,黄雨桐3720,女,50,江苏省,南京,普通,2026-01-01
U003721,周俊杰3721,男,30,福建省,厦门,普通,2026-05-17
U003722,王佳怡3722,女,22,安徽省,合肥,普通,2023-04-01
U003723,周欣然3723,女,30,广东省,广州,普通,2024-04-09
U003724,刘梓萱3724,女,16,山东省,临沂,黑金,2026-04-12
U003725,赵梓萱3725,男,34,广东省,深圳,黄金,2025-06-17
U003726,李俊杰3726,女,23,上海市,上海,普通,2024-11-15
U003727,李欣然3727,男,47,浙江省,绍兴,普通,2026-03-08
U003728,朱浩然3728,女,32,江苏省,苏州,普通,2024-10-17
U003729,王俊杰3729,男,29,北京市,北京,白银,2024-10-27
U003730,高欣然3730,女,26,北京市,北京,普通,2024-06-01
U003731,陈欣然3731,男,36,广东省,东莞,白银,2025-07-10
U003732,周欣然3732,女,39,山东省,青岛,普通,2023-06-25
U003733,刘明轩3733,男,31,重庆市,重庆,白银,2025-06-22
U003734,朱诗涵3734,男,36,广东省,珠海,普通,2023-11-22
U003735,刘诗涵3735,男,23,江苏省,南通,铂金,2023-02-15
U003736,黄俊杰3736,女,29,河北省,保定,普通,2024-03-07
U003737,周嘉诚3737,女,16,山东省,潍坊,黄金,2023-04-15
U003738,刘嘉诚3738,男,38,四川省,宜宾,黄金,2025-06-28
U003739,王俊杰3739,男,46,湖北省,武汉,普通,2024-06-17
U003740,赵明轩3740,女,32,北京市,北京,普通,2025-07-10
U003741,赵嘉诚3741,女,46,江苏省,苏州,白银,2024-10-19
U003742,陈明轩3742,男,16,广东省,广州,白银,2023-07-23
U003743,吴雨桐3743,女,29,浙江省,杭州,普通,2025-07-12
U003744,吴嘉诚3744,男,29,广东省,广州,白银,2024-05-06
U003745,吴俊杰3745,女,21,山东省,济南,普通,2023-07-22
U003746,胡俊杰3746,男,29,山东省,济南,普通,2024-06-02
U003747,高子涵3747,女,29,浙江省,嘉兴,黄金,2026-05-23
U003748,朱一诺3748,女,23,湖南省,长沙,黄金,2023-05-29
U003749,徐一诺3749,女,34,湖南省,岳阳,普通,2024-12-31
U003750,王佳怡3750,女,25,江苏省,南京,白银,2024-08-05
U003751,黄梓萱3751,男,39,浙江省,绍兴,黄金,2024-01-14
U003752,李嘉诚3752,男,62,福建省,厦门,普通,2026-02-24
U003753,高诗涵3753,女,28,重庆市,重庆,黄金,2025-06-13
U003754,徐子涵3754,男,31,四川省,南充,普通,2025-12-26
U003755,高明轩3755,女,21,上海市,上海,铂金,2025-09-27
U003756,周梓萱3756,男,33,福建省,厦门,黄金,2025-11-22
U003757,杨嘉诚3757,男,30,河南省,洛阳,普通,2026-03-20
U003758,赵欣然3758,男,35,陕西省,咸阳,普通,2023-09-22
U003759,赵俊杰3759,女,16,广东省,东莞,普通,2023-01-27
U003760,李明轩3760,女,34,山东省,青岛,普通,2025-10-20
U003761,孙思源3761,男,35,上海市,上海,铂金,2024-12-05
U003762,吴俊杰3762,女,16,四川省,绵阳,普通,2023-07-08
U003763,李欣然3763,男,36,江苏省,苏州,黄金,2025-01-15
U003764,徐浩然3764,女,45,浙江省,绍兴,白银,2026-02-15
U003765,王浩然3765,男,28,上海市,上海,普通,2024-08-20
U003766,吴梓萱3766,男,29,湖北省,武汉,普通,2025-10-15
U003767,胡一诺3767,男,39,上海市,上海,普通,2023-01-06
U003768,周嘉诚3768,男,16,四川省,德阳,普通,2024-03-31
U003769,孙雨桐3769,男,16,广东省,佛山,白银,2023-12-28
U003770,李嘉诚3770,男,32,浙江省,嘉兴,普通,2025-11-29
U003771,杨俊杰3771,男,28,江苏省,苏州,白银,2025-12-14
U003772,赵一诺3772,男,27,四川省,德阳,普通,2023-01-16
U003773,朱梓萱3773,女,28,江苏省,无锡,白银,2023-02-20
U003774,黄梓萱3774,女,41,山东省,潍坊,黄金,2024-03-18
U003775,陈雨桐3775,男,35,河南省,洛阳,普通,2023-04-15
U003776,杨佳怡3776,男,44,浙江省,嘉兴,白银,2024-02-20
U003777,胡梓萱3777,男,30,重庆市,重庆,普通,2023-07-15
U003778,张浩然3778,女,37,重庆市,重庆,普通,2023-04-25
U003779,朱浩然3779,男,34,浙江省,温州,黄金,2023-11-04
U003780,高一诺3780,男,29,广东省,深圳,普通,2024-02-19
U003781,王浩然3781,女,29,广东省,广州,普通,2024-06-15
U003782,高雨桐3782,女,22,江苏省,无锡,白银,2023-01-03
U003783,孙子涵3783,男,40,广东省,东莞,铂金,2023-06-04
U003784,朱思源3784,男,35,北京市,北京,普通,2023-03-15
U003785,王俊杰3785,男,37,山东省,青岛,白银,2026-02-15
U003786,徐诗涵3786,男,32,广东省,东莞,白银,2024-02-01
U003787,孙嘉诚3787,男,21,广东省,佛山,普通,2025-02-23
U003788,李思源3788,女,29,浙江省,杭州,白银,2026-03-12
U003789,王梓萱3789,女,30,四川省,德阳,普通,2023-04-30
U003790,朱思源3790,女,31,广东省,佛山,白银,2024-05-25
U003791,孙俊杰3791,男,25,江苏省,苏州,白银,2025-10-26
U003792,杨佳怡3792,男,34,上海市,上海,普通,2026-01-28
U003793,张诗涵3793,女,24,江苏省,南通,铂金,2025-04-07
U003794,胡思源3794,男,32,北京市,北京,普通,2024-06-22
U003795,杨子涵3795,男,19,福建省,漳州,普通,2024-11-07
U003796,李诗涵3796,男,37,山东省,青岛,普通,2024-10-21
U003797,孙梓萱3797,女,17,山东省,临沂,铂金,2023-12-08
U003798,朱子涵3798,女,46,四川省,绵阳,黄金,2025-02-08
U003799,周子涵3799,男,21,广东省,东莞,白银,2023-04-17
U003800,高子涵3800,女,44,浙江省,嘉兴,白银,2025-05-15
U003801,杨俊杰3801,女,38,河南省,新乡,普通,2026-03-05
U003802,黄嘉诚3802,男,38,陕西省,渭南,铂金,2026-04-30
U003803,孙一诺3803,男,41,湖北省,宜昌,普通,2024-12-30
U003804,孙子涵3804,女,34,浙江省,嘉兴,白银,2024-04-09
U003805,徐佳怡3805,女,28,四川省,绵阳,普通,2024-11-10
U003806,李梓萱3806,男,22,浙江省,嘉兴,普通,2024-12-10
U003807,吴子涵3807,女,31,广东省,深圳,普通,2025-08-08
U003808,孙欣然3808,男,26,河北省,唐山,普通,2025-12-29
U003809,孙思源3809,男,30,河南省,洛阳,普通,2024-04-01
U003810,高诗涵3810,男,21,河南省,洛阳,白银,2025-07-18
U003811,赵明轩3811,女,41,重庆市,重庆,白银,2024-01-25
U003812,王思源3812,男,16,江苏省,南京,白银,2024-11-05
U003813,张佳怡3813,男,36,江苏省,南通,普通,2025-09-09
U003814,杨嘉诚3814,女,40,湖北省,襄阳,白银,2024-05-13
U003815,刘明轩3815,男,34,安徽省,芜湖,普通,2024-01-16
U003816,高一诺3816,男,22,福建省,厦门,铂金,2025-07-31
U003817,孙俊杰3817,女,16,湖南省,株洲,普通,2023-05-29
U003818,徐雨桐3818,女,19,江苏省,南通,普通,2026-02-03
U003819,赵嘉诚3819,男,39,浙江省,绍兴,白银,2023-12-30
U003820,高一诺3820,男,33,湖北省,襄阳,普通,2023-03-26
U003821,李子涵3821,女,24,江苏省,南京,白银,2026-04-09
U003822,陈雨桐3822,女,28,广东省,珠海,普通,2026-06-10
U003823,吴浩然3823,女,30,广东省,广州,普通,2023-01-23
U003824,李思源3824,女,28,福建省,漳州,普通,2024-08-25
U003825,徐明轩3825,男,26,湖北省,黄冈,普通,2023-07-26
U003826,王佳怡3826,女,44,山东省,烟台,白银,2024-02-28
U003827,陈俊杰3827,女,32,湖北省,宜昌,黄金,2025-06-11
U003828,王思源3828,女,28,陕西省,渭南,黄金,2026-01-18
U003829,徐诗涵3829,男,16,江苏省,常州,普通,2023-11-28
U003830,刘明轩3830,女,19,江苏省,南京,铂金,2024-07-28
U003831,黄雨桐3831,女,45,广东省,东莞,普通,2023-11-25
U003832,刘一诺3832,女,32,重庆市,重庆,普通,2023-10-06
U003833,孙梓萱3833,女,31,江苏省,无锡,黄金,2025-10-21
U003834,刘佳怡3834,女,29,湖北省,宜昌,普通,2024-04-08
U003835,胡思源3835,女,42,山东省,潍坊,普通,2023-10-24
U003836,孙佳怡3836,男,36,山东省,济南,黄金,2025-04-16
U003837,杨子涵3837,男,36,山东省,烟台,普通,2023-04-30
U003838,杨梓萱3838,女,16,河南省,新乡,普通,2024-04-23
U003839,徐雨桐3839,女,23,广东省,东莞,普通,2026-03-06
U003840,王思源3840,女,24,江苏省,苏州,白银,2025-09-23
U003841,赵诗涵3841,女,43,湖南省,株洲,铂金,2025-10-23
U003842,胡明轩3842,女,17,河南省,郑州,普通,2026-06-18
U003843,张欣然3843,男,34,河南省,许昌,普通,2023-03-15
U003844,胡俊杰3844,男,34,山东省,潍坊,白银,2023-11-21
U003845,徐浩然3845,女,33,山东省,烟台,白银,2024-07-11
U003846,赵一诺3846,女,21,河南省,郑州,普通,2026-01-21
U003847,吴俊杰3847,女,30,福建省,厦门,普通,2023-01-24
U003848,周俊杰3848,女,21,福建省,泉州,黑金,2025-12-26
U003849,李雨桐3849,女,26,广东省,东莞,铂金,2026-01-24
U003850,杨佳怡3850,男,23,四川省,宜宾,普通,2023-04-19
U003851,孙诗涵3851,女,28,福建省,福州,白银,2023-01-06
U003852,孙浩然3852,男,44,上海市,上海,白银,2025-09-10
U003853,陈嘉诚3853,女,28,北京市,北京,普通,2023-01-14
U003854,高佳怡3854,男,36,江苏省,南通,白银,2024-09-15
U003855,高俊杰3855,男,35,福建省,泉州,黄金,2025-08-30
U003856,杨雨桐3856,男,48,浙江省,温州,普通,2023-09-27
U003857,胡雨桐3857,男,31,河南省,郑州,黄金,2024-10-11
U003858,高明轩3858,男,40,四川省,宜宾,黑金,2023-07-05
U003859,徐思源3859,男,43,江苏省,无锡,白银,2023-11-02
U003860,刘子涵3860,男,40,湖北省,荆州,黑金,2024-02-28
U003861,张欣然3861,男,26,福建省,泉州,铂金,2024-06-21
U003862,刘浩然3862,男,17,广东省,深圳,白银,2025-11-07
U003863,陈明轩3863,女,37,江苏省,南京,白银,2024-09-20
U003864,朱俊杰3864,女,59,河北省,石家庄,白银,2024-02-11
U003865,刘嘉诚3865,女,34,山东省,临沂,白银,2025-04-28
U003866,张欣然3866,男,42,陕西省,宝鸡,黄金,2024-03-25
U003867,赵子涵3867,女,44,重庆市,重庆,普通,2025-12-20
U003868,黄雨桐3868,男,34,安徽省,安庆,黄金,2024-03-26
U003869,孙欣然3869,女,45,江苏省,南京,黄金,2023-08-19
U003870,朱思源3870,男,34,上海市,上海,白银,2023-08-11
U003871,吴一诺3871,男,34,山东省,临沂,黄金,2026-01-10
U003872,陈子涵3872,女,23,河南省,郑州,普通,2023-12-29
U003873,周梓萱3873,女,25,福建省,福州,普通,2025-11-13
U003874,赵诗涵3874,女,29,湖南省,常德,普通,2026-03-04
U003875,赵嘉诚3875,男,26,广东省,珠海,普通,2025-12-02
U003876,胡一诺3876,女,32,河南省,洛阳,普通,2023-02-19
U003877,陈梓萱3877,女,18,重庆市,重庆,普通,2024-06-14
U003878,赵梓萱3878,女,18,北京市,北京,普通,2026-04-07
U003879,陈思源3879,男,31,陕西省,咸阳,普通,2025-12-10
U003880,朱浩然3880,男,44,湖南省,株洲,普通,2023-11-10
U003881,刘子涵3881,男,16,四川省,南充,白银,2024-08-15
U003882,高欣然3882,男,36,山东省,临沂,普通,2023-08-11
U003883,赵浩然3883,男,37,湖南省,衡阳,黄金,2025-02-05
U003884,刘思源3884,男,27,河南省,新乡,普通,2023-02-17
U003885,徐雨桐3885,男,28,四川省,成都,白银,2023-02-22
U003886,高梓萱3886,男,18,湖北省,荆州,黄金,2024-12-03
U003887,黄浩然3887,女,28,浙江省,温州,白银,2023-01-30
U003888,孙欣然3888,男,35,广东省,佛山,普通,2023-05-09
U003889,赵明轩3889,女,35,江苏省,南京,白银,2024-01-13
U003890,高浩然3890,男,23,湖北省,黄冈,普通,2026-02-21
U003891,杨梓萱3891,女,32,重庆市,重庆,白银,2023-05-27
U003892,赵欣然3892,女,51,江苏省,南通,白银,2023-07-05
U003893,高佳怡3893,女,26,山东省,烟台,普通,2024-02-24
U003894,吴俊杰3894,男,25,山东省,济南,普通,2024-07-07
U003895,张子涵3895,女,34,重庆市,重庆,普通,2024-10-14
U003896,胡梓萱3896,女,28,湖北省,宜昌,普通,2024-06-30
U003897,胡佳怡3897,男,18,河南省,南阳,普通,2025-09-22
U003898,吴嘉诚3898,男,37,四川省,德阳,铂金,2024-06-29
U003899,刘嘉诚3899,女,32,江苏省,无锡,普通,2025-09-10
U003900,高嘉诚3900,男,27,广东省,佛山,普通,2024-11-23
U003901,刘一诺3901,女,49,四川省,成都,铂金,2026-05-29
U003902,黄雨桐3902,男,40,重庆市,重庆,白银,2024-10-18
U003903,朱思源3903,女,25,广东省,东莞,白银,2026-05-25
U003904,陈诗涵3904,男,26,福建省,福州,普通,2024-01-24
U003905,孙一诺3905,男,38,河北省,保定,普通,2024-10-27
U003906,吴俊杰3906,女,45,山东省,青岛,白银,2023-01-17
U003907,胡一诺3907,男,53,广东省,佛山,黑金,2024-03-11
U003908,胡诗涵3908,女,26,浙江省,绍兴,白银,2026-02-01
U003909,高嘉诚3909,女,41,湖北省,武汉,普通,2025-08-10
U003910,徐思源3910,女,25,河北省,唐山,黄金,2024-05-16
U003911,王浩然3911,男,30,江苏省,常州,普通,2024-03-13
U003912,赵俊杰3912,女,23,湖南省,株洲,普通,2025-02-11
U003913,徐子涵3913,女,48,安徽省,合肥,普通,2025-08-20
U003914,孙子涵3914,男,23,湖南省,长沙,普通,2023-09-16
U003915,刘嘉诚3915,男,40,北京市,北京,普通,2023-07-20
U003916,赵欣然3916,女,21,重庆市,重庆,普通,2025-07-01
U003917,孙嘉诚3917,女,18,四川省,南充,普通,2025-05-12
U003918,刘明轩3918,男,19,北京市,北京,黄金,2023-05-01
U003919,黄梓萱3919,男,32,江苏省,南京,白银,2025-10-06
U003920,陈子涵3920,女,28,陕西省,宝鸡,黄金,2023-02-10
U003921,张一诺3921,男,45,河南省,许昌,黄金,2024-03-05
U003922,朱浩然3922,女,30,河南省,许昌,黄金,2025-05-05
U003923,徐子涵3923,女,23,湖南省,岳阳,黄金,2023-12-19
U003924,李梓萱3924,男,41,湖南省,衡阳,白银,2024-02-17
U003925,李俊杰3925,男,42,江苏省,常州,白银,2025-12-25
U003926,黄思源3926,女,32,山东省,青岛,普通,2024-11-22
U003927,胡梓萱3927,男,45,江苏省,无锡,白银,2024-05-06
U003928,朱浩然3928,女,23,上海市,上海,白银,2024-08-31
U003929,胡明轩3929,男,33,江苏省,南通,铂金,2023-07-02
U003930,黄俊杰3930,男,38,福建省,泉州,普通,2025-05-04
U003931,杨一诺3931,男,41,河南省,郑州,普通,2025-02-08
U003932,王思源3932,女,26,陕西省,咸阳,普通,2025-10-30
U003933,吴雨桐3933,男,21,上海市,上海,铂金,2025-03-25
U003934,吴欣然3934,女,34,上海市,上海,白银,2025-01-13
U003935,刘佳怡3935,女,28,山东省,青岛,普通,2025-12-11
U003936,陈嘉诚3936,女,47,广东省,珠海,白银,2024-07-07
U003937,赵诗涵3937,男,29,江苏省,常州,黄金,2023-04-20
U003938,周浩然3938,女,23,四川省,成都,普通,2023-07-26
U003939,张雨桐3939,男,29,广东省,深圳,白银,2026-05-31
U003940,周子涵3940,男,33,江苏省,常州,普通,2024-12-05
U003941,王浩然3941,男,38,浙江省,杭州,普通,2025-09-09
U003942,赵思源3942,男,32,陕西省,咸阳,普通,2025-05-21
U003943,胡明轩3943,男,33,广东省,广州,白银,2023-07-08
U003944,刘子涵3944,男,20,广东省,佛山,普通,2025-08-26
U003945,黄浩然3945,女,20,河南省,郑州,普通,2024-02-14
U003946,周梓萱3946,女,19,河北省,保定,普通,2025-07-19
U003947,张嘉诚3947,男,25,重庆市,重庆,铂金,2023-11-19
U003948,赵雨桐3948,男,34,重庆市,重庆,普通,2026-03-18
U003949,杨浩然3949,男,34,广东省,东莞,普通,2026-01-08
U003950,黄子涵3950,女,33,江苏省,常州,普通,2024-04-26
U003951,刘佳怡3951,女,36,广东省,深圳,白银,2024-02-16
U003952,张思源3952,男,29,陕西省,宝鸡,铂金,2024-11-18
U003953,陈浩然3953,男,42,四川省,南充,普通,2024-01-13
U003954,高佳怡3954,女,19,江苏省,常州,普通,2024-08-26
U003955,陈梓萱3955,女,28,上海市,上海,普通,2025-06-17
U003956,徐诗涵3956,男,36,湖南省,衡阳,普通,2025-08-21
U003957,吴思源3957,男,29,安徽省,芜湖,白银,2024-05-01
U003958,刘思源3958,女,24,湖北省,宜昌,白银,2024-06-17
U003959,朱雨桐3959,男,41,湖南省,株洲,白银,2024-01-21
U003960,张子涵3960,男,24,湖北省,荆州,白银,2023-09-10
U003961,胡嘉诚3961,男,27,重庆市,重庆,普通,2024-05-14
U003962,周思源3962,女,30,浙江省,温州,黄金,2026-05-05
U003963,周俊杰3963,男,26,湖南省,常德,白银,2025-09-07
U003964,王嘉诚3964,女,31,河北省,唐山,白银,2023-03-17
U003965,高欣然3965,女,26,四川省,成都,白银,2024-05-31
U003966,朱佳怡3966,女,29,广东省,深圳,普通,2023-01-02
U003967,孙子涵3967,男,33,江苏省,南京,普通,2023-10-10
U003968,高嘉诚3968,男,33,上海市,上海,普通,2024-09-16
U003969,高思源3969,女,48,四川省,德阳,白银,2025-04-25
U003970,周明轩3970,男,21,四川省,成都,黄金,2024-02-13
U003971,孙嘉诚3971,男,16,浙江省,宁波,普通,2025-10-28
U003972,张思源3972,男,38,河南省,郑州,白银,2023-07-28
U003973,王明轩3973,女,29,河南省,许昌,黄金,2023-05-19
U003974,周欣然3974,男,34,广东省,东莞,普通,2023-08-19
U003975,周俊杰3975,女,41,四川省,宜宾,黄金,2025-01-24
U003976,徐嘉诚3976,男,53,四川省,绵阳,白银,2026-05-14
U003977,吴欣然3977,女,34,广东省,佛山,黄金,2023-07-10
U003978,周欣然3978,男,39,浙江省,宁波,黄金,2025-12-10
U003979,刘一诺3979,男,32,山东省,烟台,普通,2026-06-11
U003980,朱思源3980,男,39,河北省,廊坊,普通,2024-09-15
U003981,张梓萱3981,男,38,浙江省,嘉兴,白银,2025-01-21
U003982,杨思源3982,女,31,陕西省,咸阳,普通,2026-03-08
U003983,吴子涵3983,男,21,广东省,东莞,铂金,2023-01-26
U003984,孙雨桐3984,男,20,广东省,深圳,普通,2025-03-17
U003985,刘雨桐3985,女,49,河南省,许昌,铂金,2025-08-07
U003986,王明轩3986,男,37,广东省,深圳,白银,2024-05-08
U003987,高一诺3987,男,16,陕西省,西安,白银,2024-08-25
U003988,吴诗涵3988,男,31,湖北省,荆州,白银,2023-08-21
U003989,杨诗涵3989,男,38,广东省,深圳,普通,2025-06-10
U003990,孙俊杰3990,女,17,福建省,厦门,白银,2024-05-11
U003991,朱诗涵3991,男,28,陕西省,宝鸡,普通,2023-07-13
U003992,刘嘉诚3992,女,32,江苏省,南通,普通,2024-12-14
U003993,高子涵3993,女,35,浙江省,杭州,普通,2025-09-13
U003994,孙嘉诚3994,男,27,广东省,深圳,普通,2025-10-09
U003995,朱雨桐3995,男,20,山东省,烟台,白银,2026-01-21
U003996,李一诺3996,男,32,河南省,新乡,黄金,2024-09-03
U003997,赵佳怡3997,男,22,江苏省,南通,黄金,2026-03-22
U003998,孙欣然3998,女,33,四川省,南充,白银,2023-06-18
U003999,陈诗涵3999,女,17,安徽省,合肥,白银,2024-07-25
U004000,吴欣然4000,男,35,上海市,上海,黄金,2026-05-17
U004001,张雨桐4001,男,39,山东省,潍坊,普通,2024-01-22
U004002,王明轩4002,女,48,浙江省,嘉兴,普通,2023-02-24
U004003,杨梓萱4003,男,28,四川省,德阳,白银,2025-05-26
U004004,胡子涵4004,女,16,广东省,东莞,白银,2025-11-17
U004005,胡欣然4005,男,31,江苏省,南通,普通,2024-10-26
U004006,吴梓萱4006,女,39,重庆市,重庆,白银,2023-03-08
U004007,刘明轩4007,女,37,江苏省,常州,普通,2024-08-25
U004008,朱嘉诚4008,女,27,陕西省,渭南,普通,2025-05-18
U004009,王佳怡4009,女,28,重庆市,重庆,白银,2023-10-12
U004010,孙思源4010,女,24,江苏省,南通,白银,2026-04-20
U004011,周明轩4011,女,24,湖北省,宜昌,普通,2024-07-16
U004012,周嘉诚4012,女,41,浙江省,嘉兴,普通,2025-10-22
U004013,李明轩4013,男,31,四川省,南充,黄金,2025-01-18
U004014,杨欣然4014,男,32,浙江省,宁波,普通,2025-04-29
U004015,朱欣然4015,女,16,山东省,烟台,普通,2025-01-09
U004016,徐思源4016,男,34,浙江省,杭州,黄金,2024-08-06
U004017,朱佳怡4017,男,33,四川省,成都,普通,2024-02-04
U004018,周嘉诚4018,男,30,上海市,上海,普通,2023-11-22
U004019,陈诗涵4019,男,43,河北省,保定,普通,2024-02-21
U004020,黄一诺4020,男,37,四川省,绵阳,黄金,2026-02-24
U004021,黄诗涵4021,女,35,浙江省,嘉兴,普通,2023-11-10
U004022,孙梓萱4022,女,22,江苏省,无锡,普通,2025-06-02
U004023,李梓萱4023,女,34,湖南省,常德,白银,2024-09-28
U004024,黄佳怡4024,女,35,山东省,临沂,普通,2024-05-05
U004025,刘佳怡4025,女,21,上海市,上海,普通,2023-10-02
U004026,陈诗涵4026,男,32,四川省,绵阳,普通,2024-12-14
U004027,李嘉诚4027,女,33,河北省,廊坊,普通,2023-01-03
U004028,孙一诺4028,女,37,北京市,北京,普通,2026-04-22
U004029,黄梓萱4029,男,30,河北省,唐山,白银,2023-04-27
U004030,吴思源4030,女,35,河南省,南阳,普通,2023-02-11
U004031,吴思源4031,女,25,广东省,佛山,白银,2024-05-29
U004032,吴子涵4032,女,27,江苏省,无锡,普通,2024-01-20
U004033,杨嘉诚4033,男,20,河南省,郑州,黄金,2025-08-09
U004034,李浩然4034,女,39,山东省,青岛,普通,2026-03-29
U004035,朱诗涵4035,男,42,陕西省,宝鸡,普通,2023-12-17
U004036,高诗涵4036,男,32,江苏省,苏州,普通,2026-05-24
U004037,黄思源4037,男,22,北京市,北京,白银,2025-05-02
U004038,陈梓萱4038,男,34,湖南省,长沙,普通,2025-01-05
U004039,孙雨桐4039,女,28,山东省,潍坊,白银,2026-04-03
U004040,赵雨桐4040,男,25,福建省,厦门,普通,2023-05-04
U004041,徐一诺4041,男,36,河南省,新乡,普通,2023-12-14
U004042,周思源4042,女,39,湖南省,常德,普通,2024-05-04
U004043,黄浩然4043,男,33,山东省,烟台,黑金,2026-04-05
U004044,陈子涵4044,女,26,安徽省,安庆,铂金,2024-11-22
U004045,孙佳怡4045,女,36,浙江省,温州,普通,2023-04-13
U004046,赵欣然4046,女,37,湖南省,长沙,白银,2026-05-27
U004047,张雨桐4047,女,29,上海市,上海,普通,2023-05-31
U004048,吴雨桐4048,男,45,浙江省,绍兴,普通,2023-04-12
U004049,周明轩4049,男,34,河南省,南阳,白银,2023-10-26
U004050,李嘉诚4050,男,21,山东省,烟台,普通,2023-05-11
U004051,周嘉诚4051,男,37,河南省,新乡,普通,2023-12-15
U004052,陈雨桐4052,男,28,四川省,德阳,白银,2024-11-10
U004053,杨明轩4053,女,34,北京市,北京,黄金,2026-02-12
U004054,张俊杰4054,男,31,浙江省,杭州,普通,2025-04-01
U004055,赵思源4055,男,46,江苏省,苏州,普通,2024-04-29
U004056,王嘉诚4056,男,37,广东省,深圳,普通,2023-11-15
U004057,王思源4057,女,27,山东省,青岛,普通,2026-02-10
U004058,杨思源4058,男,46,河南省,新乡,白银,2025-08-06
U004059,吴思源4059,男,26,湖南省,长沙,普通,2023-03-12
U004060,朱嘉诚4060,男,24,北京市,北京,黄金,2025-07-11
U004061,陈嘉诚4061,男,59,浙江省,杭州,白银,2023-07-27
U004062,刘雨桐4062,男,28,河南省,许昌,普通,2024-05-18
U004063,黄浩然4063,女,36,湖北省,襄阳,黄金,2026-03-08
U004064,张雨桐4064,女,29,安徽省,阜阳,普通,2024-11-09
U004065,黄嘉诚4065,男,16,浙江省,温州,普通,2025-11-28
U004066,高一诺4066,男,37,广东省,广州,铂金,2025-10-29
U004067,刘嘉诚4067,女,31,上海市,上海,普通,2023-03-01
U004068,高梓萱4068,女,27,广东省,东莞,普通,2025-12-09
U004069,李嘉诚4069,女,25,广东省,佛山,普通,2024-02-26
U004070,张梓萱4070,女,28,陕西省,宝鸡,普通,2023-10-12
U004071,王明轩4071,男,18,河北省,石家庄,普通,2023-06-11
U004072,李雨桐4072,女,26,湖南省,株洲,普通,2025-04-18
U004073,赵欣然4073,女,32,北京市,北京,普通,2025-09-14
U004074,吴一诺4074,男,18,上海市,上海,普通,2023-04-07
U004075,高雨桐4075,女,35,山东省,青岛,普通,2023-09-13
U004076,王嘉诚4076,女,28,广东省,深圳,黄金,2024-10-04
U004077,张明轩4077,女,33,北京市,北京,普通,2023-05-08
U004078,陈雨桐4078,女,18,福建省,厦门,白银,2023-11-24
U004079,胡一诺4079,女,52,浙江省,温州,普通,2024-10-04
U004080,李佳怡4080,男,25,重庆市,重庆,普通,2024-06-16
U004081,赵子涵4081,女,34,福建省,漳州,铂金,2025-05-27
U004082,朱雨桐4082,男,33,河南省,新乡,普通,2024-11-24
U004083,杨雨桐4083,男,32,福建省,泉州,黄金,2026-01-07
U004084,王俊杰4084,男,28,重庆市,重庆,黄金,2023-03-07
U004085,吴欣然4085,男,30,浙江省,嘉兴,白银,2024-07-16
U004086,胡佳怡4086,男,39,江苏省,无锡,普通,2024-12-01
U004087,吴佳怡4087,女,25,上海市,上海,普通,2024-05-10
U004088,胡诗涵4088,男,33,福建省,厦门,普通,2024-10-14
U004089,高明轩4089,男,45,浙江省,宁波,普通,2023-10-10
U004090,徐佳怡4090,女,23,上海市,上海,铂金,2026-03-30
U004091,刘一诺4091,男,39,浙江省,绍兴,普通,2023-08-20
U004092,周明轩4092,女,16,江苏省,南通,普通,2025-09-04
U004093,吴欣然4093,女,34,浙江省,宁波,黑金,2023-05-25
U004094,李浩然4094,男,44,浙江省,嘉兴,普通,2026-06-11
U004095,黄诗涵4095,女,32,四川省,绵阳,铂金,2023-05-06
U004096,张浩然4096,男,44,江苏省,无锡,黄金,2023-11-14
U004097,刘思源4097,男,42,广东省,佛山,普通,2024-03-02
U004098,徐俊杰4098,女,26,广东省,广州,白银,2026-05-09
U004099,高明轩4099,男,30,河南省,新乡,白银,2026-05-16
U004100,张俊杰4100,女,31,山东省,青岛,白银,2023-12-11
U004101,徐诗涵4101,女,25,河南省,洛阳,普通,2023-04-27
U004102,杨雨桐4102,女,33,北京市,北京,普通,2024-03-28
U004103,胡欣然4103,男,22,北京市,北京,普通,2023-01-16
U004104,高嘉诚4104,女,26,湖南省,岳阳,铂金,2024-11-22
U004105,王诗涵4105,女,34,江苏省,南通,黑金,2025-09-15
U004106,朱浩然4106,女,33,河南省,洛阳,白银,2025-09-16
U004107,王子涵4107,女,32,陕西省,咸阳,黄金,2024-03-21
U004108,朱雨桐4108,女,27,浙江省,杭州,普通,2024-03-19
U004109,杨佳怡4109,男,31,广东省,广州,白银,2023-01-14
U004110,陈子涵4110,男,32,河南省,新乡,铂金,2023-04-02
U004111,朱子涵4111,男,33,江苏省,南京,黄金,2026-04-04
U004112,黄欣然4112,女,40,江苏省,苏州,普通,2024-02-24
U004113,孙欣然4113,女,28,上海市,上海,黄金,2024-10-13
U004114,王诗涵4114,男,29,广东省,深圳,普通,2025-08-13
U004115,李诗涵4115,女,34,湖北省,黄冈,普通,2024-10-25
U004116,吴佳怡4116,女,29,江苏省,无锡,普通,2024-04-13
U004117,陈思源4117,男,29,广东省,深圳,普通,2025-09-26
U004118,张雨桐4118,男,30,广东省,珠海,白银,2025-11-09
U004119,徐子涵4119,男,40,山东省,潍坊,普通,2024-12-30
U004120,吴嘉诚4120,女,27,湖北省,襄阳,普通,2025-10-11
U004121,李佳怡4121,女,32,山东省,烟台,白银,2024-07-12
U004122,杨诗涵4122,女,30,安徽省,芜湖,白银,2024-10-16
U004123,胡浩然4123,男,25,江苏省,无锡,普通,2024-04-05
U004124,王佳怡4124,男,22,河北省,唐山,普通,2023-02-23
U004125,周欣然4125,男,31,湖北省,黄冈,白银,2023-07-12
U004126,孙嘉诚4126,女,33,广东省,珠海,普通,2025-05-24
U004127,陈子涵4127,男,28,河南省,南阳,黑金,2024-12-24
U004128,胡佳怡4128,男,16,福建省,莆田,普通,2025-06-21
U004129,张浩然4129,女,27,山东省,烟台,黄金,2026-03-21
U004130,赵雨桐4130,女,35,浙江省,绍兴,普通,2023-03-30
U004131,李嘉诚4131,女,16,浙江省,杭州,普通,2026-02-08
U004132,陈俊杰4132,男,39,山东省,济南,黄金,2025-06-09
U004133,刘雨桐4133,女,18,江苏省,南通,白银,2023-02-27
U004134,张俊杰4134,男,27,山东省,青岛,普通,2023-12-30
U004135,胡明轩4135,男,17,北京市,北京,普通,2024-04-28
U004136,王明轩4136,女,31,河北省,廊坊,普通,2024-07-29
U004137,胡嘉诚4137,男,21,四川省,宜宾,白银,2025-08-26
U004138,黄嘉诚4138,女,33,四川省,成都,普通,2025-03-30
U004139,李俊杰4139,男,39,广东省,深圳,黄金,2024-01-13
U004140,周俊杰4140,女,23,浙江省,温州,黄金,2026-04-29
U004141,赵俊杰4141,女,29,江苏省,南京,普通,2024-03-25
U004142,高诗涵4142,男,20,北京市,北京,白银,2025-06-13
U004143,周嘉诚4143,女,38,江苏省,无锡,普通,2023-07-04
U004144,吴梓萱4144,男,32,四川省,南充,普通,2023-03-01
U004145,吴思源4145,女,16,广东省,佛山,铂金,2024-10-17
U004146,赵嘉诚4146,女,26,四川省,南充,白银,2023-05-01
U004147,李欣然4147,男,33,山东省,烟台,白银,2024-06-01
U004148,陈梓萱4148,男,18,江苏省,无锡,普通,2023-12-23
U004149,陈雨桐4149,男,27,福建省,莆田,黄金,2025-07-11
U004150,朱一诺4150,女,20,河南省,新乡,白银,2023-02-24
U004151,赵嘉诚4151,男,24,安徽省,安庆,普通,2024-12-23
U004152,刘思源4152,女,39,四川省,德阳,普通,2024-07-07
U004153,孙俊杰4153,男,41,湖南省,常德,普通,2024-08-27
U004154,朱佳怡4154,男,32,陕西省,咸阳,普通,2023-07-19
U004155,高嘉诚4155,男,49,浙江省,绍兴,白银,2023-12-03
U004156,高思源4156,男,16,河北省,石家庄,白银,2025-10-31
U004157,高佳怡4157,女,28,湖北省,武汉,黄金,2023-07-07
U004158,朱一诺4158,女,42,陕西省,西安,普通,2024-11-20
U004159,赵欣然4159,男,40,浙江省,杭州,普通,2026-03-24
U004160,徐明轩4160,男,28,陕西省,渭南,普通,2024-01-16
U004161,刘欣然4161,男,29,广东省,珠海,普通,2025-11-06
U004162,高诗涵4162,男,36,上海市,上海,普通,2026-02-20
U004163,陈明轩4163,男,16,江苏省,无锡,白银,2025-01-25
U004164,高一诺4164,女,24,山东省,潍坊,普通,2023-01-19
U004165,徐浩然4165,男,34,湖北省,荆州,普通,2024-04-19
U004166,胡子涵4166,女,31,江苏省,常州,普通,2023-03-13
U004167,吴佳怡4167,女,20,上海市,上海,普通,2023-01-23
U004168,朱一诺4168,女,44,广东省,深圳,黄金,2023-12-31
U004169,王浩然4169,男,16,安徽省,安庆,普通,2025-12-10
U004170,王欣然4170,女,24,河北省,廊坊,黄金,2025-04-27
U004171,黄雨桐4171,女,29,湖北省,武汉,普通,2023-10-03
U004172,吴欣然4172,女,37,江苏省,常州,白银,2025-09-01
U004173,高欣然4173,女,16,陕西省,咸阳,黄金,2023-04-11
U004174,周欣然4174,女,33,山东省,临沂,白银,2025-07-26
U004175,孙俊杰4175,男,23,山东省,济南,黄金,2023-09-04
U004176,吴雨桐4176,女,31,上海市,上海,普通,2023-10-25
U004177,陈嘉诚4177,男,21,上海市,上海,白银,2025-11-07
U004178,吴嘉诚4178,女,40,广东省,佛山,黄金,2025-09-02
U004179,黄一诺4179,男,33,重庆市,重庆,铂金,2023-04-18
U004180,周欣然4180,女,42,广东省,东莞,普通,2025-12-21
U004181,周梓萱4181,男,31,河南省,新乡,白银,2023-06-10
U004182,吴一诺4182,女,35,湖南省,株洲,白银,2025-10-07
U004183,徐诗涵4183,男,17,湖北省,荆州,白银,2024-10-06
U004184,朱浩然4184,女,33,江苏省,南通,普通,2025-02-09
U004185,徐明轩4185,男,34,江苏省,南京,普通,2025-06-23
U004186,刘佳怡4186,女,34,广东省,深圳,白银,2025-01-29
U004187,孙佳怡4187,男,34,浙江省,绍兴,白银,2023-12-22
U004188,李子涵4188,女,28,湖南省,株洲,普通,2025-06-09
U004189,胡雨桐4189,男,27,山东省,青岛,普通,2025-12-26
U004190,黄思源4190,男,32,浙江省,杭州,白银,2024-04-18
U004191,吴俊杰4191,女,47,江苏省,无锡,白银,2024-09-25
U004192,李佳怡4192,女,23,北京市,北京,普通,2025-03-22
U004193,王一诺4193,男,31,山东省,济南,白银,2024-03-19
U004194,朱梓萱4194,女,37,江苏省,南通,普通,2023-04-14
U004195,周明轩4195,女,30,北京市,北京,白银,2024-08-21
U004196,陈嘉诚4196,女,27,陕西省,咸阳,白银,2025-02-13
U004197,杨浩然4197,女,30,河南省,南阳,黄金,2024-05-12
U004198,王雨桐4198,女,23,北京市,北京,白银,2024-02-01
U004199,张佳怡4199,男,26,浙江省,绍兴,普通,2024-10-12
U004200,高雨桐4200,女,27,广东省,广州,普通,2023-02-25
U004201,孙梓萱4201,女,31,广东省,佛山,黄金,2023-07-02
U004202,周嘉诚4202,男,16,浙江省,宁波,白银,2025-05-21
U004203,徐梓萱4203,女,29,山东省,青岛,普通,2025-02-11
U004204,刘嘉诚4204,男,30,广东省,珠海,白银,2026-01-21
U004205,胡雨桐4205,男,41,河南省,洛阳,普通,2024-11-12
U004206,胡梓萱4206,女,32,浙江省,温州,白银,2023-08-17
U004207,周嘉诚4207,男,39,河北省,廊坊,铂金,2024-07-16
U004208,吴明轩4208,男,20,浙江省,嘉兴,普通,2025-03-24
U004209,徐浩然4209,女,32,广东省,珠海,普通,2025-07-04
U004210,朱诗涵4210,女,39,河南省,郑州,普通,2025-07-31
U004211,刘子涵4211,男,21,安徽省,阜阳,铂金,2025-08-12
U004212,杨浩然4212,男,51,浙江省,宁波,普通,2025-07-10
U004213,徐诗涵4213,女,22,安徽省,芜湖,黄金,2023-12-31
U004214,吴诗涵4214,女,36,广东省,珠海,普通,2024-01-14
U004215,徐欣然4215,女,18,江苏省,无锡,白银,2024-05-15
U004216,周欣然4216,女,27,福建省,福州,白银,2026-05-02
U004217,赵梓萱4217,男,24,广东省,深圳,普通,2023-12-24
U004218,杨一诺4218,女,18,湖北省,武汉,普通,2023-03-31
U004219,周佳怡4219,男,28,江苏省,苏州,普通,2023-08-01
U004220,张嘉诚4220,女,46,山东省,烟台,普通,2024-06-23
U004221,胡浩然4221,男,31,江苏省,南通,普通,2024-04-01
U004222,赵佳怡4222,女,17,福建省,泉州,黄金,2026-02-05
U004223,吴嘉诚4223,女,34,湖南省,常德,铂金,2024-12-19
U004224,高一诺4224,女,44,河南省,许昌,白银,2026-01-30
U004225,杨诗涵4225,女,37,山东省,临沂,白银,2026-04-04
U004226,周思源4226,女,16,安徽省,阜阳,普通,2025-09-03
U004227,赵佳怡4227,男,29,山东省,济南,普通,2023-05-27
U004228,胡俊杰4228,男,31,北京市,北京,普通,2023-12-29
U004229,吴子涵4229,男,18,广东省,珠海,普通,2023-01-22
U004230,黄一诺4230,女,31,湖南省,株洲,普通,2024-04-30
U004231,吴欣然4231,女,33,江苏省,南京,黄金,2024-02-01
U004232,刘一诺4232,男,32,上海市,上海,黄金,2025-05-28
U004233,朱一诺4233,男,28,安徽省,阜阳,普通,2023-07-20
U004234,陈一诺4234,男,30,广东省,佛山,白银,2025-04-23
U004235,孙佳怡4235,男,44,浙江省,温州,黄金,2023-03-12
U004236,徐子涵4236,男,26,河南省,许昌,铂金,2023-01-25
U004237,徐雨桐4237,男,36,北京市,北京,黑金,2026-05-09
U004238,王子涵4238,女,23,江苏省,常州,普通,2025-06-04
U004239,胡一诺4239,女,44,福建省,泉州,黄金,2023-10-04
U004240,高欣然4240,女,20,上海市,上海,普通,2023-11-20
U004241,朱梓萱4241,女,22,江苏省,无锡,黄金,2023-01-12
U004242,李子涵4242,男,29,湖南省,长沙,普通,2023-05-23
U004243,王佳怡4243,女,31,上海市,上海,普通,2023-09-17
U004244,黄梓萱4244,女,36,浙江省,宁波,黄金,2025-08-19
U004245,孙佳怡4245,男,32,湖南省,长沙,普通,2025-08-15
U004246,杨梓萱4246,男,30,山东省,烟台,普通,2023-05-16
U004247,杨梓萱4247,男,45,湖北省,武汉,铂金,2023-03-17
U004248,高明轩4248,女,38,江苏省,南京,普通,2023-12-08
U004249,孙梓萱4249,男,37,湖北省,襄阳,铂金,2025-10-30
U004250,高思源4250,男,49,山东省,青岛,白银,2023-11-12
U004251,吴梓萱4251,男,46,广东省,广州,普通,2025-05-17
U004252,徐梓萱4252,男,26,福建省,漳州,黄金,2024-04-07
U004253,李梓萱4253,女,22,陕西省,西安,黄金,2023-06-04
U004254,王俊杰4254,女,30,陕西省,咸阳,白银,2025-10-24
U004255,朱一诺4255,女,35,四川省,南充,普通,2024-05-03
U004256,赵明轩4256,女,30,陕西省,宝鸡,白银,2024-03-19
U004257,孙雨桐4257,男,35,陕西省,渭南,黄金,2023-03-25
U004258,黄欣然4258,女,40,广东省,深圳,铂金,2024-12-17
U004259,孙一诺4259,男,30,广东省,深圳,普通,2024-10-04
U004260,孙佳怡4260,男,37,河南省,许昌,普通,2025-02-05
U004261,徐佳怡4261,女,48,江苏省,苏州,普通,2024-04-23
U004262,胡梓萱4262,女,29,河北省,廊坊,普通,2025-06-06
U004263,杨诗涵4263,女,30,广东省,深圳,黄金,2025-04-18
U004264,高雨桐4264,女,25,浙江省,绍兴,白银,2026-02-19
U004265,王欣然4265,男,40,四川省,宜宾,普通,2024-08-15
U004266,张嘉诚4266,女,29,上海市,上海,普通,2024-12-23
U004267,孙嘉诚4267,女,40,陕西省,渭南,普通,2026-05-10
U004268,吴一诺4268,女,26,广东省,东莞,普通,2025-10-23
U004269,陈嘉诚4269,女,28,广东省,珠海,白银,2026-06-18
U004270,李俊杰4270,女,44,四川省,德阳,普通,2025-06-29
U004271,赵思源4271,男,40,山东省,青岛,黑金,2023-02-17
U004272,孙嘉诚4272,女,38,四川省,德阳,普通,2023-04-30
U004273,赵嘉诚4273,男,38,上海市,上海,黄金,2024-07-02
U004274,李俊杰4274,男,32,江苏省,无锡,普通,2024-07-20
U004275,周俊杰4275,女,38,安徽省,合肥,普通,2023-11-06
U004276,吴思源4276,女,25,湖南省,衡阳,普通,2026-03-24
U004277,刘子涵4277,女,40,浙江省,杭州,普通,2023-04-28
U004278,陈嘉诚4278,男,23,江苏省,常州,白银,2023-09-12
U004279,高欣然4279,男,16,河南省,洛阳,普通,2025-01-24
U004280,周思源4280,男,44,广东省,东莞,白银,2023-09-09
U004281,张佳怡4281,女,40,山东省,烟台,普通,2025-06-22
U004282,李浩然4282,女,22,河北省,石家庄,普通,2023-10-28
U004283,杨思源4283,男,21,安徽省,阜阳,普通,2024-05-18
U004284,王明轩4284,男,24,浙江省,嘉兴,普通,2025-12-02
U004285,徐俊杰4285,女,37,广东省,珠海,白银,2026-02-13
U004286,高一诺4286,男,31,四川省,绵阳,普通,2023-10-24
U004287,王一诺4287,男,19,福建省,厦门,普通,2024-04-26
U004288,王一诺4288,男,53,江苏省,南京,白银,2024-11-17
U004289,周梓萱4289,男,28,湖南省,长沙,普通,2023-04-07
U004290,周子涵4290,女,43,广东省,东莞,白银,2024-12-26
U004291,周俊杰4291,女,36,江苏省,苏州,普通,2023-08-31
U004292,胡一诺4292,男,31,上海市,上海,普通,2025-06-07
U004293,陈一诺4293,女,21,上海市,上海,普通,2024-06-06
U004294,朱浩然4294,男,17,四川省,绵阳,普通,2026-02-01
U004295,高子涵4295,男,32,江苏省,南通,普通,2025-12-10
U004296,黄思源4296,女,28,河南省,郑州,普通,2025-03-20
U004297,周一诺4297,女,38,福建省,漳州,普通,2024-06-13
U004298,赵嘉诚4298,男,16,山东省,潍坊,普通,2024-07-24
U004299,周一诺4299,男,21,四川省,宜宾,普通,2025-02-08
U004300,吴梓萱4300,女,36,陕西省,渭南,普通,2025-09-27
U004301,孙诗涵4301,男,26,浙江省,宁波,白银,2023-12-03
U004302,张子涵4302,女,39,河南省,许昌,普通,2024-05-05
U004303,吴诗涵4303,女,16,湖南省,常德,白银,2025-04-27
U004304,高子涵4304,女,39,广东省,珠海,黄金,2023-07-08
U004305,吴梓萱4305,女,16,湖北省,荆州,普通,2024-12-11
U004306,陈思源4306,男,39,浙江省,杭州,白银,2023-11-16
U004307,黄梓萱4307,男,25,浙江省,杭州,普通,2025-06-24
U004308,徐思源4308,男,27,山东省,临沂,白银,2026-05-28
U004309,高梓萱4309,女,27,山东省,烟台,普通,2026-05-06
U004310,张欣然4310,女,34,浙江省,嘉兴,黄金,2025-12-07
U004311,胡思源4311,男,20,福建省,漳州,黄金,2024-10-01
U004312,朱梓萱4312,男,31,广东省,佛山,白银,2024-09-03
U004313,陈一诺4313,女,49,江苏省,苏州,普通,2024-07-09
U004314,刘雨桐4314,男,37,北京市,北京,普通,2025-08-03
U004315,张明轩4315,男,32,广东省,深圳,普通,2024-10-23
U004316,周一诺4316,男,34,浙江省,温州,黄金,2023-04-20
U004317,胡思源4317,女,20,浙江省,嘉兴,白银,2025-08-24
U004318,刘子涵4318,男,16,上海市,上海,白银,2025-09-24
U004319,王浩然4319,男,16,重庆市,重庆,白银,2024-10-22
U004320,王佳怡4320,女,30,北京市,北京,普通,2023-04-17
U004321,王欣然4321,男,28,陕西省,宝鸡,白银,2023-10-09
U004322,赵雨桐4322,女,35,江苏省,常州,普通,2024-07-28
U004323,赵诗涵4323,女,21,上海市,上海,普通,2026-01-05
U004324,杨诗涵4324,男,39,江苏省,南京,黄金,2025-05-07
U004325,赵雨桐4325,女,40,陕西省,咸阳,普通,2025-04-25
U004326,王嘉诚4326,女,49,福建省,莆田,白银,2023-01-05
U004327,王佳怡4327,男,39,江苏省,南通,普通,2025-06-26
U004328,杨子涵4328,女,23,广东省,广州,黄金,2024-10-19
U004329,赵嘉诚4329,女,31,江苏省,南通,黄金,2025-04-11
U004330,杨一诺4330,女,23,河南省,新乡,普通,2025-10-10
U004331,周诗涵4331,女,32,江苏省,常州,普通,2025-06-16
U004332,胡子涵4332,男,16,陕西省,宝鸡,普通,2026-04-24
U004333,赵佳怡4333,女,32,广东省,东莞,白银,2024-08-08
U004334,杨浩然4334,女,24,湖北省,襄阳,普通,2024-08-24
U004335,孙明轩4335,女,33,湖北省,武汉,普通,2024-04-28
U004336,孙诗涵4336,男,41,浙江省,杭州,白银,2023-01-31
U004337,吴俊杰4337,男,19,湖南省,衡阳,普通,2025-05-22
U004338,张嘉诚4338,女,38,广东省,佛山,白银,2025-06-17
U004339,朱浩然4339,女,22,湖北省,武汉,白银,2025-10-19
U004340,黄明轩4340,男,22,浙江省,宁波,白银,2024-09-23
U004341,王俊杰4341,女,25,广东省,广州,普通,2026-02-17
U004342,孙浩然4342,女,41,广东省,广州,普通,2023-06-16
U004343,胡一诺4343,女,33,江苏省,常州,白银,2025-05-14
U004344,李雨桐4344,男,31,河南省,新乡,普通,2023-09-29
U004345,刘梓萱4345,女,44,广东省,深圳,黑金,2024-09-28
U004346,吴欣然4346,男,31,上海市,上海,普通,2024-02-11
U004347,吴子涵4347,女,21,浙江省,宁波,白银,2025-12-11
U004348,王明轩4348,女,38,重庆市,重庆,普通,2026-06-17
U004349,徐佳怡4349,男,20,广东省,深圳,黄金,2025-03-03
U004350,王一诺4350,男,31,上海市,上海,白银,2025-05-21
U004351,胡浩然4351,女,38,四川省,德阳,普通,2023-01-12
U004352,孙佳怡4352,男,28,湖北省,荆州,普通,2025-11-10
U004353,高嘉诚4353,女,24,广东省,深圳,黑金,2024-05-31
U004354,张思源4354,男,44,江苏省,苏州,普通,2024-05-01
U004355,陈子涵4355,女,32,福建省,漳州,白银,2025-05-12
U004356,黄思源4356,女,53,四川省,宜宾,普通,2024-12-07
U004357,赵一诺4357,男,28,上海市,上海,白银,2023-04-14
U004358,刘嘉诚4358,男,36,河南省,许昌,普通,2024-04-19
U004359,周欣然4359,女,41,福建省,泉州,普通,2025-11-07
U004360,胡嘉诚4360,女,23,广东省,佛山,黄金,2024-02-25
U004361,吴欣然4361,男,27,广东省,广州,黄金,2024-01-11
U004362,周嘉诚4362,男,28,福建省,厦门,白银,2026-01-23
U004363,胡诗涵4363,女,36,广东省,东莞,普通,2024-10-16
U004364,周欣然4364,女,23,江苏省,常州,普通,2025-11-08
U004365,刘思源4365,女,38,四川省,绵阳,普通,2025-12-26
U004366,黄子涵4366,女,35,广东省,东莞,白银,2024-11-27
U004367,徐嘉诚4367,女,39,江苏省,常州,白银,2024-10-11
U004368,李雨桐4368,女,31,江苏省,常州,普通,2024-07-30
U004369,刘梓萱4369,男,30,浙江省,温州,普通,2024-01-05
U004370,王一诺4370,男,32,河北省,廊坊,普通,2023-04-02
U004371,黄子涵4371,女,34,广东省,深圳,普通,2023-09-12
U004372,陈嘉诚4372,男,25,福建省,莆田,白银,2026-04-19
U004373,刘雨桐4373,男,43,浙江省,嘉兴,黄金,2024-11-23
U004374,王子涵4374,女,39,重庆市,重庆,普通,2025-12-27
U004375,黄明轩4375,女,23,北京市,北京,白银,2025-01-24
U004376,张雨桐4376,男,25,江苏省,无锡,普通,2023-05-17
U004377,朱子涵4377,女,32,四川省,成都,普通,2025-10-13
U004378,黄嘉诚4378,女,33,北京市,北京,黄金,2023-09-14
U004379,朱思源4379,女,25,山东省,潍坊,白银,2023-10-14
U004380,李俊杰4380,男,29,陕西省,西安,普通,2026-04-14
U004381,李一诺4381,男,33,广东省,深圳,白银,2024-03-28
U004382,张欣然4382,女,24,江苏省,苏州,普通,2026-03-20
U004383,陈明轩4383,女,30,浙江省,杭州,普通,2024-01-30
U004384,李一诺4384,男,30,浙江省,杭州,白银,2023-11-23
U004385,吴欣然4385,女,30,上海市,上海,黄金,2024-02-11
U004386,徐梓萱4386,男,28,浙江省,绍兴,普通,2026-02-10
U004387,赵子涵4387,男,42,福建省,厦门,白银,2023-08-13
U004388,黄子涵4388,女,56,浙江省,温州,普通,2025-03-11
U004389,赵欣然4389,男,16,四川省,德阳,普通,2023-11-21
U004390,赵一诺4390,男,33,山东省,潍坊,普通,2024-04-12
U004391,李雨桐4391,女,47,上海市,上海,黄金,2024-06-01
U004392,朱梓萱4392,男,22,陕西省,宝鸡,铂金,2026-06-23
U004393,杨浩然4393,女,29,广东省,东莞,黄金,2023-11-02
U004394,张欣然4394,男,20,山东省,济南,白银,2024-08-23
U004395,杨雨桐4395,女,35,重庆市,重庆,黄金,2025-07-10
U004396,胡明轩4396,男,39,浙江省,嘉兴,铂金,2023-12-23
U004397,陈雨桐4397,男,16,江苏省,常州,白银,2024-07-10
U004398,吴雨桐4398,男,26,福建省,泉州,普通,2024-11-20
U004399,李梓萱4399,女,40,广东省,珠海,普通,2025-05-15
U004400,吴诗涵4400,女,16,河南省,南阳,黄金,2025-08-06
U004401,孙佳怡4401,女,28,浙江省,宁波,黄金,2025-02-02
U004402,刘一诺4402,女,40,浙江省,宁波,普通,2025-12-31
U004403,陈浩然4403,男,30,上海市,上海,普通,2026-03-20
U004404,朱浩然4404,女,45,上海市,上海,普通,2023-04-20
U004405,李一诺4405,女,36,广东省,佛山,普通,2024-04-20
U004406,朱雨桐4406,男,42,山东省,青岛,铂金,2024-04-07
U004407,陈梓萱4407,女,24,河北省,石家庄,普通,2023-06-27
U004408,朱诗涵4408,男,40,河北省,保定,白银,2025-08-15
U004409,李欣然4409,女,25,重庆市,重庆,铂金,2026-03-15
U004410,李欣然4410,男,22,湖南省,常德,普通,2023-11-27
U004411,吴子涵4411,女,32,江苏省,无锡,普通,2025-06-21
U004412,李明轩4412,男,32,四川省,绵阳,黑金,2023-12-21
U004413,刘思源4413,女,18,广东省,东莞,普通,2023-12-05
U004414,陈一诺4414,男,23,湖北省,荆州,白银,2025-12-18
U004415,周明轩4415,女,32,广东省,佛山,普通,2023-06-29
U004416,朱佳怡4416,男,39,上海市,上海,普通,2025-09-30
U004417,张俊杰4417,男,36,广东省,佛山,普通,2023-12-03
U004418,朱佳怡4418,女,31,浙江省,绍兴,黄金,2025-09-06
U004419,赵浩然4419,男,35,北京市,北京,普通,2025-04-23
U004420,陈浩然4420,男,38,江苏省,南通,普通,2025-01-16
U004421,陈梓萱4421,女,16,湖北省,黄冈,白银,2026-05-08
U004422,陈佳怡4422,女,31,福建省,福州,普通,2023-03-12
U004423,刘浩然4423,女,36,北京市,北京,白银,2024-10-31
U004424,王梓萱4424,女,47,四川省,德阳,普通,2023-01-08
U004425,徐梓萱4425,女,18,湖北省,黄冈,普通,2026-02-17
U004426,杨欣然4426,男,28,浙江省,绍兴,普通,2023-04-09
U004427,朱梓萱4427,女,27,浙江省,绍兴,黄金,2023-05-14
U004428,高梓萱4428,男,29,湖北省,黄冈,普通,2024-10-15
U004429,杨俊杰4429,女,18,福建省,泉州,黑金,2024-12-21
U004430,刘嘉诚4430,女,28,河南省,许昌,普通,2024-01-18
U004431,杨俊杰4431,女,21,河南省,许昌,普通,2023-01-06
U004432,胡嘉诚4432,男,33,重庆市,重庆,普通,2024-05-01
U004433,王雨桐4433,男,49,广东省,珠海,普通,2024-07-31
U004434,徐雨桐4434,女,46,广东省,东莞,普通,2023-04-13
U004435,周欣然4435,女,29,河南省,南阳,普通,2024-01-03
U004436,李明轩4436,男,41,北京市,北京,铂金,2024-02-24
U004437,吴一诺4437,男,19,广东省,东莞,黄金,2024-07-02
U004438,杨明轩4438,女,34,河北省,唐山,黄金,2023-09-15
U004439,孙欣然4439,男,31,河北省,唐山,白银,2023-11-23
U004440,王子涵4440,女,29,河南省,郑州,普通,2025-02-26
U004441,张雨桐4441,男,22,河南省,新乡,普通,2026-02-11
U004442,吴思源4442,女,16,陕西省,渭南,普通,2023-02-03
U004443,李欣然4443,男,38,四川省,德阳,白银,2024-10-27
U004444,徐梓萱4444,男,28,浙江省,杭州,铂金,2023-03-09
U004445,胡明轩4445,男,28,陕西省,咸阳,普通,2023-10-26
U004446,赵一诺4446,男,46,湖北省,襄阳,普通,2025-06-30
U004447,徐梓萱4447,男,24,重庆市,重庆,普通,2026-02-11
U004448,孙一诺4448,男,36,上海市,上海,白银,2025-02-22
U004449,王一诺4449,女,29,江苏省,无锡,普通,2024-11-06
U004450,高俊杰4450,男,51,河南省,新乡,普通,2025-09-18
U004451,黄佳怡4451,女,38,浙江省,嘉兴,普通,2025-12-27
U004452,陈浩然4452,女,34,江苏省,无锡,普通,2024-02-17
U004453,周一诺4453,男,34,浙江省,杭州,普通,2023-06-07
U004454,吴诗涵4454,女,29,陕西省,咸阳,普通,2023-02-21
U004455,孙明轩4455,男,29,江苏省,无锡,普通,2025-11-11
U004456,朱梓萱4456,男,33,福建省,福州,白银,2024-02-05
U004457,刘一诺4457,女,36,湖南省,长沙,普通,2023-06-13
U004458,吴一诺4458,女,29,广东省,深圳,普通,2023-04-10
U004459,陈子涵4459,男,27,山东省,潍坊,普通,2023-03-04
U004460,王嘉诚4460,女,36,广东省,珠海,普通,2026-04-19
U004461,朱梓萱4461,男,27,浙江省,宁波,普通,2023-05-29
U004462,刘子涵4462,男,19,山东省,济南,铂金,2023-06-06
U004463,李梓萱4463,女,31,江苏省,常州,普通,2023-08-18
U004464,王欣然4464,女,28,山东省,济南,黄金,2025-12-14
U004465,赵梓萱4465,女,19,江苏省,南通,白银,2023-08-24
U004466,陈浩然4466,男,16,四川省,南充,白银,2024-04-05
U004467,周嘉诚4467,女,20,陕西省,渭南,白银,2024-02-28
U004468,朱一诺4468,男,30,河南省,洛阳,白银,2023-08-05
U004469,赵子涵4469,男,24,湖北省,襄阳,普通,2024-05-07
U004470,陈明轩4470,男,56,河南省,新乡,白银,2026-06-03
U004471,吴佳怡4471,男,24,福建省,莆田,黄金,2023-07-13
U004472,李思源4472,女,31,安徽省,芜湖,普通,2023-03-19
U004473,杨思源4473,男,47,广东省,东莞,普通,2024-09-09
U004474,杨子涵4474,女,44,浙江省,杭州,白银,2023-10-04
U004475,朱一诺4475,男,36,湖北省,黄冈,铂金,2023-10-22
U004476,徐思源4476,女,31,四川省,成都,白银,2026-01-08
U004477,李明轩4477,男,33,江苏省,无锡,普通,2023-07-15
U004478,朱俊杰4478,男,43,福建省,厦门,黄金,2026-06-09
U004479,胡思源4479,男,18,浙江省,绍兴,白银,2025-12-25
U004480,杨嘉诚4480,男,25,浙江省,温州,白银,2026-01-23
U004481,王欣然4481,男,19,福建省,福州,白银,2023-02-04
U004482,朱诗涵4482,男,17,四川省,南充,普通,2025-10-31
U004483,吴子涵4483,女,42,福建省,莆田,普通,2025-03-31
U004484,王嘉诚4484,女,40,广东省,广州,普通,2025-04-02
U004485,徐明轩4485,女,31,上海市,上海,黄金,2024-04-02
U004486,周子涵4486,男,31,河北省,石家庄,铂金,2025-03-09
U004487,李欣然4487,男,33,山东省,济南,白银,2023-03-23
U004488,杨俊杰4488,女,31,湖北省,襄阳,白银,2025-07-06
U004489,高思源4489,男,42,江苏省,常州,普通,2024-07-29
U004490,黄一诺4490,女,36,湖北省,襄阳,黑金,2026-03-26
U004491,周浩然4491,男,37,上海市,上海,普通,2024-07-10
U004492,刘佳怡4492,女,40,陕西省,西安,普通,2024-02-06
U004493,朱梓萱4493,男,38,浙江省,宁波,普通,2025-07-24
U004494,赵佳怡4494,男,39,湖北省,黄冈,黄金,2025-06-22
U004495,孙雨桐4495,女,26,浙江省,杭州,白银,2026-01-19
U004496,陈佳怡4496,女,38,河南省,洛阳,普通,2025-08-05
U004497,杨梓萱4497,女,29,江苏省,南通,普通,2023-07-12
U004498,刘雨桐4498,男,44,安徽省,阜阳,普通,2023-11-23
U004499,孙梓萱4499,女,31,浙江省,绍兴,普通,2023-11-30
U004500,徐嘉诚4500,男,24,山东省,青岛,黄金,2026-01-28
U004501,吴诗涵4501,女,26,湖南省,长沙,普通,2024-05-10
U004502,周俊杰4502,男,26,湖北省,武汉,普通,2024-11-20
U004503,黄浩然4503,女,48,江苏省,南通,白银,2024-06-14
U004504,孙子涵4504,女,24,湖北省,宜昌,普通,2023-10-20
U004505,孙诗涵4505,女,18,安徽省,安庆,普通,2023-08-22
U004506,王思源4506,女,28,广东省,佛山,普通,2025-01-14
U004507,黄明轩4507,女,20,陕西省,咸阳,铂金,2023-06-12
U004508,孙雨桐4508,女,30,河北省,唐山,白银,2024-10-25
U004509,刘浩然4509,男,32,浙江省,杭州,普通,2023-10-24
U004510,张诗涵4510,女,16,浙江省,温州,白银,2025-11-01
U004511,周明轩4511,男,33,广东省,珠海,普通,2025-05-20
U004512,黄明轩4512,男,23,江苏省,常州,白银,2023-01-14
U004513,赵思源4513,女,38,重庆市,重庆,铂金,2023-10-27
U004514,李欣然4514,男,32,四川省,德阳,普通,2025-12-11
U004515,杨佳怡4515,男,23,福建省,厦门,普通,2023-03-10
U004516,周佳怡4516,女,32,四川省,德阳,普通,2024-11-16
U004517,高梓萱4517,女,36,河南省,新乡,普通,2023-08-23
U004518,李梓萱4518,男,27,山东省,潍坊,普通,2024-05-26
U004519,徐诗涵4519,女,16,福建省,福州,白银,2025-06-07
U004520,高佳怡4520,男,30,四川省,南充,白银,2026-04-15
U004521,张嘉诚4521,男,31,陕西省,渭南,白银,2025-04-23
U004522,张一诺4522,女,23,广东省,珠海,普通,2025-11-23
U004523,赵嘉诚4523,女,25,河南省,郑州,普通,2025-04-15
U004524,胡雨桐4524,男,25,浙江省,宁波,普通,2023-10-23
U004525,吴浩然4525,女,16,北京市,北京,普通,2024-01-16
U004526,周思源4526,女,34,广东省,佛山,白银,2026-02-24
U004527,张明轩4527,男,26,河南省,郑州,普通,2026-02-28
U004528,周浩然4528,男,41,江苏省,南通,白银,2023-06-30
U004529,周明轩4529,男,22,广东省,广州,普通,2025-09-21
U004530,胡雨桐4530,男,36,江苏省,苏州,普通,2023-02-13
U004531,徐诗涵4531,男,27,广东省,珠海,白银,2023-07-08
U004532,陈浩然4532,女,30,四川省,南充,白银,2023-07-03
U004533,胡明轩4533,女,32,湖南省,常德,白银,2025-09-11
U004534,王俊杰4534,男,16,湖北省,荆州,普通,2026-01-30
U004535,朱子涵4535,女,42,山东省,潍坊,白银,2026-05-09
U004536,王明轩4536,女,40,河南省,许昌,普通,2025-07-02
U004537,朱诗涵4537,男,32,广东省,深圳,黄金,2024-03-09
U004538,胡俊杰4538,男,34,河北省,石家庄,普通,2024-09-22
U004539,张浩然4539,男,22,河南省,新乡,普通,2026-02-26
U004540,胡浩然4540,女,38,河南省,洛阳,普通,2024-12-10
U004541,胡一诺4541,男,25,江苏省,无锡,普通,2023-06-05
U004542,吴明轩4542,男,42,山东省,烟台,黑金,2024-11-24
U004543,朱子涵4543,男,38,湖北省,襄阳,普通,2026-04-04
U004544,高欣然4544,男,25,上海市,上海,白银,2024-02-19
U004545,张梓萱4545,女,23,河南省,许昌,白银,2025-11-16
U004546,杨佳怡4546,女,27,福建省,福州,普通,2024-05-13
U004547,李一诺4547,男,32,福建省,泉州,普通,2025-02-04
U004548,王梓萱4548,男,37,浙江省,绍兴,白银,2025-10-05
U004549,王梓萱4549,男,40,北京市,北京,白银,2023-04-10
U004550,刘浩然4550,男,44,河南省,许昌,白银,2023-04-20
U004551,周诗涵4551,女,25,湖南省,常德,白银,2025-03-11
U004552,李浩然4552,男,20,浙江省,温州,白银,2024-02-21
U004553,孙佳怡4553,女,46,山东省,烟台,普通,2026-01-24
U004554,胡俊杰4554,男,48,四川省,德阳,白银,2023-12-23
U004555,刘俊杰4555,男,28,湖南省,常德,普通,2025-08-01
U004556,刘欣然4556,男,27,河南省,洛阳,白银,2025-08-06
U004557,朱诗涵4557,女,22,浙江省,嘉兴,白银,2024-04-10
U004558,张梓萱4558,男,16,广东省,佛山,普通,2024-04-29
U004559,赵浩然4559,男,29,山东省,烟台,普通,2024-04-26
U004560,高俊杰4560,男,16,河北省,唐山,白银,2026-04-18
U004561,周思源4561,女,34,山东省,济南,普通,2023-11-07
U004562,赵佳怡4562,男,34,广东省,广州,普通,2025-06-21
U004563,孙诗涵4563,男,31,湖北省,襄阳,普通,2025-04-29
U004564,赵明轩4564,女,24,湖北省,武汉,普通,2025-10-13
U004565,赵浩然4565,男,27,上海市,上海,普通,2023-11-06
U004566,王佳怡4566,男,34,河北省,廊坊,普通,2025-11-27
U004567,胡一诺4567,女,28,重庆市,重庆,普通,2025-10-01
U004568,李佳怡4568,女,42,浙江省,嘉兴,黄金,2026-03-05
U004569,黄浩然4569,男,45,浙江省,宁波,白银,2026-03-29
U004570,李明轩4570,女,19,重庆市,重庆,铂金,2023-11-12
U004571,杨浩然4571,女,26,广东省,深圳,白银,2024-06-04
U004572,刘浩然4572,男,54,湖北省,宜昌,普通,2023-04-02
U004573,张梓萱4573,男,19,四川省,绵阳,白银,2025-01-12
U004574,徐诗涵4574,男,24,湖南省,常德,普通,2023-08-25
U004575,吴一诺4575,女,33,江苏省,苏州,普通,2023-01-31
U004576,吴佳怡4576,男,26,湖南省,长沙,普通,2023-02-07
U004577,张一诺4577,女,23,江苏省,南通,黄金,2025-02-19
U004578,刘一诺4578,男,35,浙江省,温州,普通,2023-06-04
U004579,吴嘉诚4579,男,36,重庆市,重庆,白银,2023-05-19
U004580,孙雨桐4580,女,29,广东省,深圳,普通,2025-06-01
U004581,周浩然4581,男,18,江苏省,无锡,普通,2024-01-07
U004582,王嘉诚4582,男,34,四川省,绵阳,普通,2024-12-26
U004583,胡梓萱4583,男,37,广东省,广州,普通,2023-10-21
U004584,刘嘉诚4584,女,34,江苏省,无锡,白银,2024-12-26
U004585,徐欣然4585,女,34,陕西省,宝鸡,白银,2023-11-30
U004586,孙俊杰4586,男,36,山东省,济南,普通,2024-08-05
U004587,刘一诺4587,男,22,湖南省,长沙,黄金,2025-04-02
U004588,王嘉诚4588,女,24,浙江省,宁波,普通,2024-08-07
U004589,陈梓萱4589,男,28,山东省,临沂,黄金,2023-06-21
U004590,胡佳怡4590,男,42,河北省,保定,普通,2026-01-19
U004591,刘一诺4591,女,31,重庆市,重庆,普通,2025-04-09
U004592,胡嘉诚4592,女,23,河南省,新乡,普通,2024-03-01
U004593,陈佳怡4593,男,37,福建省,福州,黄金,2025-10-03
U004594,李明轩4594,男,32,重庆市,重庆,黑金,2024-06-17
U004595,陈子涵4595,男,18,安徽省,芜湖,普通,2023-09-22
U004596,张思源4596,男,24,四川省,宜宾,白银,2023-08-25
U004597,黄俊杰4597,男,26,福建省,厦门,普通,2025-10-11
U004598,李欣然4598,女,19,福建省,泉州,普通,2023-05-24
U004599,赵欣然4599,女,32,湖北省,荆州,普通,2025-03-30
U004600,胡浩然4600,女,27,广东省,深圳,普通,2023-12-13
U004601,周诗涵4601,男,48,广东省,广州,普通,2023-08-06
U004602,高浩然4602,女,49,湖北省,黄冈,普通,2024-06-05
U004603,赵欣然4603,男,32,湖北省,襄阳,白银,2025-02-12
U004604,孙诗涵4604,男,17,湖北省,武汉,普通,2023-03-02
U004605,王诗涵4605,男,30,北京市,北京,普通,2024-04-25
U004606,杨思源4606,女,20,山东省,青岛,普通,2025-05-11
U004607,周思源4607,男,37,重庆市,重庆,普通,2026-05-24
U004608,陈诗涵4608,男,28,河南省,南阳,黄金,2025-02-26
U004609,陈梓萱4609,男,16,江苏省,无锡,白银,2023-12-02
U004610,王嘉诚4610,女,17,浙江省,嘉兴,普通,2023-03-27
U004611,孙欣然4611,女,34,山东省,烟台,普通,2025-10-11
U004612,张雨桐4612,男,29,河南省,许昌,黑金,2025-03-16
U004613,徐欣然4613,男,16,江苏省,无锡,白银,2023-03-01
U004614,高嘉诚4614,男,27,河北省,石家庄,黄金,2023-11-07
U004615,王梓萱4615,男,38,安徽省,合肥,白银,2025-12-20
U004616,胡一诺4616,女,22,北京市,北京,铂金,2023-06-08
U004617,杨俊杰4617,女,32,广东省,佛山,黄金,2023-07-31
U004618,杨一诺4618,男,20,四川省,南充,普通,2024-07-12
U004619,陈梓萱4619,女,21,山东省,临沂,普通,2023-01-14
U004620,张梓萱4620,男,32,河南省,许昌,普通,2023-04-01
U004621,徐一诺4621,女,24,湖南省,株洲,普通,2025-12-04
U004622,张思源4622,男,38,江苏省,常州,白银,2025-10-30
U004623,吴一诺4623,女,23,浙江省,杭州,白银,2023-11-13
U004624,黄诗涵4624,男,35,河南省,许昌,白银,2023-09-16
U004625,胡明轩4625,女,37,山东省,潍坊,普通,2023-04-11
U004626,王欣然4626,男,37,山东省,青岛,普通,2024-02-15
U004627,徐雨桐4627,女,35,北京市,北京,普通,2025-05-13
U004628,黄俊杰4628,女,16,福建省,泉州,普通,2025-10-14
U004629,高俊杰4629,女,38,四川省,宜宾,普通,2024-01-28
U004630,王一诺4630,女,31,河南省,洛阳,白银,2023-05-19
U004631,张思源4631,女,41,广东省,东莞,普通,2025-01-21
U004632,吴明轩4632,男,20,北京市,北京,黄金,2023-01-31
U004633,杨梓萱4633,男,28,上海市,上海,白银,2025-11-30
U004634,徐嘉诚4634,女,45,广东省,佛山,普通,2026-03-03
U004635,黄思源4635,女,30,四川省,德阳,铂金,2025-03-09
U004636,周明轩4636,男,20,浙江省,嘉兴,铂金,2024-09-28
U004637,胡嘉诚4637,女,31,河南省,郑州,普通,2025-08-09
U004638,朱梓萱4638,男,40,山东省,潍坊,普通,2023-05-20
U004639,陈诗涵4639,女,29,北京市,北京,黄金,2024-05-31
U004640,赵一诺4640,男,34,江苏省,南京,普通,2025-06-21
U004641,赵浩然4641,男,29,江苏省,常州,普通,2025-02-03
U004642,胡俊杰4642,男,36,河北省,唐山,普通,2023-01-18
U004643,杨欣然4643,男,36,湖南省,长沙,普通,2025-02-28
U004644,周欣然4644,女,23,浙江省,嘉兴,铂金,2025-01-17
U004645,黄雨桐4645,男,21,浙江省,嘉兴,黄金,2025-08-11
U004646,杨诗涵4646,男,32,北京市,北京,黄金,2023-01-12
U004647,吴子涵4647,女,33,江苏省,无锡,普通,2024-02-07
U004648,徐一诺4648,男,30,陕西省,渭南,黄金,2024-10-05
U004649,孙诗涵4649,男,16,广东省,佛山,黄金,2024-01-16
U004650,孙雨桐4650,女,35,上海市,上海,普通,2024-11-14
U004651,李诗涵4651,男,32,浙江省,杭州,普通,2025-04-14
U004652,杨嘉诚4652,男,21,浙江省,温州,普通,2024-03-01
U004653,高子涵4653,女,53,陕西省,宝鸡,白银,2023-07-16
U004654,王思源4654,男,42,陕西省,西安,白银,2023-10-12
U004655,张诗涵4655,女,25,江苏省,南通,白银,2026-03-09
U004656,王佳怡4656,男,31,江苏省,无锡,普通,2024-05-19
U004657,张梓萱4657,女,38,江苏省,无锡,白银,2024-04-22
U004658,王嘉诚4658,男,16,浙江省,嘉兴,普通,2023-10-11
U004659,张思源4659,男,16,安徽省,合肥,普通,2025-01-11
U004660,王子涵4660,男,33,福建省,莆田,白银,2024-10-13
U004661,张梓萱4661,女,27,四川省,宜宾,铂金,2025-01-14
U004662,吴佳怡4662,男,32,山东省,济南,普通,2025-07-25
U004663,吴明轩4663,男,28,四川省,南充,白银,2025-06-19
U004664,陈明轩4664,男,31,广东省,东莞,普通,2026-03-13
U004665,李俊杰4665,女,26,江苏省,苏州,黄金,2023-10-04
U004666,陈佳怡4666,男,24,四川省,宜宾,普通,2024-10-29
U004667,吴嘉诚4667,女,28,广东省,珠海,普通,2024-03-08
U004668,高思源4668,女,16,广东省,深圳,白银,2024-07-05
U004669,刘思源4669,男,27,四川省,绵阳,白银,2023-03-09
U004670,赵一诺4670,女,29,湖南省,长沙,普通,2023-06-11
U004671,张明轩4671,女,37,浙江省,宁波,普通,2023-06-11
U004672,赵嘉诚4672,女,34,江苏省,无锡,普通,2023-11-11
U004673,王一诺4673,男,40,陕西省,咸阳,白银,2023-03-12
U004674,高俊杰4674,男,28,广东省,东莞,普通,2024-06-28
U004675,陈明轩4675,男,36,江苏省,无锡,普通,2026-02-10
U004676,孙佳怡4676,男,31,四川省,德阳,普通,2026-05-22
U004677,刘欣然4677,女,26,北京市,北京,普通,2025-04-25
U004678,刘佳怡4678,女,18,上海市,上海,普通,2024-01-17
U004679,张梓萱4679,女,34,福建省,福州,普通,2024-10-31
U004680,吴诗涵4680,女,33,浙江省,宁波,黄金,2024-08-03
U004681,高俊杰4681,男,26,河南省,洛阳,白银,2024-02-09
U004682,杨欣然4682,女,25,河北省,廊坊,普通,2024-04-20
U004683,黄俊杰4683,男,35,上海市,上海,白银,2025-09-10
U004684,周思源4684,女,35,四川省,宜宾,普通,2024-07-25
U004685,徐浩然4685,女,27,山东省,济南,普通,2024-01-19
U004686,杨俊杰4686,女,40,江苏省,南京,白银,2024-02-27
U004687,赵子涵4687,女,29,江苏省,无锡,铂金,2024-08-10
U004688,杨佳怡4688,女,30,河南省,许昌,普通,2024-10-15
U004689,孙浩然4689,男,31,河北省,石家庄,白银,2025-07-09
U004690,朱明轩4690,男,31,安徽省,阜阳,普通,2025-11-30
U004691,黄明轩4691,女,40,上海市,上海,黄金,2023-04-05
U004692,刘明轩4692,女,47,安徽省,阜阳,普通,2023-05-30
U004693,陈明轩4693,女,31,四川省,南充,普通,2024-06-27
U004694,王明轩4694,男,19,河南省,洛阳,白银,2024-10-24
U004695,孙梓萱4695,女,24,北京市,北京,普通,2024-10-04
U004696,陈子涵4696,男,38,广东省,佛山,普通,2023-08-24
U004697,赵子涵4697,女,28,浙江省,杭州,铂金,2024-09-26
U004698,吴一诺4698,女,36,山东省,潍坊,普通,2024-12-20
U004699,黄子涵4699,男,49,河北省,保定,白银,2024-11-29
U004700,徐一诺4700,女,25,河南省,新乡,黄金,2026-03-26
U004701,刘梓萱4701,男,48,山东省,烟台,白银,2023-05-02
U004702,朱诗涵4702,男,38,福建省,莆田,普通,2026-05-10
U004703,李思源4703,女,41,湖南省,岳阳,普通,2024-01-06
U004704,黄一诺4704,男,16,浙江省,温州,普通,2025-11-22
U004705,李明轩4705,男,31,重庆市,重庆,普通,2023-11-12
U004706,张明轩4706,女,22,浙江省,杭州,铂金,2024-07-10
U004707,李佳怡4707,女,50,广东省,珠海,黄金,2026-01-09
U004708,杨子涵4708,男,28,湖北省,荆州,普通,2024-11-17
U004709,杨梓萱4709,女,34,广东省,东莞,普通,2025-02-14
U004710,胡诗涵4710,女,37,浙江省,温州,白银,2026-04-06
U004711,张浩然4711,男,29,湖南省,常德,普通,2023-04-30
U004712,杨明轩4712,女,26,山东省,济南,普通,2025-04-10
U004713,杨子涵4713,女,16,山东省,临沂,普通,2026-03-03
U004714,陈子涵4714,男,37,福建省,福州,普通,2024-02-25
U004715,王佳怡4715,女,29,广东省,佛山,普通,2024-09-07
U004716,孙思源4716,女,24,山东省,青岛,黄金,2023-10-20
U004717,杨雨桐4717,女,39,重庆市,重庆,普通,2025-11-19
U004718,王明轩4718,男,20,山东省,青岛,普通,2025-05-03
U004719,徐欣然4719,女,27,四川省,南充,白银,2023-09-26
U004720,周梓萱4720,男,16,上海市,上海,普通,2025-07-26
U004721,黄嘉诚4721,女,31,四川省,绵阳,白银,2025-10-06
U004722,李诗涵4722,男,30,上海市,上海,普通,2024-05-13
U004723,李佳怡4723,女,20,四川省,德阳,白银,2025-10-31
U004724,张佳怡4724,男,26,重庆市,重庆,普通,2026-04-11
U004725,陈俊杰4725,女,29,河南省,郑州,普通,2025-01-01
U004726,周梓萱4726,男,44,浙江省,温州,黄金,2024-10-01
U004727,高一诺4727,女,40,广东省,深圳,普通,2024-09-24
U004728,孙子涵4728,男,29,陕西省,西安,普通,2024-02-27
U004729,王雨桐4729,男,21,浙江省,绍兴,普通,2023-10-25
U004730,高明轩4730,男,29,广东省,佛山,黄金,2025-05-11
U004731,陈明轩4731,男,49,福建省,漳州,白银,2024-01-11
U004732,高子涵4732,男,23,广东省,佛山,普通,2024-12-04
U004733,吴嘉诚4733,男,35,山东省,潍坊,黄金,2024-10-19
U004734,周欣然4734,女,39,陕西省,西安,白银,2025-08-31
U004735,王思源4735,男,16,湖北省,武汉,黄金,2023-06-07
U004736,吴雨桐4736,女,27,浙江省,温州,普通,2024-05-08
U004737,吴佳怡4737,男,29,湖南省,岳阳,普通,2024-12-14
U004738,周佳怡4738,男,16,河北省,保定,白银,2025-09-28
U004739,陈俊杰4739,女,36,河北省,保定,普通,2023-11-05
U004740,朱诗涵4740,男,31,广东省,珠海,普通,2026-01-04
U004741,孙雨桐4741,女,29,安徽省,合肥,普通,2024-10-24
U004742,吴雨桐4742,女,34,江苏省,苏州,普通,2024-07-01
U004743,赵梓萱4743,男,23,陕西省,咸阳,黄金,2025-11-08
U004744,孙欣然4744,男,33,山东省,临沂,黄金,2024-09-29
U004745,赵俊杰4745,男,38,山东省,临沂,白银,2024-09-10
U004746,胡欣然4746,男,36,福建省,漳州,普通,2024-12-30
U004747,李欣然4747,女,47,江苏省,常州,铂金,2024-04-02
U004748,周俊杰4748,女,37,浙江省,绍兴,普通,2024-02-05
U004749,吴欣然4749,女,50,江苏省,无锡,普通,2023-10-09
U004750,王思源4750,男,34,安徽省,合肥,白银,2025-05-12
U004751,李明轩4751,女,28,广东省,佛山,普通,2024-04-03
U004752,陈一诺4752,女,26,河南省,洛阳,普通,2024-11-24
U004753,赵明轩4753,男,37,湖南省,长沙,黄金,2024-11-25
U004754,黄嘉诚4754,男,32,陕西省,西安,普通,2025-04-14
U004755,朱明轩4755,女,31,河南省,南阳,白银,2025-11-29
U004756,杨一诺4756,女,31,江苏省,常州,白银,2025-11-23
U004757,张佳怡4757,女,20,山东省,临沂,普通,2023-10-11
U004758,徐诗涵4758,女,39,湖南省,常德,普通,2025-05-12
U004759,高欣然4759,女,38,湖南省,株洲,普通,2023-01-19
U004760,徐诗涵4760,男,37,四川省,宜宾,白银,2024-05-18
U004761,黄诗涵4761,女,43,河北省,石家庄,白银,2026-05-01
U004762,刘思源4762,女,16,河南省,南阳,黄金,2025-08-15
U004763,刘子涵4763,女,34,河南省,新乡,黄金,2026-06-05
U004764,张梓萱4764,女,19,广东省,珠海,普通,2023-11-16
U004765,朱欣然4765,男,27,广东省,东莞,普通,2024-04-03
U004766,刘雨桐4766,女,19,广东省,佛山,白银,2024-06-04
U004767,吴明轩4767,男,32,江苏省,南京,普通,2025-03-22
U004768,黄梓萱4768,男,24,北京市,北京,普通,2024-11-16
U004769,杨诗涵4769,女,22,江苏省,无锡,铂金,2024-07-07
U004770,黄诗涵4770,女,34,湖北省,襄阳,普通,2025-08-12
U004771,李雨桐4771,女,31,湖南省,常德,白银,2024-06-03
U004772,李明轩4772,男,46,四川省,宜宾,白银,2023-02-28
U004773,徐梓萱4773,女,47,浙江省,杭州,白银,2023-08-18
U004774,孙欣然4774,男,39,重庆市,重庆,白银,2026-05-28
U004775,赵浩然4775,男,38,河南省,洛阳,普通,2025-01-19
U004776,杨思源4776,男,24,江苏省,南京,黄金,2023-11-18
U004777,朱梓萱4777,女,29,湖南省,岳阳,黄金,2024-09-03
U004778,孙子涵4778,男,36,广东省,东莞,普通,2025-12-29
U004779,高雨桐4779,女,51,河北省,保定,普通,2024-05-11
U004780,刘嘉诚4780,女,31,浙江省,温州,白银,2023-04-16
U004781,李子涵4781,男,28,山东省,济南,铂金,2023-02-24
U004782,胡梓萱4782,男,47,四川省,南充,白银,2025-04-17
U004783,杨欣然4783,女,47,福建省,莆田,铂金,2023-02-22
U004784,徐佳怡4784,女,41,重庆市,重庆,铂金,2024-06-14
U004785,刘一诺4785,女,37,河北省,唐山,普通,2024-04-07
U004786,胡梓萱4786,男,29,上海市,上海,普通,2026-03-14
U004787,王诗涵4787,女,28,福建省,泉州,黄金,2023-06-13
U004788,孙诗涵4788,女,32,山东省,烟台,普通,2025-01-27
U004789,吴子涵4789,女,34,北京市,北京,铂金,2025-08-27
U004790,朱子涵4790,女,31,山东省,济南,白银,2026-06-15
U004791,杨浩然4791,女,35,浙江省,绍兴,普通,2023-04-16
U004792,李雨桐4792,女,36,重庆市,重庆,普通,2025-08-27
U004793,张俊杰4793,女,53,湖南省,常德,普通,2023-04-01
U004794,赵诗涵4794,男,35,江苏省,无锡,白银,2025-01-19
U004795,王佳怡4795,女,41,重庆市,重庆,普通,2024-11-03
U004796,刘一诺4796,男,21,河北省,唐山,白银,2024-03-11
U004797,陈诗涵4797,女,51,河北省,保定,铂金,2025-05-06
U004798,赵欣然4798,男,49,山东省,青岛,白银,2024-09-19
U004799,王一诺4799,男,28,浙江省,嘉兴,白银,2024-07-11
U004800,陈一诺4800,男,31,上海市,上海,普通,2024-07-27
U004801,王明轩4801,男,37,河南省,新乡,普通,2023-03-27
U004802,李嘉诚4802,女,33,山东省,青岛,白银,2024-01-03
U004803,吴梓萱4803,男,41,江苏省,南京,铂金,2024-07-19
U004804,张子涵4804,女,28,浙江省,绍兴,普通,2023-12-04
U004805,黄雨桐4805,男,25,河北省,廊坊,白银,2023-03-02
U004806,孙欣然4806,女,35,广东省,广州,普通,2025-03-16
U004807,吴欣然4807,女,31,陕西省,咸阳,铂金,2024-12-04
U004808,陈梓萱4808,女,17,河南省,许昌,普通,2024-07-30
U004809,赵子涵4809,女,45,四川省,德阳,普通,2026-03-14
U004810,李浩然4810,男,46,广东省,珠海,白银,2023-10-04
U004811,黄嘉诚4811,男,24,北京市,北京,白银,2023-11-10
U004812,杨嘉诚4812,男,43,浙江省,杭州,普通,2026-06-05
U004813,黄嘉诚4813,男,16,江苏省,南通,黄金,2024-06-29
U004814,高梓萱4814,女,28,陕西省,渭南,普通,2024-03-09
U004815,胡梓萱4815,男,32,重庆市,重庆,铂金,2026-01-26
U004816,胡俊杰4816,女,35,江苏省,常州,铂金,2024-02-18
U004817,孙俊杰4817,男,25,陕西省,咸阳,白银,2024-06-05
U004818,孙诗涵4818,男,38,重庆市,重庆,普通,2023-06-06
U004819,朱雨桐4819,男,36,福建省,福州,白银,2024-12-25
U004820,吴俊杰4820,女,35,浙江省,杭州,黑金,2023-12-09
U004821,徐一诺4821,男,25,上海市,上海,白银,2023-07-02
U004822,李佳怡4822,男,16,湖北省,宜昌,白银,2023-04-20
U004823,周俊杰4823,男,40,江苏省,南通,普通,2024-08-24
U004824,刘子涵4824,男,27,河南省,郑州,普通,2024-01-28
U004825,张诗涵4825,女,34,河北省,保定,普通,2025-05-19
U004826,张梓萱4826,女,32,广东省,广州,普通,2023-05-29
U004827,李一诺4827,女,27,河南省,新乡,普通,2026-04-15
U004828,吴雨桐4828,女,26,江苏省,南京,白银,2025-10-02
U004829,吴佳怡4829,男,45,河南省,许昌,白银,2025-05-25
U004830,周俊杰4830,女,29,江苏省,常州,普通,2023-03-05
U004831,周思源4831,男,23,江苏省,无锡,白银,2024-12-08
U004832,朱嘉诚4832,男,17,河南省,郑州,白银,2024-08-19
U004833,李明轩4833,男,29,湖北省,武汉,普通,2026-01-14
U004834,李嘉诚4834,男,54,江苏省,无锡,普通,2025-08-07
U004835,刘明轩4835,男,23,广东省,东莞,白银,2026-05-21
U004836,高雨桐4836,女,29,福建省,莆田,黄金,2023-04-14
U004837,王俊杰4837,男,37,湖北省,荆州,铂金,2024-07-14
U004838,孙梓萱4838,男,33,河北省,石家庄,白银,2025-07-29
U004839,胡明轩4839,男,35,江苏省,无锡,普通,2025-10-03
U004840,陈佳怡4840,男,24,江苏省,无锡,普通,2024-11-16
U004841,陈一诺4841,男,30,河南省,新乡,普通,2026-03-11
U004842,赵雨桐4842,男,39,四川省,绵阳,白银,2023-03-22
U004843,王思源4843,男,29,河北省,保定,普通,2025-01-07
U004844,陈俊杰4844,男,38,河南省,南阳,铂金,2025-03-30
U004845,高嘉诚4845,男,41,山东省,烟台,普通,2023-01-29
U004846,朱明轩4846,男,47,安徽省,芜湖,普通,2025-11-20
U004847,周梓萱4847,女,16,湖北省,宜昌,普通,2025-07-12
U004848,孙明轩4848,男,44,北京市,北京,铂金,2026-05-31
U004849,胡一诺4849,男,39,江苏省,无锡,普通,2024-07-21
U004850,刘子涵4850,女,38,浙江省,绍兴,普通,2024-07-23
U004851,吴俊杰4851,男,48,北京市,北京,普通,2026-05-10
U004852,高雨桐4852,男,38,广东省,佛山,普通,2023-07-27
U004853,杨思源4853,男,22,重庆市,重庆,白银,2024-07-03
U004854,赵嘉诚4854,男,39,上海市,上海,白银,2025-09-09
U004855,赵浩然4855,男,46,河南省,南阳,普通,2025-03-13
U004856,黄子涵4856,男,24,山东省,烟台,普通,2025-05-18
U004857,刘子涵4857,女,34,江苏省,常州,普通,2025-03-19
U004858,张嘉诚4858,男,30,山东省,潍坊,白银,2024-08-13
U004859,孙欣然4859,女,29,河南省,许昌,普通,2023-02-06
U004860,李子涵4860,女,29,江苏省,南通,普通,2023-01-31
U004861,孙思源4861,女,28,湖北省,襄阳,白银,2023-12-16
U004862,孙诗涵4862,男,38,山东省,临沂,普通,2023-10-18
U004863,胡子涵4863,男,38,福建省,漳州,白银,2026-04-19
U004864,杨欣然4864,男,16,浙江省,绍兴,普通,2025-07-29
U004865,张佳怡4865,女,30,河南省,南阳,普通,2025-06-27
U004866,刘诗涵4866,女,28,广东省,广州,普通,2024-01-11
U004867,高一诺4867,女,24,浙江省,绍兴,铂金,2023-02-17
U004868,刘一诺4868,女,51,山东省,潍坊,黄金,2025-09-25
U004869,陈一诺4869,男,25,广东省,深圳,白银,2024-06-25
U004870,李一诺4870,女,16,河南省,许昌,黄金,2023-12-25
U004871,朱佳怡4871,男,41,四川省,绵阳,普通,2025-04-30
U004872,周浩然4872,女,19,湖南省,长沙,普通,2026-03-22
U004873,孙明轩4873,男,33,重庆市,重庆,普通,2025-07-03
U004874,赵一诺4874,女,40,江苏省,常州,普通,2025-10-01
U004875,徐子涵4875,女,45,广东省,珠海,铂金,2026-05-20
U004876,周子涵4876,女,30,四川省,宜宾,铂金,2024-04-19
U004877,徐佳怡4877,男,16,山东省,烟台,普通,2023-02-05
U004878,胡俊杰4878,男,33,河北省,唐山,普通,2025-03-11
U004879,张梓萱4879,女,36,湖北省,荆州,白银,2026-01-24
U004880,胡雨桐4880,女,41,江苏省,南京,普通,2023-11-09
U004881,朱浩然4881,女,25,湖南省,衡阳,黄金,2026-02-09
U004882,王子涵4882,女,32,河南省,洛阳,普通,2023-08-26
U004883,张思源4883,女,32,北京市,北京,普通,2024-01-25
U004884,李子涵4884,男,32,山东省,烟台,白银,2025-02-22
U004885,陈雨桐4885,男,35,江苏省,常州,白银,2024-12-29
U004886,徐明轩4886,女,19,山东省,青岛,普通,2024-04-19
U004887,陈明轩4887,女,21,四川省,宜宾,普通,2025-01-10
U004888,吴诗涵4888,女,24,浙江省,杭州,白银,2023-01-16
U004889,张俊杰4889,男,33,浙江省,温州,铂金,2024-06-16
U004890,黄思源4890,男,30,山东省,济南,普通,2026-06-06
U004891,王思源4891,女,51,江苏省,常州,白银,2025-04-11
U004892,赵诗涵4892,女,45,北京市,北京,白银,2026-01-09
U004893,赵梓萱4893,女,22,江苏省,南通,普通,2025-01-03
U004894,杨一诺4894,女,25,北京市,北京,普通,2024-01-15
U004895,徐明轩4895,男,39,江苏省,苏州,白银,2023-11-04
U004896,王梓萱4896,男,41,福建省,厦门,普通,2026-06-13
U004897,徐欣然4897,男,36,浙江省,宁波,普通,2023-05-09
U004898,陈俊杰4898,女,23,广东省,东莞,普通,2024-06-20
U004899,周浩然4899,女,26,浙江省,嘉兴,白银,2025-12-23
U004900,赵思源4900,男,25,江苏省,苏州,铂金,2025-10-20
U004901,胡嘉诚4901,男,41,陕西省,宝鸡,黑金,2025-08-28
U004902,赵俊杰4902,女,29,湖北省,武汉,普通,2024-12-07
U004903,胡雨桐4903,女,37,江苏省,南京,白银,2024-10-05
U004904,刘雨桐4904,男,41,江苏省,无锡,黑金,2025-03-23
U004905,高佳怡4905,女,26,四川省,南充,白银,2023-03-24
U004906,胡子涵4906,男,28,山东省,烟台,普通,2025-06-29
U004907,杨梓萱4907,男,38,四川省,宜宾,普通,2024-11-30
U004908,张诗涵4908,女,40,河南省,南阳,普通,2024-09-18
U004909,刘子涵4909,男,33,重庆市,重庆,普通,2023-05-08
U004910,周嘉诚4910,男,28,广东省,佛山,普通,2025-12-13
U004911,徐诗涵4911,男,28,陕西省,咸阳,白银,2024-10-18
U004912,吴佳怡4912,男,23,山东省,烟台,白银,2024-05-23
U004913,黄佳怡4913,男,51,山东省,临沂,普通,2024-06-03
U004914,黄思源4914,女,27,河北省,保定,白银,2025-12-20
U004915,高浩然4915,女,30,河南省,新乡,普通,2026-06-18
U004916,孙雨桐4916,男,16,四川省,宜宾,普通,2026-02-24
U004917,黄明轩4917,男,24,北京市,北京,普通,2026-01-12
U004918,朱佳怡4918,女,33,广东省,珠海,黄金,2023-01-17
U004919,周子涵4919,女,27,河南省,洛阳,普通,2023-06-28
U004920,张欣然4920,男,23,陕西省,宝鸡,普通,2025-11-18
U004921,黄诗涵4921,女,23,四川省,绵阳,普通,2023-01-05
U004922,刘子涵4922,男,30,北京市,北京,白银,2023-08-27
U004923,王雨桐4923,女,23,湖北省,宜昌,普通,2024-09-25
U004924,陈俊杰4924,女,40,广东省,东莞,普通,2026-03-24
U004925,李俊杰4925,女,33,广东省,广州,铂金,2026-06-08
U004926,朱俊杰4926,男,23,河北省,保定,普通,2025-07-13
U004927,张子涵4927,男,29,广东省,广州,黑金,2023-08-01
U004928,黄欣然4928,女,32,北京市,北京,白银,2025-01-09
U004929,徐欣然4929,男,59,上海市,上海,普通,2024-09-07
U004930,张嘉诚4930,男,28,陕西省,西安,普通,2024-11-29
U004931,李诗涵4931,男,31,湖南省,衡阳,普通,2025-12-04
U004932,朱思源4932,女,21,河南省,洛阳,白银,2026-01-14
U004933,王浩然4933,女,48,湖南省,长沙,黄金,2024-03-31
U004934,胡嘉诚4934,女,29,广东省,珠海,普通,2024-03-23
U004935,胡梓萱4935,男,24,山东省,济南,白银,2025-07-05
U004936,孙梓萱4936,女,40,北京市,北京,普通,2025-03-16
U004937,朱浩然4937,女,28,河南省,许昌,普通,2023-01-30
U004938,杨诗涵4938,男,31,山东省,烟台,黄金,2025-12-08
U004939,杨雨桐4939,男,36,上海市,上海,普通,2024-06-01
U004940,徐佳怡4940,男,28,河南省,新乡,白银,2023-06-17
U004941,刘浩然4941,男,45,山东省,青岛,黄金,2026-03-21
U004942,王嘉诚4942,女,34,河南省,南阳,白银,2025-10-05
U004943,黄梓萱4943,女,35,四川省,南充,铂金,2024-01-03
U004944,吴思源4944,男,38,北京市,北京,普通,2025-01-06
U004945,杨梓萱4945,男,33,北京市,北京,普通,2023-08-09
U004946,徐浩然4946,女,24,湖北省,荆州,普通,2025-05-02
U004947,周俊杰4947,女,16,广东省,广州,黑金,2025-07-07
U004948,陈诗涵4948,男,33,四川省,德阳,普通,2025-11-25
U004949,王佳怡4949,女,30,湖北省,武汉,白银,2023-12-11
U004950,王雨桐4950,男,34,北京市,北京,普通,2026-02-08
U004951,高思源4951,男,30,河南省,洛阳,普通,2024-07-06
U004952,徐浩然4952,女,30,湖南省,长沙,普通,2024-04-03
U004953,胡一诺4953,女,37,浙江省,温州,普通,2024-12-25
U004954,胡梓萱4954,女,29,山东省,青岛,普通,2025-03-25
U004955,黄诗涵4955,女,32,河南省,新乡,白银,2026-04-12
U004956,张明轩4956,男,30,陕西省,渭南,黑金,2023-09-19
U004957,高佳怡4957,男,24,江苏省,南通,普通,2025-06-09
U004958,黄梓萱4958,男,29,重庆市,重庆,普通,2023-09-05
U004959,黄思源4959,女,27,河南省,郑州,普通,2025-11-16
U004960,孙子涵4960,女,37,四川省,宜宾,普通,2023-04-11
U004961,王俊杰4961,男,31,安徽省,合肥,白银,2025-10-03
U004962,张嘉诚4962,男,30,江苏省,苏州,普通,2024-03-15
U004963,高子涵4963,男,37,山东省,烟台,白银,2024-12-26
U004964,徐明轩4964,男,39,安徽省,安庆,普通,2023-12-26
U004965,黄诗涵4965,女,33,江苏省,南通,铂金,2024-12-03
U004966,张梓萱4966,女,21,河北省,廊坊,白银,2023-11-08
U004967,陈雨桐4967,男,25,江苏省,无锡,普通,2023-05-25
U004968,陈子涵4968,男,44,江苏省,苏州,普通,2025-11-09
U004969,黄诗涵4969,女,29,江苏省,南通,铂金,2024-01-28
U004970,刘嘉诚4970,男,30,福建省,漳州,铂金,2026-01-21
U004971,赵思源4971,女,37,陕西省,西安,普通,2023-11-26
U004972,朱思源4972,男,34,北京市,北京,普通,2025-11-22
U004973,赵子涵4973,女,36,浙江省,嘉兴,普通,2023-11-26
U004974,王思源4974,男,16,河南省,许昌,普通,2025-09-25
U004975,孙雨桐4975,男,45,福建省,莆田,普通,2025-12-13
U004976,胡明轩4976,男,47,上海市,上海,普通,2026-01-30
U004977,赵思源4977,女,33,上海市,上海,黄金,2025-05-17
U004978,周欣然4978,女,31,重庆市,重庆,普通,2023-03-04
U004979,孙俊杰4979,男,17,江苏省,无锡,普通,2023-12-02
U004980,李子涵4980,女,30,上海市,上海,普通,2026-02-14
U004981,杨嘉诚4981,女,24,北京市,北京,普通,2023-02-13
U004982,胡佳怡4982,女,37,山东省,潍坊,普通,2024-08-14
U004983,黄诗涵4983,女,20,四川省,南充,普通,2026-05-09
U004984,刘明轩4984,女,27,四川省,成都,白银,2024-07-26
U004985,刘浩然4985,女,19,江苏省,常州,铂金,2023-12-27
U004986,杨浩然4986,女,36,广东省,珠海,黄金,2025-06-28
U004987,陈雨桐4987,男,33,重庆市,重庆,普通,2023-07-04
U004988,刘子涵4988,女,29,广东省,珠海,白银,2024-10-05
U004989,刘雨桐4989,男,28,湖北省,宜昌,普通,2023-07-09
U004990,高欣然4990,男,32,广东省,东莞,黄金,2025-06-25
U004991,王嘉诚4991,女,18,安徽省,阜阳,普通,2024-06-22
U004992,王欣然4992,女,41,山东省,济南,普通,2023-08-03
U004993,周诗涵4993,男,38,重庆市,重庆,普通,2025-02-04
U004994,王雨桐4994,女,22,陕西省,宝鸡,普通,2026-06-20
U004995,赵浩然4995,男,33,湖南省,长沙,白银,2024-10-22
U004996,李梓萱4996,男,16,湖北省,襄阳,普通,2024-12-15
U004997,王浩然4997,男,47,河南省,许昌,普通,2024-11-14
U004998,王欣然4998,男,43,安徽省,合肥,白银,2023-02-12
U004999,黄俊杰4999,男,20,安徽省,合肥,黄金,2024-05-05
U005000,黄梓萱5000,男,28,江苏省,苏州,黄金,2025-11-12
U005001,周佳怡5001,男,20,湖北省,黄冈,铂金,2025-02-28
U005002,张佳怡5002,女,19,山东省,青岛,黄金,2023-08-17
U005003,刘梓萱5003,男,39,湖北省,荆州,铂金,2026-02-18
U005004,王子涵5004,男,25,安徽省,芜湖,普通,2024-08-12
U005005,胡佳怡5005,男,31,广东省,佛山,普通,2026-04-24
U005006,胡子涵5006,男,35,浙江省,嘉兴,普通,2025-05-11
U005007,赵嘉诚5007,女,21,湖北省,荆州,普通,2026-02-10
U005008,陈俊杰5008,女,29,安徽省,芜湖,白银,2023-12-23
U005009,赵俊杰5009,男,22,湖南省,岳阳,白银,2024-08-20
U005010,吴佳怡5010,男,31,浙江省,绍兴,普通,2025-09-05
U005011,朱雨桐5011,女,32,北京市,北京,普通,2024-11-19
U005012,黄梓萱5012,男,30,江苏省,苏州,普通,2026-05-19
U005013,黄欣然5013,男,16,山东省,烟台,普通,2023-06-28
U005014,朱浩然5014,女,32,江苏省,南京,普通,2024-04-24
U005015,陈明轩5015,女,38,浙江省,绍兴,铂金,2024-01-30
U005016,张思源5016,男,24,四川省,成都,普通,2023-03-04
U005017,张子涵5017,男,40,山东省,济南,普通,2024-10-13
U005018,陈诗涵5018,女,23,广东省,佛山,普通,2024-10-06
U005019,杨佳怡5019,女,29,河南省,许昌,普通,2023-02-16
U005020,陈欣然5020,男,24,湖北省,武汉,普通,2025-09-11
U005021,王佳怡5021,男,22,广东省,深圳,普通,2023-02-23
U005022,张俊杰5022,男,38,北京市,北京,普通,2024-06-20
U005023,徐诗涵5023,女,39,广东省,东莞,普通,2026-02-03
U005024,周佳怡5024,女,33,江苏省,南京,普通,2024-02-23
U005025,孙俊杰5025,女,23,北京市,北京,普通,2023-07-02
U005026,徐佳怡5026,男,42,江苏省,无锡,白银,2026-03-26
U005027,孙梓萱5027,男,32,浙江省,嘉兴,普通,2026-01-25
U005028,朱诗涵5028,女,31,江苏省,南通,普通,2023-03-08
U005029,张佳怡5029,男,18,广东省,广州,白银,2025-03-07
U005030,李嘉诚5030,女,30,湖北省,宜昌,白银,2026-04-16
U005031,李思源5031,女,33,陕西省,宝鸡,普通,2023-12-08
U005032,吴雨桐5032,女,26,广东省,佛山,普通,2024-09-10
U005033,赵俊杰5033,女,16,重庆市,重庆,普通,2025-09-05
U005034,杨明轩5034,女,34,上海市,上海,铂金,2024-08-22
U005035,陈诗涵5035,男,37,广东省,佛山,白银,2023-05-03
U005036,赵欣然5036,男,29,重庆市,重庆,黑金,2023-04-08
U005037,徐一诺5037,男,28,浙江省,温州,白银,2026-01-26
U005038,吴俊杰5038,女,40,福建省,泉州,普通,2023-06-03
U005039,周雨桐5039,女,16,广东省,东莞,普通,2023-02-24
U005040,陈欣然5040,男,20,江苏省,苏州,普通,2023-10-27
U005041,王俊杰5041,男,29,江苏省,南通,普通,2024-07-01
U005042,李雨桐5042,女,37,北京市,北京,白银,2025-09-21
U005043,徐明轩5043,女,42,山东省,青岛,普通,2025-05-06
U005044,徐嘉诚5044,女,20,浙江省,温州,普通,2024-01-22
U005045,黄一诺5045,男,33,陕西省,咸阳,普通,2023-03-29
U005046,黄诗涵5046,女,29,山东省,临沂,铂金,2025-12-26
U005047,李欣然5047,男,21,河南省,许昌,普通,2024-08-06
U005048,王明轩5048,女,34,山东省,青岛,黄金,2024-11-23
U005049,高梓萱5049,女,16,广东省,广州,普通,2023-02-17
U005050,李欣然5050,男,41,江苏省,南京,普通,2023-10-23
U005051,张一诺5051,女,31,浙江省,宁波,普通,2023-09-13
U005052,陈俊杰5052,男,35,河南省,洛阳,普通,2024-06-13
U005053,周浩然5053,男,19,江苏省,南京,铂金,2024-04-23
U005054,孙思源5054,女,16,广东省,广州,普通,2023-01-05
U005055,赵俊杰5055,女,17,江苏省,南京,普通,2025-06-12
U005056,赵欣然5056,女,22,广东省,珠海,普通,2025-02-07
U005057,吴佳怡5057,女,34,湖北省,黄冈,黄金,2025-02-17
U005058,李一诺5058,女,34,湖北省,宜昌,白银,2025-04-18
U005059,周思源5059,男,21,浙江省,温州,普通,2026-04-02
U005060,高子涵5060,男,16,陕西省,渭南,白银,2023-05-01
U005061,刘梓萱5061,男,32,广东省,珠海,普通,2024-06-28
U005062,高佳怡5062,女,39,四川省,南充,普通,2024-08-15
U005063,吴雨桐5063,女,28,河北省,保定,普通,2023-06-11
U005064,黄子涵5064,女,16,湖南省,长沙,铂金,2024-09-12
U005065,朱俊杰5065,女,16,广东省,广州,普通,2025-03-30
U005066,孙子涵5066,男,42,浙江省,宁波,普通,2026-03-07
U005067,徐嘉诚5067,男,27,广东省,广州,普通,2026-02-17
U005068,赵佳怡5068,男,44,浙江省,绍兴,普通,2024-11-25
U005069,孙佳怡5069,男,19,四川省,宜宾,白银,2024-05-10
U005070,周佳怡5070,女,23,浙江省,嘉兴,白银,2026-04-02
U005071,黄欣然5071,女,40,福建省,福州,普通,2023-04-14
U005072,胡子涵5072,男,45,广东省,佛山,普通,2026-02-23
U005073,徐子涵5073,女,30,陕西省,西安,黄金,2023-12-20
U005074,徐嘉诚5074,男,30,广东省,珠海,白银,2025-09-02
U005075,高欣然5075,女,29,浙江省,嘉兴,铂金,2023-12-17
U005076,朱浩然5076,男,16,上海市,上海,黄金,2024-10-03
U005077,黄浩然5077,男,37,江苏省,常州,普通,2026-04-19
U005078,孙诗涵5078,女,28,江苏省,南京,普通,2025-11-20
U005079,胡思源5079,女,20,浙江省,温州,黄金,2024-03-15
U005080,刘佳怡5080,女,49,河南省,新乡,普通,2025-07-25
U005081,吴思源5081,女,20,湖南省,长沙,普通,2025-08-17
U005082,赵嘉诚5082,男,54,河南省,新乡,普通,2023-02-11
U005083,高浩然5083,女,32,四川省,德阳,普通,2023-01-12
U005084,李思源5084,女,26,山东省,青岛,普通,2024-01-26
U005085,高浩然5085,男,32,广东省,东莞,普通,2025-10-05
U005086,徐一诺5086,女,21,广东省,东莞,黑金,2025-10-10
U005087,刘子涵5087,女,37,河南省,许昌,铂金,2024-05-02
U005088,杨雨桐5088,女,35,江苏省,南京,普通,2025-08-22
U005089,杨俊杰5089,女,26,重庆市,重庆,普通,2023-04-22
U005090,孙雨桐5090,男,24,广东省,佛山,普通,2025-04-28
U005091,高思源5091,女,28,北京市,北京,普通,2024-01-07
U005092,刘欣然5092,男,23,江苏省,南通,普通,2024-05-21
U005093,赵思源5093,女,26,浙江省,宁波,普通,2024-08-23
U005094,徐欣然5094,女,31,北京市,北京,普通,2024-11-04
U005095,张子涵5095,男,40,广东省,广州,普通,2023-06-17
U005096,李俊杰5096,女,34,上海市,上海,黄金,2025-07-29
U005097,陈嘉诚5097,女,16,江苏省,无锡,黑金,2025-06-03
U005098,徐明轩5098,女,44,浙江省,绍兴,普通,2024-04-03
U005099,杨佳怡5099,男,31,四川省,绵阳,普通,2026-03-31
U005100,胡浩然5100,女,18,湖北省,宜昌,黄金,2025-03-23
U005101,胡明轩5101,女,32,福建省,莆田,普通,2024-04-20
U005102,朱佳怡5102,男,16,安徽省,合肥,铂金,2023-06-29
U005103,孙诗涵5103,女,24,北京市,北京,白银,2026-05-14
U005104,赵明轩5104,女,29,重庆市,重庆,普通,2025-01-21
U005105,刘子涵5105,女,28,江苏省,常州,白银,2025-01-03
U005106,杨子涵5106,男,30,四川省,成都,普通,2023-10-28
U005107,杨浩然5107,男,28,上海市,上海,黄金,2024-05-16
U005108,陈嘉诚5108,男,20,江苏省,苏州,白银,2023-04-04
U005109,高佳怡5109,男,23,湖南省,株洲,白银,2024-05-13
U005110,朱梓萱5110,男,30,陕西省,宝鸡,普通,2023-11-30
U005111,黄雨桐5111,女,17,湖北省,黄冈,白银,2026-04-12
U005112,孙欣然5112,女,40,上海市,上海,白银,2025-03-22
U005113,黄诗涵5113,女,30,上海市,上海,普通,2026-05-09
U005114,杨梓萱5114,男,28,河南省,洛阳,白银,2023-07-21
U005115,赵一诺5115,女,16,重庆市,重庆,铂金,2024-04-06
U005116,陈佳怡5116,男,26,湖北省,黄冈,普通,2024-08-06
U005117,张梓萱5117,男,29,广东省,广州,黄金,2025-03-08
U005118,赵欣然5118,男,42,江苏省,南通,铂金,2025-09-01
U005119,孙浩然5119,女,26,湖南省,长沙,普通,2023-12-31
U005120,李梓萱5120,男,16,江苏省,南京,黑金,2025-02-10
U005121,黄梓萱5121,男,23,江苏省,南通,黄金,2024-12-24
U005122,胡一诺5122,女,51,广东省,佛山,普通,2023-03-08
U005123,吴欣然5123,男,34,安徽省,芜湖,白银,2023-11-17
U005124,周雨桐5124,男,30,山东省,临沂,普通,2025-11-04
U005125,吴思源5125,男,22,福建省,厦门,普通,2026-01-10
U005126,孙梓萱5126,女,30,浙江省,杭州,铂金,2023-06-27
U005127,赵明轩5127,男,36,安徽省,合肥,普通,2025-01-12
U005128,王思源5128,男,16,江苏省,南京,普通,2024-02-11
U005129,黄子涵5129,男,23,广东省,深圳,普通,2025-04-30
U005130,朱浩然5130,男,25,河南省,郑州,普通,2023-06-02
U005131,张浩然5131,女,30,河北省,唐山,白银,2026-05-24
U005132,胡浩然5132,男,43,河南省,新乡,白银,2024-07-08
U005133,陈明轩5133,男,43,江苏省,南通,铂金,2026-05-16
U005134,李佳怡5134,女,21,湖北省,襄阳,白银,2023-12-08
U005135,徐明轩5135,男,28,四川省,南充,普通,2023-09-18
U005136,高一诺5136,女,39,四川省,成都,普通,2023-10-29
U005137,王诗涵5137,女,24,陕西省,宝鸡,普通,2023-07-24
U005138,高子涵5138,女,32,四川省,宜宾,黄金,2023-07-23
U005139,赵雨桐5139,女,21,上海市,上海,铂金,2023-09-08
U005140,周思源5140,女,42,陕西省,宝鸡,普通,2024-06-03
U005141,吴明轩5141,女,26,四川省,成都,普通,2024-06-25
U005142,李嘉诚5142,女,29,湖北省,襄阳,普通,2025-10-12
U005143,赵欣然5143,男,44,福建省,泉州,普通,2024-07-29
U005144,胡梓萱5144,女,29,浙江省,绍兴,普通,2024-12-03
U005145,吴嘉诚5145,女,26,四川省,德阳,黄金,2024-08-02
U005146,陈浩然5146,男,28,广东省,佛山,普通,2025-03-06
U005147,王俊杰5147,女,30,广东省,广州,普通,2026-01-12
U005148,陈思源5148,女,16,山东省,烟台,白银,2026-03-05
U005149,赵梓萱5149,女,37,四川省,南充,普通,2023-03-06
U005150,孙欣然5150,女,39,四川省,成都,普通,2025-04-04
U005151,杨佳怡5151,女,22,山东省,临沂,白银,2026-04-28
U005152,刘诗涵5152,女,18,四川省,德阳,普通,2024-04-22
U005153,胡雨桐5153,女,32,山东省,潍坊,普通,2025-11-28
U005154,张明轩5154,男,49,湖南省,株洲,普通,2025-01-06
U005155,王子涵5155,女,29,福建省,厦门,普通,2026-01-14
U005156,张一诺5156,男,20,江苏省,南京,黄金,2024-05-21
U005157,朱雨桐5157,女,23,重庆市,重庆,普通,2023-05-15
U005158,赵子涵5158,男,30,河北省,廊坊,白银,2026-01-02
U005159,赵明轩5159,女,29,河南省,郑州,普通,2026-06-04
U005160,张子涵5160,男,25,湖南省,常德,白银,2024-10-04
U005161,陈俊杰5161,男,34,江苏省,苏州,普通,2024-12-09
U005162,王明轩5162,女,27,广东省,珠海,普通,2025-10-10
U005163,徐明轩5163,女,34,福建省,福州,白银,2024-04-12
U005164,徐嘉诚5164,男,40,湖南省,株洲,黄金,2023-01-08
U005165,朱俊杰5165,女,16,江苏省,苏州,普通,2026-04-07
U005166,周一诺5166,女,22,江苏省,无锡,黄金,2026-01-09
U005167,杨诗涵5167,男,29,江苏省,苏州,普通,2026-05-17
U005168,赵雨桐5168,女,41,河南省,南阳,白银,2024-05-20
U005169,陈嘉诚5169,女,20,广东省,东莞,普通,2024-02-25
U005170,张子涵5170,女,47,江苏省,南通,铂金,2025-08-29
U005171,李思源5171,男,38,重庆市,重庆,普通,2025-07-02
U005172,高嘉诚5172,男,31,广东省,深圳,普通,2026-02-25
U005173,刘嘉诚5173,女,41,河南省,许昌,黄金,2024-03-03
U005174,陈欣然5174,女,16,北京市,北京,黄金,2024-09-29
U005175,黄梓萱5175,女,45,浙江省,温州,白银,2023-10-19
U005176,赵明轩5176,男,28,重庆市,重庆,黄金,2024-06-07
U005177,刘梓萱5177,男,20,山东省,潍坊,普通,2024-01-15
U005178,赵佳怡5178,女,16,北京市,北京,普通,2023-06-18
U005179,陈欣然5179,女,19,河北省,石家庄,铂金,2025-10-02
U005180,陈嘉诚5180,女,43,湖南省,衡阳,普通,2024-11-28
U005181,赵明轩5181,女,34,山东省,潍坊,普通,2023-06-21
U005182,刘雨桐5182,女,27,河南省,许昌,普通,2023-06-07
U005183,高思源5183,男,41,湖北省,武汉,普通,2023-09-30
U005184,杨佳怡5184,女,26,浙江省,宁波,普通,2023-07-12
U005185,刘诗涵5185,男,30,湖北省,黄冈,普通,2023-10-29
U005186,周梓萱5186,女,38,山东省,临沂,普通,2026-02-06
U005187,孙佳怡5187,男,33,重庆市,重庆,黑金,2026-01-09
U005188,刘浩然5188,女,28,浙江省,杭州,白银,2023-07-14
U005189,赵嘉诚5189,女,53,广东省,珠海,普通,2025-08-30
U005190,高明轩5190,男,53,河南省,洛阳,黄金,2025-06-08
U005191,朱子涵5191,女,29,上海市,上海,普通,2024-02-25
U005192,王梓萱5192,女,29,安徽省,芜湖,白银,2023-12-21
U005193,周明轩5193,女,38,江苏省,南京,白银,2024-09-07
U005194,王佳怡5194,男,16,广东省,佛山,黄金,2026-01-09
U005195,王欣然5195,男,21,湖北省,襄阳,普通,2025-06-14
U005196,李诗涵5196,女,44,湖北省,荆州,黄金,2024-02-03
U005197,杨雨桐5197,男,25,广东省,广州,普通,2025-11-20
U005198,徐子涵5198,女,36,重庆市,重庆,普通,2025-04-28
U005199,李诗涵5199,男,16,河北省,保定,普通,2024-10-19
U005200,王欣然5200,男,29,广东省,佛山,普通,2025-05-25
U005201,杨一诺5201,女,31,江苏省,南通,普通,2024-03-18
U005202,陈子涵5202,男,27,安徽省,合肥,白银,2026-03-05
U005203,杨思源5203,男,24,河北省,石家庄,黑金,2025-11-07
U005204,赵佳怡5204,女,32,广东省,广州,普通,2023-08-20
U005205,杨浩然5205,女,40,湖北省,黄冈,黑金,2025-06-02
U005206,赵嘉诚5206,女,50,广东省,广州,普通,2026-03-12
U005207,赵思源5207,女,34,四川省,成都,普通,2025-11-18
U005208,孙梓萱5208,女,25,广东省,佛山,普通,2023-05-30
U005209,刘一诺5209,男,26,四川省,绵阳,普通,2023-03-06
U005210,高雨桐5210,男,29,广东省,东莞,黄金,2023-08-30
U005211,刘子涵5211,男,33,浙江省,温州,白银,2025-06-02
U005212,黄俊杰5212,男,42,陕西省,西安,普通,2025-09-29
U005213,赵佳怡5213,男,47,山东省,潍坊,黄金,2025-03-05
U005214,陈雨桐5214,女,29,浙江省,嘉兴,普通,2024-02-19
U005215,李梓萱5215,女,32,上海市,上海,普通,2024-11-10
U005216,徐诗涵5216,女,23,广东省,东莞,普通,2025-11-17
U005217,张佳怡5217,女,45,安徽省,阜阳,普通,2025-07-15
U005218,杨佳怡5218,男,29,江苏省,常州,白银,2023-05-11
U005219,杨俊杰5219,女,21,福建省,泉州,黄金,2023-09-30
U005220,王欣然5220,男,16,江苏省,无锡,普通,2024-08-23
U005221,张雨桐5221,女,32,山东省,潍坊,普通,2026-05-04
U005222,王佳怡5222,女,44,四川省,绵阳,普通,2024-02-17
U005223,刘浩然5223,男,45,福建省,厦门,普通,2025-03-21
U005224,陈一诺5224,女,37,浙江省,温州,普通,2025-02-02
U005225,朱梓萱5225,男,28,四川省,德阳,普通,2026-03-21
U005226,王俊杰5226,女,23,湖南省,岳阳,普通,2023-08-10
U005227,陈佳怡5227,男,28,浙江省,嘉兴,普通,2025-09-10
U005228,周佳怡5228,女,38,江苏省,苏州,黄金,2025-06-02
U005229,孙嘉诚5229,女,42,重庆市,重庆,普通,2025-08-21
U005230,周嘉诚5230,男,41,浙江省,绍兴,普通,2024-03-19
U005231,刘欣然5231,男,25,浙江省,绍兴,白银,2025-02-22
U005232,赵诗涵5232,女,17,上海市,上海,普通,2025-06-16
U005233,高思源5233,男,35,湖南省,岳阳,普通,2026-06-12
U005234,王佳怡5234,女,37,北京市,北京,铂金,2024-05-22
U005235,吴思源5235,女,29,广东省,广州,普通,2026-01-14
U005236,孙一诺5236,男,16,广东省,广州,普通,2025-04-03
U005237,孙明轩5237,女,40,山东省,青岛,黄金,2023-07-17
U005238,杨浩然5238,女,24,广东省,东莞,白银,2023-01-24
U005239,吴俊杰5239,男,27,北京市,北京,白银,2023-04-20
U005240,刘子涵5240,女,43,山东省,烟台,白银,2025-04-30
U005241,高佳怡5241,男,23,江苏省,苏州,普通,2023-09-29
U005242,李梓萱5242,女,39,江苏省,常州,白银,2023-12-02
U005243,陈俊杰5243,女,24,湖北省,襄阳,普通,2024-08-26
U005244,杨浩然5244,女,24,江苏省,南通,黄金,2025-05-15
U005245,朱欣然5245,男,20,广东省,深圳,普通,2024-01-06
U005246,刘佳怡5246,女,16,陕西省,西安,白银,2024-06-02
U005247,孙雨桐5247,男,23,山东省,临沂,黄金,2025-06-16
U005248,王俊杰5248,女,32,上海市,上海,黄金,2025-06-22
U005249,张俊杰5249,女,35,湖北省,荆州,黄金,2025-03-27
U005250,张浩然5250,男,39,湖北省,宜昌,普通,2025-09-16
U005251,张俊杰5251,男,28,江苏省,苏州,普通,2025-10-08
U005252,周佳怡5252,女,32,河南省,新乡,普通,2026-02-04
U005253,杨嘉诚5253,女,32,河南省,许昌,普通,2024-03-17
U005254,徐子涵5254,男,30,陕西省,渭南,铂金,2023-09-30
U005255,杨佳怡5255,女,24,北京市,北京,白银,2025-12-17
U005256,朱思源5256,女,32,陕西省,渭南,普通,2025-03-31
U005257,刘俊杰5257,女,24,河南省,新乡,普通,2023-09-14
U005258,徐明轩5258,男,41,河北省,唐山,白银,2026-04-24
U005259,孙佳怡5259,女,16,安徽省,芜湖,铂金,2024-01-27
U005260,杨梓萱5260,男,48,重庆市,重庆,白银,2025-03-09
U005261,张一诺5261,男,28,湖北省,武汉,普通,2023-10-05
U005262,黄梓萱5262,女,43,上海市,上海,普通,2023-07-12
U005263,杨梓萱5263,男,34,湖南省,长沙,普通,2023-01-11
U005264,陈俊杰5264,男,31,浙江省,绍兴,普通,2023-04-18
U005265,陈一诺5265,男,16,浙江省,温州,普通,2024-06-21
U005266,刘欣然5266,女,38,广东省,东莞,白银,2025-05-30
U005267,周欣然5267,女,21,湖北省,宜昌,普通,2023-05-26
U005268,徐佳怡5268,男,47,浙江省,嘉兴,普通,2023-03-29
U005269,陈佳怡5269,男,33,安徽省,芜湖,黄金,2025-09-30
U005270,孙俊杰5270,男,28,广东省,佛山,普通,2023-12-18
U005271,陈思源5271,男,41,广东省,珠海,普通,2025-03-28
U005272,胡子涵5272,男,36,山东省,济南,黄金,2023-07-21
U005273,黄诗涵5273,男,26,河北省,石家庄,普通,2023-07-16
U005274,杨浩然5274,女,33,四川省,德阳,普通,2024-03-18
U005275,张嘉诚5275,男,38,陕西省,宝鸡,黄金,2025-12-04
U005276,朱欣然5276,女,39,北京市,北京,铂金,2024-03-19
U005277,李一诺5277,男,26,四川省,南充,白银,2025-12-13
U005278,高子涵5278,男,28,北京市,北京,普通,2026-04-14
U005279,赵欣然5279,男,28,重庆市,重庆,黑金,2025-11-30
U005280,陈思源5280,女,37,北京市,北京,普通,2023-05-01
U005281,吴一诺5281,男,39,江苏省,常州,白银,2024-11-25
U005282,黄嘉诚5282,女,21,山东省,临沂,黄金,2023-03-20
U005283,杨欣然5283,男,35,湖北省,襄阳,黄金,2025-09-26
U005284,赵子涵5284,男,33,广东省,佛山,白银,2024-07-06
U005285,王雨桐5285,男,47,陕西省,渭南,普通,2025-10-30
U005286,徐诗涵5286,男,43,河南省,南阳,普通,2025-10-06
U005287,黄浩然5287,女,16,广东省,佛山,普通,2025-10-04
U005288,杨明轩5288,女,16,北京市,北京,白银,2025-05-31
U005289,孙诗涵5289,女,32,广东省,佛山,普通,2024-01-27
U005290,徐欣然5290,女,30,重庆市,重庆,黄金,2024-12-02
U005291,李佳怡5291,男,33,湖北省,襄阳,白银,2025-05-05
U005292,杨嘉诚5292,女,22,湖北省,武汉,铂金,2025-12-08
U005293,胡俊杰5293,女,38,河北省,廊坊,黄金,2026-02-10
U005294,张子涵5294,男,38,江苏省,苏州,普通,2023-07-13
U005295,孙诗涵5295,男,44,湖南省,株洲,普通,2026-03-28
U005296,陈俊杰5296,女,28,河南省,新乡,黄金,2023-01-20
U005297,吴佳怡5297,女,35,广东省,珠海,普通,2024-07-04
U005298,刘子涵5298,男,38,浙江省,杭州,黄金,2024-04-21
U005299,胡梓萱5299,男,33,河南省,郑州,普通,2024-12-06
U005300,赵雨桐5300,男,24,浙江省,绍兴,普通,2025-09-19
U005301,陈思源5301,男,32,江苏省,南通,普通,2023-04-10
U005302,黄嘉诚5302,男,36,湖北省,武汉,黄金,2025-10-25
U005303,黄一诺5303,男,23,浙江省,宁波,普通,2024-05-17
U005304,高俊杰5304,男,33,北京市,北京,普通,2025-05-02
U005305,吴一诺5305,男,18,河南省,郑州,普通,2023-12-24
U005306,周思源5306,女,40,浙江省,绍兴,普通,2025-10-27
U005307,孙佳怡5307,男,38,陕西省,西安,铂金,2024-05-09
U005308,黄俊杰5308,女,25,福建省,莆田,普通,2024-08-03
U005309,赵子涵5309,女,28,北京市,北京,白银,2023-02-12
U005310,杨思源5310,女,29,广东省,佛山,白银,2023-08-15
U005311,张梓萱5311,男,35,广东省,深圳,白银,2023-08-29
U005312,黄嘉诚5312,男,36,江苏省,常州,黄金,2023-11-03
U005313,李子涵5313,女,42,四川省,南充,白银,2025-03-06
U005314,高一诺5314,女,32,陕西省,渭南,普通,2025-01-18
U005315,刘子涵5315,男,27,河北省,石家庄,普通,2025-05-30
U005316,高一诺5316,男,48,山东省,潍坊,普通,2023-09-24
U005317,周一诺5317,女,21,江苏省,南通,普通,2023-07-27
U005318,周嘉诚5318,男,36,江苏省,苏州,普通,2023-01-19
U005319,吴嘉诚5319,男,43,北京市,北京,普通,2023-09-10
U005320,朱思源5320,男,48,山东省,临沂,黄金,2025-05-16
U005321,赵佳怡5321,女,29,四川省,宜宾,普通,2024-11-01
U005322,朱思源5322,女,36,江苏省,常州,铂金,2024-10-05
U005323,吴诗涵5323,女,36,上海市,上海,普通,2023-08-11
U005324,朱梓萱5324,女,23,重庆市,重庆,铂金,2025-11-24
U005325,王佳怡5325,女,26,四川省,成都,普通,2026-03-30
U005326,王雨桐5326,男,16,广东省,东莞,黄金,2025-03-08
U005327,杨嘉诚5327,女,26,广东省,珠海,黄金,2025-11-23
U005328,胡嘉诚5328,女,47,福建省,漳州,普通,2023-04-25
U005329,吴子涵5329,女,18,重庆市,重庆,白银,2025-01-01
U005330,黄子涵5330,男,19,山东省,青岛,普通,2025-04-15
U005331,徐佳怡5331,男,20,北京市,北京,普通,2024-02-28
U005332,周佳怡5332,女,35,广东省,深圳,普通,2023-10-12
U005333,孙嘉诚5333,男,26,河南省,南阳,黄金,2024-01-27
U005334,高欣然5334,女,31,浙江省,宁波,普通,2023-07-03
U005335,刘佳怡5335,男,24,广东省,珠海,普通,2024-05-13
U005336,高欣然5336,女,47,北京市,北京,普通,2023-06-27
U005337,朱梓萱5337,男,36,浙江省,嘉兴,黄金,2024-01-09
U005338,李雨桐5338,女,34,北京市,北京,普通,2023-06-04
U005339,朱嘉诚5339,女,22,湖南省,长沙,普通,2025-08-29
U005340,刘诗涵5340,女,25,河南省,许昌,黄金,2024-07-10
U005341,吴明轩5341,女,33,四川省,绵阳,白银,2025-01-12
U005342,高思源5342,女,34,湖南省,岳阳,普通,2025-12-08
U005343,吴佳怡5343,男,19,山东省,青岛,普通,2023-09-18
U005344,陈思源5344,女,39,陕西省,咸阳,普通,2023-07-28
U005345,孙一诺5345,女,35,上海市,上海,白银,2023-02-22
U005346,吴俊杰5346,女,33,福建省,漳州,普通,2026-02-17
U005347,赵浩然5347,女,35,重庆市,重庆,普通,2026-05-11
U005348,王思源5348,男,35,广东省,东莞,普通,2026-02-08
U005349,高浩然5349,女,48,上海市,上海,铂金,2023-07-27
U005350,赵雨桐5350,女,33,陕西省,渭南,普通,2024-09-11
U005351,周明轩5351,女,28,广东省,佛山,普通,2024-04-05
U005352,李明轩5352,女,26,浙江省,杭州,黄金,2025-09-03
U005353,朱思源5353,女,30,浙江省,杭州,普通,2025-03-14
U005354,胡浩然5354,男,47,湖南省,常德,普通,2023-07-31
U005355,吴子涵5355,男,21,江苏省,南通,普通,2025-07-10
U005356,刘诗涵5356,男,34,陕西省,西安,普通,2023-01-31
U005357,杨俊杰5357,女,23,河南省,洛阳,白银,2025-04-30
U005358,朱梓萱5358,男,24,河南省,南阳,黄金,2023-04-23
U005359,朱诗涵5359,男,23,湖南省,衡阳,普通,2024-08-06
U005360,杨嘉诚5360,男,31,河南省,郑州,白银,2024-11-06
U005361,李嘉诚5361,男,34,广东省,佛山,铂金,2023-08-20
U005362,杨明轩5362,女,41,北京市,北京,黄金,2023-08-28
U005363,陈一诺5363,女,29,北京市,北京,铂金,2026-04-14
U005364,李诗涵5364,男,37,山东省,烟台,白银,2026-06-16
U005365,王一诺5365,男,20,山东省,济南,白银,2023-07-20
U005366,黄雨桐5366,女,35,湖南省,衡阳,黄金,2026-05-30
U005367,胡诗涵5367,男,48,重庆市,重庆,白银,2025-08-20
U005368,孙梓萱5368,女,33,重庆市,重庆,铂金,2024-07-05
U005369,黄一诺5369,男,34,广东省,深圳,白银,2023-03-12
U005370,张俊杰5370,男,18,湖北省,武汉,普通,2023-07-21
U005371,杨明轩5371,女,42,山东省,济南,普通,2024-02-27
U005372,刘雨桐5372,男,31,广东省,东莞,普通,2024-09-23
U005373,周子涵5373,女,32,上海市,上海,普通,2023-04-21
U005374,张诗涵5374,女,54,湖南省,衡阳,普通,2023-07-25
U005375,高嘉诚5375,女,37,山东省,临沂,普通,2025-01-25
U005376,胡思源5376,女,21,陕西省,西安,普通,2024-02-16
U005377,黄佳怡5377,女,35,福建省,泉州,黄金,2023-03-01
U005378,高诗涵5378,女,29,江苏省,苏州,普通,2025-03-01
U005379,徐梓萱5379,女,33,湖北省,襄阳,白银,2023-12-20
U005380,周梓萱5380,女,39,广东省,佛山,普通,2024-06-07
U005381,黄思源5381,男,27,河北省,保定,白银,2024-02-09
U005382,杨诗涵5382,男,16,河南省,南阳,黄金,2024-07-06
U005383,高子涵5383,女,31,河北省,唐山,铂金,2025-12-06
U005384,孙思源5384,女,21,北京市,北京,普通,2024-12-27
U005385,王俊杰5385,女,36,重庆市,重庆,普通,2024-11-28
U005386,朱俊杰5386,男,36,广东省,佛山,普通,2023-07-30
U005387,王一诺5387,男,30,广东省,东莞,普通,2024-09-11
U005388,孙梓萱5388,男,40,福建省,漳州,黄金,2024-12-20
U005389,黄佳怡5389,女,18,浙江省,嘉兴,铂金,2023-04-30
U005390,陈诗涵5390,女,29,广东省,东莞,黑金,2024-01-19
U005391,杨嘉诚5391,女,31,浙江省,宁波,黄金,2025-12-28
U005392,张嘉诚5392,女,40,上海市,上海,普通,2024-06-10
U005393,杨浩然5393,男,36,河北省,保定,黄金,2025-08-16
U005394,张子涵5394,男,35,浙江省,温州,普通,2024-11-18
U005395,陈雨桐5395,女,32,广东省,广州,黑金,2025-08-15
U005396,陈一诺5396,女,24,河南省,郑州,普通,2026-01-29
U005397,李明轩5397,女,23,河南省,洛阳,黄金,2023-06-20
U005398,杨浩然5398,女,40,四川省,绵阳,普通,2023-03-06
U005399,朱梓萱5399,男,25,上海市,上海,白银,2025-02-09
U005400,孙嘉诚5400,女,57,湖北省,武汉,白银,2023-01-13
U005401,朱一诺5401,男,44,湖南省,长沙,普通,2026-03-29
U005402,赵明轩5402,男,16,广东省,深圳,普通,2025-12-11
U005403,吴佳怡5403,女,35,河北省,廊坊,白银,2025-09-09
U005404,赵嘉诚5404,女,20,北京市,北京,铂金,2026-05-25
U005405,李明轩5405,女,16,陕西省,西安,黄金,2024-01-28
U005406,胡浩然5406,女,35,浙江省,杭州,普通,2024-09-21
U005407,高诗涵5407,男,44,江苏省,苏州,普通,2026-05-10
U005408,王佳怡5408,男,32,上海市,上海,普通,2025-07-28
U005409,高子涵5409,女,37,福建省,漳州,普通,2024-11-14
U005410,周雨桐5410,女,33,广东省,东莞,黄金,2023-01-08
U005411,黄佳怡5411,男,40,重庆市,重庆,白银,2024-03-30
U005412,吴雨桐5412,女,27,上海市,上海,普通,2023-09-09
U005413,赵一诺5413,男,39,安徽省,合肥,普通,2023-06-03
U005414,陈嘉诚5414,男,24,湖北省,襄阳,黄金,2026-01-07
U005415,胡雨桐5415,男,35,福建省,漳州,普通,2023-04-04
U005416,胡一诺5416,女,17,福建省,漳州,普通,2023-12-12
U005417,陈思源5417,男,30,湖北省,襄阳,普通,2025-08-18
U005418,杨思源5418,男,48,湖北省,荆州,普通,2025-08-11
U005419,孙诗涵5419,女,20,四川省,成都,普通,2025-01-29
U005420,黄思源5420,女,43,重庆市,重庆,普通,2023-06-17
U005421,高诗涵5421,女,29,福建省,福州,黄金,2023-06-26
U005422,胡梓萱5422,女,24,浙江省,绍兴,黄金,2024-06-23
U005423,胡梓萱5423,男,25,广东省,珠海,普通,2025-07-29
U005424,杨思源5424,男,25,上海市,上海,黄金,2024-07-25
U005425,孙一诺5425,女,44,河南省,新乡,普通,2025-04-24
U005426,胡子涵5426,女,37,山东省,青岛,普通,2026-02-22
U005427,徐嘉诚5427,女,20,山东省,济南,白银,2025-08-21
U005428,孙梓萱5428,女,34,山东省,烟台,白银,2025-12-15
U005429,朱明轩5429,女,28,上海市,上海,黄金,2025-06-06
U005430,周梓萱5430,男,30,江苏省,无锡,白银,2023-01-05
U005431,周浩然5431,女,32,福建省,福州,黄金,2026-01-31
U005432,王子涵5432,男,27,广东省,东莞,白银,2025-06-13
U005433,黄子涵5433,男,30,广东省,东莞,普通,2023-06-09
U005434,吴欣然5434,女,23,安徽省,芜湖,白银,2026-06-01
U005435,赵明轩5435,女,16,安徽省,阜阳,普通,2025-12-19
U005436,王梓萱5436,女,31,浙江省,绍兴,普通,2023-11-07
U005437,张俊杰5437,女,43,上海市,上海,普通,2025-07-25
U005438,孙俊杰5438,女,30,北京市,北京,普通,2025-04-15
U005439,黄一诺5439,女,23,重庆市,重庆,普通,2023-07-08
U005440,徐诗涵5440,男,24,广东省,珠海,白银,2024-02-01
U005441,朱诗涵5441,女,46,江苏省,南京,黄金,2025-11-25
U005442,张一诺5442,女,16,重庆市,重庆,白银,2026-01-24
U005443,黄嘉诚5443,男,39,广东省,东莞,普通,2026-01-08
U005444,杨思源5444,女,16,河南省,许昌,普通,2026-05-19
U005445,李浩然5445,女,29,上海市,上海,黄金,2023-10-18
U005446,陈俊杰5446,男,36,河南省,南阳,普通,2026-03-19
U005447,杨梓萱5447,女,34,广东省,佛山,白银,2023-01-30
U005448,刘嘉诚5448,女,30,湖南省,长沙,普通,2026-05-13
U005449,刘一诺5449,男,42,广东省,珠海,普通,2024-02-22
U005450,朱雨桐5450,女,34,福建省,福州,铂金,2024-06-29
U005451,胡浩然5451,女,38,湖北省,荆州,黄金,2023-11-19
U005452,赵欣然5452,女,16,江苏省,常州,普通,2025-02-28
U005453,朱欣然5453,男,58,广东省,珠海,普通,2024-10-26
U005454,周浩然5454,男,20,陕西省,西安,黄金,2024-08-03
U005455,李佳怡5455,男,27,上海市,上海,普通,2025-11-28
U005456,陈佳怡5456,男,32,湖南省,衡阳,普通,2023-01-07
U005457,陈子涵5457,男,17,浙江省,温州,普通,2023-08-24
U005458,刘俊杰5458,男,37,广东省,珠海,普通,2025-01-17
U005459,孙欣然5459,女,23,湖南省,株洲,普通,2024-09-03
U005460,赵一诺5460,女,25,江苏省,南京,铂金,2025-12-28
U005461,吴子涵5461,女,29,广东省,东莞,普通,2024-12-17
U005462,张欣然5462,男,27,江苏省,南通,普通,2025-11-24
U005463,高梓萱5463,男,46,湖北省,宜昌,白银,2023-09-15
U005464,王诗涵5464,女,26,安徽省,安庆,黄金,2024-12-05
U005465,吴俊杰5465,女,39,广东省,珠海,铂金,2024-05-08
U005466,张俊杰5466,女,32,湖南省,长沙,白银,2026-05-09
U005467,赵明轩5467,男,28,上海市,上海,普通,2023-01-08
U005468,周子涵5468,男,16,河南省,洛阳,普通,2024-05-14
U005469,高子涵5469,女,38,湖南省,株洲,黄金,2024-08-12
U005470,徐雨桐5470,男,34,山东省,烟台,铂金,2025-12-04
U005471,高梓萱5471,女,29,陕西省,咸阳,黄金,2024-06-19
U005472,赵诗涵5472,女,23,浙江省,嘉兴,白银,2025-07-26
U005473,王梓萱5473,男,20,浙江省,杭州,白银,2025-12-21
U005474,徐明轩5474,女,28,河南省,南阳,白银,2025-09-03
U005475,陈明轩5475,女,35,浙江省,杭州,黄金,2024-04-09
U005476,王梓萱5476,男,30,福建省,泉州,普通,2024-06-06
U005477,杨雨桐5477,女,32,湖北省,黄冈,普通,2023-06-11
U005478,赵佳怡5478,女,35,重庆市,重庆,白银,2024-10-21
U005479,孙嘉诚5479,女,19,山东省,潍坊,白银,2025-04-10
U005480,杨俊杰5480,男,37,浙江省,杭州,普通,2024-12-25
U005481,刘雨桐5481,女,33,广东省,珠海,黄金,2024-04-05
U005482,陈明轩5482,男,44,四川省,绵阳,铂金,2024-08-22
U005483,孙一诺5483,男,34,浙江省,杭州,普通,2024-01-29
U005484,刘俊杰5484,男,33,安徽省,芜湖,普通,2024-04-21
U005485,吴子涵5485,女,24,安徽省,阜阳,白银,2025-11-29
U005486,王佳怡5486,男,29,浙江省,温州,白银,2025-03-29
U005487,周俊杰5487,男,22,河南省,南阳,白银,2023-10-02
U005488,胡明轩5488,女,30,四川省,德阳,普通,2024-06-27
U005489,张梓萱5489,男,39,广东省,东莞,普通,2024-09-11
U005490,陈俊杰5490,男,37,山东省,临沂,普通,2025-09-06
U005491,陈嘉诚5491,女,20,江苏省,常州,黄金,2023-12-09
U005492,刘明轩5492,女,33,重庆市,重庆,普通,2024-04-09
U005493,周诗涵5493,女,28,河北省,唐山,普通,2025-03-21
U005494,高梓萱5494,男,46,河南省,新乡,白银,2026-05-10
U005495,吴明轩5495,男,57,河北省,保定,普通,2025-03-28
U005496,王思源5496,男,19,山东省,潍坊,白银,2023-09-05
U005497,黄俊杰5497,男,30,广东省,东莞,普通,2026-03-14
U005498,张梓萱5498,女,25,广东省,佛山,铂金,2024-05-12
U005499,孙俊杰5499,女,16,福建省,厦门,黄金,2024-05-28
U005500,陈诗涵5500,女,33,湖北省,荆州,普通,2025-05-04
U005501,赵一诺5501,男,30,陕西省,咸阳,黄金,2026-02-05
U005502,王诗涵5502,男,41,上海市,上海,黄金,2024-09-21
U005503,李嘉诚5503,女,33,福建省,漳州,普通,2025-06-27
U005504,胡雨桐5504,女,31,湖南省,常德,白银,2026-05-23
U005505,高明轩5505,女,44,安徽省,安庆,铂金,2023-05-18
U005506,胡明轩5506,女,23,河南省,南阳,普通,2024-09-07
U005507,陈明轩5507,女,16,浙江省,杭州,普通,2025-06-13
U005508,孙雨桐5508,女,23,山东省,临沂,普通,2024-07-21
U005509,高明轩5509,男,27,广东省,东莞,白银,2024-08-29
U005510,李浩然5510,男,35,安徽省,芜湖,普通,2024-09-09
U005511,高思源5511,男,46,广东省,佛山,铂金,2024-04-19
U005512,赵佳怡5512,女,38,福建省,厦门,普通,2024-09-26
U005513,杨嘉诚5513,女,24,四川省,成都,白银,2023-11-23
U005514,朱欣然5514,女,30,山东省,青岛,普通,2025-01-04
U005515,刘明轩5515,男,34,安徽省,芜湖,普通,2025-02-25
U005516,赵欣然5516,男,22,湖北省,武汉,普通,2024-11-24
U005517,孙思源5517,女,18,河南省,许昌,普通,2023-10-07
U005518,吴嘉诚5518,女,33,广东省,珠海,普通,2023-08-06
U005519,王诗涵5519,女,41,江苏省,南京,普通,2023-07-24
U005520,周嘉诚5520,女,37,重庆市,重庆,黑金,2023-06-25
U005521,赵梓萱5521,女,27,河南省,许昌,铂金,2023-04-12
U005522,朱俊杰5522,男,36,山东省,临沂,白银,2025-09-08
U005523,刘欣然5523,女,27,福建省,厦门,黄金,2026-01-19
U005524,赵俊杰5524,男,27,河南省,郑州,黄金,2025-07-26
U005525,李子涵5525,女,29,广东省,广州,普通,2024-03-16
U005526,陈明轩5526,男,16,上海市,上海,普通,2025-06-04
U005527,胡一诺5527,男,23,浙江省,宁波,普通,2026-02-12
U005528,高俊杰5528,男,24,山东省,青岛,普通,2024-07-17
U005529,胡欣然5529,男,17,福建省,莆田,普通,2026-05-05
U005530,杨佳怡5530,女,33,山东省,济南,普通,2024-10-01
U005531,刘俊杰5531,男,39,浙江省,宁波,白银,2024-07-13
U005532,张雨桐5532,女,27,北京市,北京,普通,2023-04-16
U005533,赵雨桐5533,女,33,湖南省,株洲,普通,2023-09-26
U005534,张佳怡5534,男,39,北京市,北京,白银,2024-06-08
U005535,杨一诺5535,女,32,浙江省,温州,普通,2024-04-08
U005536,徐诗涵5536,女,20,陕西省,咸阳,白银,2026-02-07
U005537,吴佳怡5537,女,35,湖南省,常德,普通,2023-07-27
U005538,胡思源5538,男,54,河南省,洛阳,普通,2024-04-23
U005539,李浩然5539,男,26,广东省,东莞,黄金,2024-06-07
U005540,周一诺5540,女,32,北京市,北京,普通,2025-06-13
U005541,刘诗涵5541,女,32,广东省,深圳,普通,2023-12-26
U005542,朱佳怡5542,女,33,河南省,新乡,黄金,2024-05-24
U005543,张俊杰5543,男,28,河南省,南阳,普通,2023-01-09
U005544,张一诺5544,男,22,广东省,广州,黄金,2023-05-10
U005545,周俊杰5545,男,28,重庆市,重庆,普通,2025-02-06
U005546,刘佳怡5546,男,30,湖南省,衡阳,白银,2023-02-20
U005547,赵明轩5547,男,30,山东省,青岛,普通,2026-06-09
U005548,张欣然5548,女,49,福建省,厦门,白银,2024-10-26
U005549,王佳怡5549,男,29,四川省,宜宾,普通,2025-04-04
U005550,黄嘉诚5550,男,33,上海市,上海,普通,2025-11-04
U005551,杨俊杰5551,女,28,安徽省,阜阳,铂金,2023-02-24
U005552,吴思源5552,男,16,福建省,厦门,黄金,2023-03-12
U005553,刘明轩5553,女,33,山东省,潍坊,普通,2023-06-12
U005554,张明轩5554,女,30,山东省,临沂,白银,2024-08-08
U005555,王子涵5555,男,27,山东省,潍坊,普通,2024-06-05
U005556,赵思源5556,女,22,河北省,廊坊,普通,2026-01-20
U005557,朱一诺5557,男,23,陕西省,西安,普通,2024-01-24
U005558,李子涵5558,女,28,广东省,广州,普通,2024-12-29
U005559,刘佳怡5559,女,37,湖北省,武汉,普通,2023-06-15
U005560,杨欣然5560,女,28,江苏省,南京,普通,2024-12-08
U005561,朱嘉诚5561,男,34,山东省,临沂,普通,2024-02-08
U005562,陈思源5562,男,20,江苏省,无锡,普通,2024-02-11
U005563,赵俊杰5563,男,33,重庆市,重庆,白银,2023-11-20
U005564,李浩然5564,女,28,湖北省,襄阳,普通,2023-12-11
U005565,张梓萱5565,女,37,陕西省,西安,普通,2024-10-28
U005566,周佳怡5566,男,43,河南省,南阳,普通,2023-01-28
U005567,杨梓萱5567,女,35,浙江省,温州,普通,2023-09-06
U005568,李梓萱5568,男,20,广东省,广州,普通,2024-02-09
U005569,徐明轩5569,女,25,陕西省,宝鸡,普通,2025-09-07
U005570,李子涵5570,男,36,广东省,广州,白银,2024-03-04
U005571,孙浩然5571,女,33,上海市,上海,普通,2024-10-07
U005572,陈佳怡5572,女,32,上海市,上海,白银,2024-12-25
U005573,朱嘉诚5573,女,29,广东省,广州,白银,2024-05-31
U005574,吴佳怡5574,女,16,广东省,佛山,普通,2023-05-19
U005575,高佳怡5575,男,29,上海市,上海,铂金,2025-04-03
U005576,徐一诺5576,女,34,河北省,保定,普通,2023-12-04
U005577,吴俊杰5577,女,25,重庆市,重庆,铂金,2026-01-22
U005578,李一诺5578,男,22,浙江省,杭州,黄金,2024-02-20
U005579,朱梓萱5579,女,33,福建省,莆田,普通,2023-02-15
U005580,黄明轩5580,女,30,浙江省,嘉兴,普通,2024-12-23
U005581,陈佳怡5581,男,38,浙江省,杭州,普通,2026-06-13
U005582,吴俊杰5582,男,22,四川省,成都,普通,2024-08-05
U005583,张俊杰5583,女,36,陕西省,渭南,白银,2025-12-05
U005584,刘思源5584,男,16,江苏省,南通,铂金,2025-09-13
U005585,赵雨桐5585,男,23,上海市,上海,普通,2023-07-16
U005586,赵佳怡5586,女,31,广东省,珠海,普通,2023-09-15
U005587,高俊杰5587,男,34,北京市,北京,普通,2026-06-18
U005588,李梓萱5588,女,24,江苏省,苏州,白银,2025-08-11
U005589,周子涵5589,女,26,山东省,济南,黄金,2024-07-25
U005590,周诗涵5590,女,44,福建省,莆田,白银,2025-05-05
U005591,赵俊杰5591,女,20,浙江省,杭州,黄金,2025-04-15
U005592,李佳怡5592,男,31,重庆市,重庆,普通,2025-04-10
U005593,高佳怡5593,男,27,湖南省,长沙,普通,2024-10-01
U005594,孙雨桐5594,女,27,广东省,广州,铂金,2024-03-21
U005595,徐雨桐5595,男,28,山东省,烟台,普通,2023-08-29
U005596,徐欣然5596,男,32,河北省,廊坊,黄金,2024-11-18
U005597,王诗涵5597,男,40,四川省,成都,黄金,2026-03-17
U005598,陈浩然5598,女,29,江苏省,南通,普通,2023-01-04
U005599,张俊杰5599,男,18,安徽省,阜阳,普通,2026-01-03
U005600,高思源5600,男,31,广东省,深圳,普通,2024-01-01
U005601,李雨桐5601,女,22,上海市,上海,普通,2024-08-25
U005602,陈梓萱5602,男,33,山东省,潍坊,普通,2026-06-23
U005603,王雨桐5603,男,31,上海市,上海,普通,2024-07-07
U005604,李浩然5604,女,27,山东省,济南,普通,2024-10-05
U005605,陈俊杰5605,男,31,河南省,南阳,普通,2026-06-07
U005606,孙俊杰5606,男,28,上海市,上海,白银,2026-01-09
U005607,黄思源5607,女,22,广东省,深圳,普通,2025-08-27
U005608,徐一诺5608,男,16,江苏省,南京,普通,2024-02-01
U005609,杨浩然5609,女,27,江苏省,常州,普通,2025-03-08
U005610,刘一诺5610,女,35,浙江省,绍兴,普通,2024-10-09
U005611,杨佳怡5611,女,34,陕西省,宝鸡,普通,2025-03-06
U005612,李嘉诚5612,女,24,福建省,漳州,普通,2024-05-12
U005613,陈一诺5613,女,27,安徽省,合肥,白银,2023-09-22
U005614,胡俊杰5614,女,31,浙江省,绍兴,黄金,2023-05-09
U005615,王嘉诚5615,女,25,江苏省,常州,普通,2024-03-11
U005616,孙嘉诚5616,女,39,江苏省,南通,普通,2025-09-27
U005617,胡雨桐5617,女,39,浙江省,杭州,黄金,2025-02-13
U005618,李俊杰5618,男,52,湖北省,襄阳,普通,2023-08-11
U005619,朱明轩5619,男,37,广东省,佛山,普通,2024-01-07
U005620,孙佳怡5620,女,36,广东省,东莞,白银,2024-10-18
U005621,张一诺5621,男,21,广东省,珠海,黄金,2024-12-07
U005622,刘诗涵5622,女,27,山东省,烟台,白银,2024-12-05
U005623,周俊杰5623,女,33,广东省,深圳,普通,2025-07-29
U005624,黄俊杰5624,男,34,湖南省,岳阳,白银,2025-01-24
U005625,陈梓萱5625,男,16,上海市,上海,黄金,2026-06-04
U005626,吴子涵5626,女,34,江苏省,常州,黑金,2025-05-03
U005627,徐子涵5627,女,46,广东省,广州,普通,2023-09-12
U005628,徐诗涵5628,男,36,重庆市,重庆,普通,2024-12-24
U005629,陈欣然5629,男,32,河南省,洛阳,普通,2026-01-30
U005630,赵子涵5630,男,27,江苏省,苏州,铂金,2023-12-24
U005631,孙佳怡5631,男,29,河北省,廊坊,黄金,2023-07-01
U005632,王明轩5632,男,30,浙江省,宁波,普通,2025-11-06
U005633,黄俊杰5633,男,34,广东省,东莞,普通,2026-04-20
U005634,李思源5634,男,37,河北省,唐山,普通,2026-03-22
U005635,高雨桐5635,女,28,重庆市,重庆,普通,2026-05-27
U005636,胡俊杰5636,女,24,浙江省,温州,普通,2023-09-17
U005637,高浩然5637,男,40,湖北省,武汉,普通,2026-03-23
U005638,刘浩然5638,女,52,浙江省,温州,普通,2023-06-11
U005639,徐佳怡5639,男,29,湖南省,岳阳,白银,2024-06-08
U005640,吴雨桐5640,女,21,福建省,泉州,白银,2024-10-11
U005641,胡思源5641,男,54,上海市,上海,普通,2023-07-17
U005642,高一诺5642,男,30,湖北省,黄冈,普通,2024-05-06
U005643,高雨桐5643,男,29,山东省,潍坊,白银,2025-12-05
U005644,刘诗涵5644,女,33,浙江省,嘉兴,白银,2026-01-29
U005645,张诗涵5645,男,47,安徽省,合肥,铂金,2023-07-05
U005646,刘俊杰5646,女,44,江苏省,苏州,普通,2024-03-07
U005647,赵嘉诚5647,男,24,山东省,潍坊,普通,2024-04-15
U005648,张佳怡5648,女,47,浙江省,嘉兴,普通,2024-06-08
U005649,孙梓萱5649,女,35,重庆市,重庆,普通,2024-09-14
U005650,赵佳怡5650,女,24,广东省,深圳,普通,2024-07-10
U005651,孙明轩5651,女,21,江苏省,常州,普通,2024-09-22
U005652,刘俊杰5652,女,46,四川省,宜宾,普通,2023-06-12
U005653,李欣然5653,男,23,四川省,成都,白银,2024-09-15
U005654,周诗涵5654,男,20,山东省,青岛,黄金,2024-08-31
U005655,刘一诺5655,女,32,江苏省,南京,白银,2026-01-04
U005656,张俊杰5656,男,46,江苏省,苏州,黄金,2026-03-25
U005657,李梓萱5657,女,33,浙江省,温州,黄金,2023-05-23
U005658,张诗涵5658,男,16,四川省,南充,黄金,2023-05-24
U005659,孙佳怡5659,男,35,浙江省,嘉兴,普通,2025-12-23
U005660,吴一诺5660,女,18,广东省,珠海,普通,2024-03-12
U005661,陈佳怡5661,女,42,福建省,厦门,白银,2025-08-01
U005662,高诗涵5662,女,36,江苏省,南京,普通,2025-06-19
U005663,吴明轩5663,女,31,河南省,许昌,普通,2025-04-24
U005664,李梓萱5664,男,21,广东省,东莞,黄金,2023-05-25
U005665,刘思源5665,女,50,湖北省,武汉,白银,2026-01-15
U005666,刘明轩5666,女,38,浙江省,嘉兴,黑金,2025-05-12
U005667,陈欣然5667,女,31,浙江省,温州,白银,2024-01-02
U005668,周明轩5668,女,43,河南省,南阳,普通,2024-09-18
U005669,黄思源5669,女,29,安徽省,阜阳,白银,2024-08-10
U005670,孙欣然5670,女,27,河南省,南阳,黄金,2023-01-24
U005671,赵诗涵5671,男,28,山东省,潍坊,普通,2025-10-25
U005672,李明轩5672,男,21,江苏省,常州,普通,2024-06-12
U005673,胡一诺5673,女,26,四川省,绵阳,普通,2023-03-12
U005674,高佳怡5674,男,18,北京市,北京,铂金,2023-03-23
U005675,王明轩5675,男,36,重庆市,重庆,普通,2025-01-03
U005676,高思源5676,男,24,山东省,潍坊,普通,2025-02-05
U005677,周俊杰5677,女,29,广东省,广州,普通,2023-10-01
U005678,孙嘉诚5678,男,28,浙江省,杭州,普通,2023-10-26
U005679,黄思源5679,女,47,广东省,珠海,普通,2024-09-15
U005680,吴明轩5680,女,28,浙江省,温州,普通,2024-08-16
U005681,张雨桐5681,男,22,广东省,珠海,普通,2025-10-13
U005682,杨雨桐5682,女,31,上海市,上海,白银,2025-05-26
U005683,刘俊杰5683,女,35,福建省,福州,黄金,2024-03-29
U005684,李俊杰5684,女,34,上海市,上海,普通,2023-09-29
U005685,高俊杰5685,女,26,河北省,保定,普通,2023-06-28
U005686,刘子涵5686,女,18,河南省,新乡,普通,2025-05-19
U005687,李诗涵5687,女,36,广东省,佛山,普通,2025-04-12
U005688,赵诗涵5688,男,32,上海市,上海,普通,2024-08-27
U005689,王俊杰5689,女,16,上海市,上海,白银,2023-07-25
U005690,李一诺5690,男,32,河南省,郑州,普通,2025-09-06
U005691,孙一诺5691,男,18,安徽省,阜阳,黄金,2025-10-08
U005692,徐俊杰5692,女,40,上海市,上海,白银,2024-01-07
U005693,王浩然5693,女,19,河南省,南阳,普通,2023-07-29
U005694,周诗涵5694,女,32,湖北省,武汉,黄金,2023-06-09
U005695,孙一诺5695,女,39,浙江省,宁波,黄金,2025-02-05
U005696,陈梓萱5696,男,40,北京市,北京,普通,2023-10-01
U005697,高浩然5697,女,31,广东省,东莞,普通,2023-01-06
U005698,周梓萱5698,女,46,四川省,成都,黄金,2023-06-01
U005699,赵欣然5699,男,34,湖北省,襄阳,白银,2026-01-22
U005700,张梓萱5700,男,40,江苏省,苏州,普通,2026-02-20
U005701,周一诺5701,男,50,浙江省,宁波,白银,2025-08-04
U005702,高一诺5702,男,21,山东省,潍坊,普通,2024-02-15
U005703,杨一诺5703,女,19,广东省,佛山,普通,2026-04-18
U005704,胡诗涵5704,男,36,河南省,南阳,白银,2023-09-14
U005705,刘嘉诚5705,男,30,湖南省,岳阳,普通,2026-05-15
U005706,吴思源5706,男,29,广东省,深圳,白银,2024-09-05
U005707,赵嘉诚5707,男,39,江苏省,南通,白银,2023-06-18
U005708,高明轩5708,男,17,浙江省,温州,普通,2023-12-26
U005709,高雨桐5709,女,16,北京市,北京,普通,2023-03-28
U005710,刘雨桐5710,女,34,福建省,泉州,白银,2023-05-16
U005711,吴雨桐5711,男,36,重庆市,重庆,普通,2026-02-09
U005712,吴思源5712,男,23,重庆市,重庆,普通,2025-10-18
U005713,周浩然5713,女,23,四川省,德阳,普通,2023-01-07
U005714,陈一诺5714,女,25,重庆市,重庆,普通,2023-09-22
U005715,杨子涵5715,男,28,湖北省,荆州,白银,2024-02-22
U005716,吴嘉诚5716,男,43,福建省,漳州,白银,2025-12-28
U005717,周诗涵5717,女,28,山东省,潍坊,普通,2024-07-20
U005718,张佳怡5718,男,27,山东省,潍坊,普通,2023-08-12
U005719,陈俊杰5719,男,27,广东省,广州,普通,2025-11-07
U005720,李一诺5720,女,30,陕西省,咸阳,铂金,2025-10-11
U005721,杨诗涵5721,女,23,湖南省,常德,普通,2023-01-06
U005722,吴欣然5722,女,34,河南省,许昌,黄金,2025-02-24
U005723,吴欣然5723,女,36,湖北省,黄冈,普通,2026-02-28
U005724,吴明轩5724,女,24,广东省,佛山,普通,2025-04-11
U005725,高雨桐5725,女,24,湖北省,宜昌,白银,2023-08-09
U005726,李雨桐5726,女,40,湖南省,常德,白银,2026-06-09
U005727,朱一诺5727,男,24,四川省,德阳,普通,2023-07-25
U005728,徐思源5728,女,43,河南省,新乡,白银,2024-04-13
U005729,李浩然5729,男,28,江苏省,南京,普通,2024-08-10
U005730,朱俊杰5730,男,34,安徽省,阜阳,白银,2024-11-23
U005731,吴嘉诚5731,男,48,浙江省,绍兴,普通,2024-07-06
U005732,孙雨桐5732,女,26,山东省,潍坊,白银,2025-08-24
U005733,张嘉诚5733,男,30,湖北省,武汉,白银,2024-03-08
U005734,黄佳怡5734,女,21,陕西省,咸阳,普通,2024-01-21
U005735,赵思源5735,男,41,河南省,洛阳,白银,2024-06-11
U005736,李子涵5736,女,28,山东省,济南,普通,2024-01-29
U005737,孙雨桐5737,女,35,福建省,漳州,普通,2024-09-24
U005738,杨俊杰5738,男,41,湖北省,宜昌,普通,2023-09-02
U005739,陈俊杰5739,女,24,四川省,成都,普通,2025-01-04
U005740,赵欣然5740,男,45,四川省,南充,白银,2025-04-21
U005741,孙雨桐5741,女,27,湖南省,衡阳,黄金,2025-11-17
U005742,杨浩然5742,女,32,福建省,漳州,黄金,2025-10-17
U005743,胡一诺5743,男,41,福建省,福州,普通,2024-08-10
U005744,吴诗涵5744,男,28,北京市,北京,黄金,2025-09-27
U005745,赵梓萱5745,女,42,福建省,漳州,普通,2026-05-10
U005746,王俊杰5746,女,33,河南省,郑州,铂金,2025-09-03
U005747,陈浩然5747,男,30,湖南省,岳阳,铂金,2024-10-10
U005748,徐思源5748,男,45,福建省,福州,普通,2025-11-11
U005749,刘思源5749,女,34,湖南省,长沙,普通,2023-04-26
U005750,黄一诺5750,女,44,湖南省,常德,普通,2023-11-20
U005751,高思源5751,男,46,重庆市,重庆,黄金,2023-01-02
U005752,吴嘉诚5752,女,27,安徽省,阜阳,普通,2025-03-16
U005753,黄嘉诚5753,女,31,广东省,珠海,黄金,2025-12-15
U005754,高雨桐5754,男,33,福建省,厦门,白银,2023-01-26
U005755,王雨桐5755,男,25,山东省,青岛,普通,2023-03-14
U005756,张欣然5756,男,42,广东省,佛山,普通,2024-04-25
U005757,张佳怡5757,男,42,河南省,郑州,普通,2025-09-11
U005758,刘浩然5758,男,28,广东省,东莞,普通,2025-10-31
U005759,徐一诺5759,男,36,山东省,济南,普通,2024-09-01
U005760,李梓萱5760,女,19,江苏省,常州,白银,2024-12-02
U005761,吴雨桐5761,男,29,重庆市,重庆,普通,2025-09-24
U005762,徐梓萱5762,男,21,上海市,上海,普通,2024-10-30
U005763,高诗涵5763,女,31,北京市,北京,黄金,2025-11-21
U005764,张嘉诚5764,女,34,江苏省,无锡,黄金,2024-11-28
U005765,李嘉诚5765,男,18,上海市,上海,黄金,2023-03-16
U005766,陈一诺5766,男,37,广东省,珠海,白银,2025-12-26
U005767,朱明轩5767,男,43,河南省,新乡,白银,2024-03-27
U005768,李子涵5768,女,25,北京市,北京,黄金,2023-01-12
U005769,高嘉诚5769,女,46,四川省,宜宾,普通,2023-06-22
U005770,黄诗涵5770,男,54,广东省,珠海,普通,2024-08-29
U005771,高思源5771,女,41,河南省,洛阳,普通,2023-04-19
U005772,黄梓萱5772,男,36,河北省,廊坊,普通,2023-07-11
U005773,吴明轩5773,女,27,浙江省,宁波,白银,2025-03-13
U005774,赵嘉诚5774,女,33,广东省,东莞,普通,2023-05-25
U005775,赵明轩5775,女,17,河南省,许昌,铂金,2023-05-30
U005776,朱雨桐5776,女,22,浙江省,温州,普通,2025-09-28
U005777,张欣然5777,女,29,湖北省,荆州,白银,2024-08-27
U005778,周诗涵5778,女,36,江苏省,南京,黄金,2025-12-04
U005779,杨俊杰5779,男,18,福建省,泉州,白银,2023-08-21
U005780,孙诗涵5780,女,18,山东省,临沂,普通,2025-02-19
U005781,张诗涵5781,男,56,浙江省,杭州,白银,2023-02-13
U005782,刘佳怡5782,女,52,浙江省,杭州,普通,2023-02-05
U005783,高欣然5783,女,37,广东省,佛山,白银,2024-09-15
U005784,赵子涵5784,男,42,浙江省,宁波,普通,2025-01-31
U005785,朱雨桐5785,女,38,河南省,郑州,普通,2026-02-14
U005786,吴佳怡5786,女,25,安徽省,合肥,普通,2024-03-12
U005787,刘佳怡5787,女,41,广东省,广州,铂金,2023-08-05
U005788,胡佳怡5788,男,38,上海市,上海,普通,2025-09-12
U005789,朱俊杰5789,女,29,山东省,潍坊,普通,2023-03-17
U005790,王佳怡5790,男,24,广东省,深圳,黄金,2023-04-05
U005791,杨俊杰5791,男,18,山东省,济南,白银,2025-05-03
U005792,黄雨桐5792,男,16,河南省,南阳,普通,2023-03-22
U005793,孙子涵5793,男,16,江苏省,南通,普通,2025-10-25
U005794,赵嘉诚5794,女,43,上海市,上海,黄金,2023-02-08
U005795,孙思源5795,男,16,湖南省,岳阳,白银,2024-04-29
U005796,周诗涵5796,女,23,广东省,深圳,普通,2023-05-31
U005797,赵雨桐5797,女,28,浙江省,嘉兴,普通,2026-05-09
U005798,张一诺5798,女,37,重庆市,重庆,白银,2024-12-15
U005799,胡俊杰5799,男,48,山东省,潍坊,白银,2023-10-26
U005800,高雨桐5800,女,45,山东省,烟台,黄金,2026-04-21
U005801,张思源5801,男,39,浙江省,绍兴,普通,2023-07-03
U005802,赵子涵5802,女,31,广东省,东莞,普通,2024-09-30
U005803,高诗涵5803,男,35,陕西省,咸阳,黄金,2025-08-31
U005804,刘梓萱5804,女,30,山东省,青岛,白银,2024-10-15
U005805,周欣然5805,女,29,江苏省,南通,普通,2025-10-07
U005806,吴雨桐5806,男,36,四川省,成都,白银,2023-08-09
U005807,周俊杰5807,男,40,广东省,东莞,普通,2025-05-24
U005808,赵思源5808,女,31,四川省,德阳,白银,2024-04-22
U005809,王子涵5809,女,16,福建省,厦门,白银,2024-09-17
U005810,张一诺5810,女,35,河南省,洛阳,普通,2024-02-22
U005811,杨子涵5811,男,18,广东省,广州,白银,2024-09-16
U005812,张诗涵5812,男,18,四川省,成都,白银,2025-06-14
U005813,徐佳怡5813,男,26,广东省,珠海,黄金,2025-08-01
U005814,李雨桐5814,女,39,山东省,济南,黄金,2026-06-11
U005815,刘浩然5815,男,30,浙江省,宁波,普通,2024-02-20
U005816,吴梓萱5816,男,38,广东省,广州,黄金,2024-07-07
U005817,刘诗涵5817,男,24,广东省,广州,普通,2025-05-10
U005818,陈佳怡5818,男,22,山东省,济南,普通,2024-11-28
U005819,徐诗涵5819,女,40,重庆市,重庆,普通,2023-05-04
U005820,朱诗涵5820,男,32,上海市,上海,白银,2024-04-05
U005821,周思源5821,女,23,广东省,广州,普通,2026-04-23
U005822,赵佳怡5822,女,31,四川省,绵阳,普通,2025-02-06
U005823,赵子涵5823,女,42,河北省,石家庄,白银,2023-09-12
U005824,高思源5824,女,20,重庆市,重庆,普通,2023-03-01
U005825,朱梓萱5825,女,36,四川省,宜宾,普通,2023-09-08
U005826,陈嘉诚5826,男,26,福建省,厦门,黄金,2023-01-15
U005827,张雨桐5827,男,38,四川省,成都,白银,2025-02-22
U005828,杨欣然5828,男,28,浙江省,杭州,普通,2024-12-22
U005829,孙欣然5829,男,33,浙江省,绍兴,普通,2025-04-30
U005830,赵浩然5830,女,44,安徽省,合肥,黄金,2024-06-24
U005831,周浩然5831,女,25,湖北省,黄冈,普通,2025-05-14
U005832,杨思源5832,男,31,广东省,广州,普通,2023-11-01
U005833,李欣然5833,男,31,广东省,东莞,白银,2024-12-08
U005834,孙一诺5834,女,36,广东省,珠海,白银,2025-04-25
U005835,徐子涵5835,男,39,广东省,深圳,白银,2025-10-10
U005836,李雨桐5836,男,19,上海市,上海,普通,2026-03-23
U005837,孙梓萱5837,女,19,四川省,成都,普通,2026-05-24
U005838,徐子涵5838,男,36,广东省,广州,普通,2023-11-27
U005839,徐雨桐5839,女,39,江苏省,南京,普通,2024-02-20
U005840,高梓萱5840,男,27,河南省,南阳,普通,2023-06-29
U005841,刘浩然5841,女,45,江苏省,苏州,普通,2024-06-23
U005842,孙浩然5842,女,26,山东省,烟台,普通,2024-12-28
U005843,朱雨桐5843,女,29,浙江省,绍兴,白银,2023-02-26
U005844,吴诗涵5844,男,36,湖北省,荆州,铂金,2025-04-23
U005845,高俊杰5845,男,28,河南省,郑州,白银,2025-03-17
U005846,高诗涵5846,女,20,河北省,廊坊,普通,2024-01-30
U005847,刘佳怡5847,男,38,浙江省,杭州,白银,2024-02-27
U005848,张思源5848,女,34,广东省,佛山,黄金,2025-11-02
U005849,陈明轩5849,女,29,湖北省,武汉,普通,2026-04-11
U005850,孙诗涵5850,女,25,河南省,郑州,普通,2024-07-28
U005851,徐欣然5851,女,33,湖北省,武汉,白银,2025-03-03
U005852,王明轩5852,男,36,江苏省,常州,铂金,2023-09-08
U005853,张梓萱5853,男,29,江苏省,南通,铂金,2023-10-12
U005854,周明轩5854,女,46,陕西省,宝鸡,普通,2023-01-15
U005855,徐诗涵5855,男,20,四川省,宜宾,白银,2023-05-18
U005856,周欣然5856,男,33,广东省,珠海,黄金,2023-06-14
U005857,陈思源5857,女,36,广东省,东莞,普通,2025-07-24
U005858,张梓萱5858,男,29,浙江省,绍兴,黄金,2023-06-07
U005859,徐一诺5859,男,18,北京市,北京,普通,2023-03-20
U005860,王一诺5860,女,37,重庆市,重庆,黄金,2024-09-30
U005861,吴雨桐5861,女,25,河南省,郑州,普通,2024-05-19
U005862,黄佳怡5862,男,42,陕西省,宝鸡,普通,2023-01-21
U005863,徐梓萱5863,男,47,福建省,厦门,白银,2024-12-09
U005864,赵俊杰5864,女,34,重庆市,重庆,普通,2023-07-03
U005865,周思源5865,女,28,浙江省,温州,普通,2025-03-24
U005866,孙明轩5866,男,24,四川省,宜宾,铂金,2024-05-13
U005867,张明轩5867,女,17,上海市,上海,铂金,2024-05-31
U005868,王明轩5868,女,30,福建省,漳州,普通,2026-04-05
U005869,陈一诺5869,女,31,重庆市,重庆,铂金,2026-03-11
U005870,王诗涵5870,女,36,广东省,珠海,白银,2025-11-20
U005871,陈浩然5871,男,52,安徽省,阜阳,普通,2024-09-03
U005872,朱诗涵5872,女,35,山东省,济南,普通,2026-05-14
U005873,黄梓萱5873,男,26,浙江省,温州,普通,2023-11-05
U005874,孙嘉诚5874,男,39,上海市,上海,普通,2024-07-15
U005875,刘佳怡5875,女,48,上海市,上海,铂金,2026-02-03
U005876,陈思源5876,女,35,江苏省,常州,普通,2024-03-23
U005877,徐梓萱5877,女,30,河北省,石家庄,普通,2023-02-27
U005878,胡诗涵5878,女,25,江苏省,南通,普通,2023-01-08
U005879,张嘉诚5879,女,37,广东省,深圳,普通,2026-06-09
U005880,李诗涵5880,男,48,广东省,珠海,普通,2024-12-28
U005881,王诗涵5881,女,23,上海市,上海,白银,2025-03-26
U005882,黄俊杰5882,男,38,湖北省,荆州,白银,2026-05-05
U005883,陈诗涵5883,女,39,浙江省,杭州,普通,2023-01-16
U005884,刘俊杰5884,男,26,江苏省,无锡,白银,2025-03-11
U005885,刘明轩5885,女,52,江苏省,无锡,黄金,2024-04-24
U005886,黄俊杰5886,女,30,河南省,许昌,普通,2023-08-09
U005887,张子涵5887,男,37,湖北省,襄阳,黄金,2024-04-06
U005888,陈思源5888,女,18,湖南省,岳阳,普通,2025-09-14
U005889,高嘉诚5889,男,29,山东省,青岛,普通,2025-12-19
U005890,李思源5890,男,50,北京市,北京,普通,2024-05-01
U005891,周俊杰5891,女,27,重庆市,重庆,白银,2023-08-09
U005892,李佳怡5892,女,35,陕西省,西安,普通,2024-01-15
U005893,陈梓萱5893,男,24,河南省,南阳,铂金,2023-06-19
U005894,刘子涵5894,男,35,上海市,上海,普通,2024-11-18
U005895,孙子涵5895,女,32,江苏省,常州,黑金,2026-02-11
U005896,李梓萱5896,女,30,陕西省,宝鸡,普通,2025-07-25
U005897,胡诗涵5897,男,39,广东省,广州,普通,2025-12-01
U005898,刘一诺5898,男,38,河南省,洛阳,普通,2024-04-26
U005899,徐梓萱5899,女,37,河南省,洛阳,普通,2024-09-19
U005900,赵欣然5900,男,34,上海市,上海,普通,2025-04-26
U005901,黄欣然5901,男,36,湖北省,黄冈,普通,2025-09-15
U005902,张俊杰5902,男,25,上海市,上海,普通,2026-01-19
U005903,朱嘉诚5903,女,35,湖南省,常德,白银,2023-06-17
U005904,刘梓萱5904,男,43,四川省,德阳,白银,2023-06-22
U005905,黄佳怡5905,女,31,山东省,临沂,普通,2023-01-19
U005906,黄嘉诚5906,女,39,河南省,许昌,白银,2023-06-21
U005907,吴欣然5907,女,40,上海市,上海,铂金,2026-05-11
U005908,张雨桐5908,男,22,广东省,广州,白银,2026-01-21
U005909,朱一诺5909,女,29,浙江省,温州,黄金,2026-04-06
U005910,朱梓萱5910,男,35,四川省,绵阳,铂金,2024-08-05
U005911,杨佳怡5911,男,31,广东省,深圳,黄金,2026-03-12
U005912,周思源5912,女,28,河南省,洛阳,普通,2023-05-31
U005913,孙梓萱5913,女,16,四川省,德阳,普通,2023-05-31
U005914,黄子涵5914,女,39,福建省,泉州,黄金,2025-08-03
U005915,李思源5915,女,16,安徽省,阜阳,白银,2024-08-28
U005916,黄欣然5916,女,26,北京市,北京,普通,2024-12-07
U005917,徐佳怡5917,男,16,山东省,济南,白银,2026-02-09
U005918,黄子涵5918,男,16,福建省,福州,铂金,2024-06-26
U005919,孙梓萱5919,男,32,江苏省,无锡,黑金,2024-04-19
U005920,王一诺5920,男,51,河北省,石家庄,白银,2023-10-27
U005921,周浩然5921,男,23,北京市,北京,黄金,2024-12-03
U005922,胡诗涵5922,男,54,江苏省,常州,普通,2024-04-10
U005923,吴佳怡5923,女,50,浙江省,宁波,普通,2026-01-11
U005924,黄子涵5924,女,35,湖南省,常德,普通,2025-08-17
U005925,刘一诺5925,男,36,河北省,保定,黄金,2025-12-28
U005926,刘思源5926,男,40,陕西省,渭南,白银,2023-09-18
U005927,李欣然5927,男,28,陕西省,渭南,普通,2024-11-27
U005928,朱明轩5928,女,30,四川省,德阳,黑金,2026-04-30
U005929,赵思源5929,女,37,广东省,广州,白银,2023-06-20
U005930,杨诗涵5930,男,44,浙江省,杭州,铂金,2023-12-25
U005931,胡雨桐5931,女,41,河北省,石家庄,普通,2024-05-04
U005932,胡浩然5932,男,42,陕西省,渭南,普通,2024-02-10
U005933,朱俊杰5933,女,35,广东省,珠海,白银,2023-07-17
U005934,徐明轩5934,女,28,浙江省,温州,普通,2025-07-13
U005935,徐一诺5935,男,31,福建省,厦门,白银,2023-09-19
U005936,黄嘉诚5936,女,34,江苏省,南通,普通,2024-02-06
U005937,赵梓萱5937,男,27,广东省,东莞,普通,2026-06-11
U005938,张雨桐5938,女,43,江苏省,无锡,普通,2025-10-13
U005939,吴诗涵5939,女,27,山东省,青岛,普通,2023-10-25
U005940,李明轩5940,男,22,江苏省,无锡,普通,2025-10-14
U005941,黄欣然5941,女,39,上海市,上海,白银,2026-01-21
U005942,孙一诺5942,女,32,江苏省,南通,黄金,2023-01-03
U005943,高明轩5943,男,22,广东省,佛山,普通,2024-01-17
U005944,徐佳怡5944,男,38,山东省,烟台,黄金,2026-02-07
U005945,朱雨桐5945,女,21,湖南省,长沙,普通,2023-10-05
U005946,李明轩5946,男,23,广东省,深圳,普通,2023-06-12
U005947,孙一诺5947,女,46,重庆市,重庆,普通,2025-01-14
U005948,李欣然5948,男,27,陕西省,渭南,黄金,2023-06-05
U005949,朱思源5949,男,33,广东省,广州,白银,2023-11-11
U005950,朱一诺5950,男,40,湖北省,荆州,普通,2023-09-30
U005951,张子涵5951,男,29,四川省,成都,铂金,2025-09-14
U005952,孙梓萱5952,男,18,北京市,北京,普通,2025-05-01
U005953,刘明轩5953,男,39,四川省,德阳,普通,2025-09-28
U005954,高明轩5954,男,24,湖北省,武汉,普通,2025-10-10
U005955,黄俊杰5955,女,29,河北省,石家庄,普通,2025-02-02
U005956,刘明轩5956,男,32,江苏省,南通,黄金,2024-04-02
U005957,周欣然5957,女,37,广东省,广州,普通,2023-01-28
U005958,高一诺5958,女,32,山东省,潍坊,黄金,2024-11-25
U005959,陈明轩5959,男,32,山东省,济南,普通,2023-05-11
U005960,朱子涵5960,女,36,浙江省,杭州,普通,2023-04-20
U005961,王雨桐5961,男,38,四川省,成都,普通,2024-08-14
U005962,胡嘉诚5962,女,35,四川省,南充,普通,2025-06-05
U005963,陈雨桐5963,女,30,湖北省,武汉,普通,2023-08-07
U005964,黄嘉诚5964,女,31,广东省,广州,普通,2024-05-27
U005965,刘佳怡5965,女,24,山东省,青岛,普通,2025-02-07
U005966,赵嘉诚5966,男,16,北京市,北京,普通,2024-08-11
U005967,王欣然5967,男,35,安徽省,阜阳,普通,2024-07-25
U005968,杨子涵5968,男,16,河南省,南阳,黄金,2023-07-26
U005969,胡子涵5969,女,41,河南省,许昌,普通,2024-09-24
U005970,赵诗涵5970,男,48,江苏省,无锡,黄金,2023-12-26
U005971,陈嘉诚5971,男,37,湖南省,衡阳,普通,2024-03-11
U005972,朱诗涵5972,男,24,四川省,德阳,普通,2025-01-25
U005973,吴浩然5973,男,34,上海市,上海,黄金,2024-06-22
U005974,赵欣然5974,男,23,湖北省,黄冈,普通,2025-01-05
U005975,李浩然5975,男,41,河南省,洛阳,黄金,2025-09-29
U005976,周诗涵5976,女,27,广东省,东莞,白银,2023-10-20
U005977,朱思源5977,女,27,河北省,保定,普通,2023-07-27
U005978,孙嘉诚5978,女,37,北京市,北京,铂金,2024-02-05
U005979,黄梓萱5979,男,37,安徽省,阜阳,普通,2023-11-26
U005980,杨思源5980,女,28,湖北省,宜昌,普通,2023-02-23
U005981,吴诗涵5981,女,36,北京市,北京,普通,2026-01-04
U005982,杨嘉诚5982,男,41,浙江省,杭州,普通,2024-05-09
U005983,孙嘉诚5983,男,38,山东省,潍坊,普通,2023-07-07
U005984,张俊杰5984,男,41,河北省,保定,白银,2024-05-07
U005985,杨欣然5985,女,48,广东省,东莞,黄金,2023-10-19
U005986,周欣然5986,男,44,湖南省,常德,白银,2024-12-02
U005987,周俊杰5987,女,18,广东省,广州,普通,2024-05-20
U005988,张雨桐5988,女,28,浙江省,杭州,普通,2025-02-12
U005989,孙子涵5989,男,31,河南省,新乡,普通,2025-11-26
U005990,吴嘉诚5990,男,46,浙江省,嘉兴,普通,2024-05-06
U005991,朱诗涵5991,男,41,广东省,深圳,普通,2024-01-18
U005992,黄一诺5992,女,45,福建省,厦门,黑金,2024-05-30
U005993,徐俊杰5993,男,37,四川省,南充,普通,2024-06-22
U005994,朱诗涵5994,男,32,北京市,北京,普通,2024-02-11
U005995,吴诗涵5995,男,30,浙江省,宁波,普通,2023-11-21
U005996,陈浩然5996,女,26,广东省,深圳,普通,2025-03-04
U005997,陈思源5997,男,37,陕西省,咸阳,白银,2025-09-10
U005998,黄梓萱5998,女,36,广东省,东莞,白银,2023-02-02
U005999,张诗涵5999,女,22,江苏省,南通,白银,2025-07-09
U006000,张梓萱6000,男,26,湖北省,武汉,黄金,2024-08-28
U006001,胡嘉诚6001,女,18,江苏省,无锡,白银,2025-01-09
U006002,胡欣然6002,女,45,广东省,广州,普通,2025-01-25
U006003,孙浩然6003,女,27,湖南省,衡阳,普通,2025-02-23
U006004,吴梓萱6004,男,31,江苏省,常州,普通,2023-02-20
U006005,周思源6005,女,26,安徽省,芜湖,普通,2025-09-30
U006006,张俊杰6006,男,16,广东省,佛山,黄金,2025-05-12
U006007,孙雨桐6007,女,19,福建省,福州,普通,2025-06-28
U006008,胡俊杰6008,男,24,江苏省,常州,普通,2024-12-07
U006009,胡诗涵6009,男,33,湖南省,长沙,普通,2025-12-27
U006010,朱诗涵6010,男,20,重庆市,重庆,普通,2023-07-04
U006011,刘俊杰6011,女,28,河北省,廊坊,白银,2024-08-09
U006012,孙佳怡6012,男,42,河南省,新乡,普通,2026-01-22
U006013,徐雨桐6013,女,30,广东省,深圳,黄金,2025-08-14
U006014,黄浩然6014,女,32,北京市,北京,普通,2026-03-27
U006015,胡一诺6015,男,16,河南省,新乡,黄金,2025-08-21
U006016,黄明轩6016,女,41,北京市,北京,普通,2026-03-26
U006017,徐佳怡6017,女,38,福建省,泉州,黄金,2025-01-09
U006018,陈欣然6018,男,41,浙江省,绍兴,普通,2024-08-29
U006019,杨明轩6019,女,26,陕西省,宝鸡,普通,2024-09-02
U006020,徐欣然6020,女,17,山东省,青岛,普通,2025-08-25
U006021,陈雨桐6021,女,46,山东省,济南,白银,2024-06-18
U006022,吴欣然6022,男,28,山东省,青岛,白银,2025-11-09
U006023,吴子涵6023,男,19,广东省,广州,普通,2023-02-10
U006024,黄诗涵6024,男,36,广东省,深圳,普通,2023-09-22
U006025,黄嘉诚6025,男,16,浙江省,嘉兴,白银,2024-08-14
U006026,杨欣然6026,女,53,四川省,绵阳,铂金,2025-07-05
U006027,吴佳怡6027,男,23,河南省,许昌,普通,2023-04-17
U006028,吴明轩6028,女,28,江苏省,常州,普通,2024-09-20
U006029,吴诗涵6029,男,27,湖北省,黄冈,黄金,2023-08-10
U006030,胡思源6030,女,35,安徽省,阜阳,普通,2024-09-14
U006031,胡俊杰6031,女,23,广东省,佛山,普通,2025-02-27
U006032,赵浩然6032,女,37,广东省,佛山,普通,2026-04-10
U006033,朱子涵6033,女,30,四川省,德阳,普通,2025-08-15
U006034,孙佳怡6034,男,33,安徽省,芜湖,普通,2025-02-09
U006035,周浩然6035,男,20,山东省,青岛,白银,2026-04-26
U006036,孙子涵6036,女,26,北京市,北京,普通,2023-03-07
U006037,赵子涵6037,男,25,北京市,北京,普通,2025-04-18
U006038,赵明轩6038,男,16,广东省,珠海,普通,2026-04-18
U006039,高佳怡6039,男,41,浙江省,温州,普通,2023-10-15
U006040,孙梓萱6040,女,22,广东省,佛山,普通,2024-08-31
U006041,王俊杰6041,男,27,浙江省,绍兴,普通,2023-07-15
U006042,胡子涵6042,女,20,重庆市,重庆,白银,2025-01-13
U006043,李浩然6043,女,31,福建省,泉州,白银,2024-08-01
U006044,刘一诺6044,男,16,广东省,广州,黄金,2025-08-31
U006045,黄思源6045,女,18,江苏省,无锡,白银,2023-07-08
U006046,孙嘉诚6046,女,27,江苏省,常州,普通,2025-11-15
U006047,黄浩然6047,男,32,浙江省,宁波,普通,2025-12-08
U006048,刘一诺6048,女,22,重庆市,重庆,白银,2026-01-06
U006049,朱思源6049,男,23,湖南省,衡阳,普通,2023-06-05
U006050,胡雨桐6050,男,35,湖南省,常德,普通,2025-03-28
U006051,孙梓萱6051,女,40,湖南省,株洲,普通,2024-09-24
U006052,徐梓萱6052,男,30,安徽省,合肥,普通,2026-01-16
U006053,吴雨桐6053,男,30,湖北省,宜昌,普通,2025-09-01
U006054,高明轩6054,女,34,安徽省,芜湖,白银,2026-05-28
U006055,朱思源6055,男,23,山东省,潍坊,白银,2023-10-07
U006056,刘明轩6056,女,46,浙江省,嘉兴,铂金,2025-12-28
U006057,陈佳怡6057,男,47,广东省,深圳,白银,2024-12-25
U006058,胡子涵6058,男,42,山东省,烟台,普通,2025-01-29
U006059,刘雨桐6059,男,25,安徽省,安庆,白银,2023-03-22
U006060,周诗涵6060,女,37,重庆市,重庆,普通,2026-01-16
U006061,陈佳怡6061,女,41,四川省,成都,黑金,2025-09-26
U006062,赵明轩6062,男,16,江苏省,无锡,黄金,2024-05-21
U006063,孙佳怡6063,男,20,北京市,北京,黄金,2026-03-11
U006064,朱思源6064,男,33,陕西省,西安,白银,2025-08-18
U006065,张思源6065,男,36,湖北省,宜昌,普通,2025-06-01
U006066,张浩然6066,女,40,山东省,烟台,黄金,2023-06-22
U006067,杨梓萱6067,女,27,广东省,广州,铂金,2025-08-29
U006068,李嘉诚6068,男,43,河南省,新乡,铂金,2024-01-30
U006069,杨浩然6069,女,32,福建省,福州,铂金,2023-05-05
U006070,王嘉诚6070,男,36,山东省,潍坊,黄金,2023-09-14
U006071,朱俊杰6071,女,39,上海市,上海,黄金,2025-02-06
U006072,高子涵6072,男,20,江苏省,常州,普通,2024-12-30
U006073,徐雨桐6073,女,32,江苏省,南通,普通,2023-03-30
U006074,朱俊杰6074,男,38,浙江省,宁波,普通,2023-09-27
U006075,陈欣然6075,男,34,江苏省,常州,黄金,2024-11-22
U006076,高嘉诚6076,女,21,河南省,许昌,黄金,2023-09-24
U006077,朱梓萱6077,男,21,江苏省,南通,普通,2025-08-06
U006078,黄嘉诚6078,女,36,广东省,深圳,普通,2025-07-13
U006079,王佳怡6079,男,42,江苏省,苏州,黄金,2025-02-20
U006080,黄子涵6080,男,35,安徽省,合肥,黄金,2023-04-21
U006081,陈嘉诚6081,男,32,湖北省,武汉,普通,2025-11-26
U006082,刘佳怡6082,女,36,浙江省,宁波,黑金,2025-08-20
U006083,陈嘉诚6083,女,28,重庆市,重庆,黄金,2025-01-15
U006084,王子涵6084,男,40,湖南省,岳阳,黄金,2024-07-21
U006085,朱诗涵6085,女,41,四川省,南充,黄金,2026-05-13
U006086,杨浩然6086,女,25,河南省,南阳,白银,2023-12-11
U006087,黄雨桐6087,男,32,广东省,广州,白银,2023-11-09
U006088,张诗涵6088,女,28,江苏省,苏州,铂金,2025-04-10
U006089,高思源6089,男,37,重庆市,重庆,铂金,2024-11-17
U006090,张思源6090,男,28,湖南省,株洲,普通,2025-06-17
U006091,徐思源6091,男,30,江苏省,常州,白银,2026-02-02
U006092,黄诗涵6092,女,29,浙江省,杭州,黄金,2024-10-15
U006093,赵俊杰6093,男,36,河南省,新乡,普通,2024-01-13
U006094,胡子涵6094,男,31,湖北省,襄阳,铂金,2023-08-26
U006095,赵雨桐6095,男,34,安徽省,芜湖,普通,2023-01-24
U006096,胡浩然6096,男,28,河北省,石家庄,普通,2025-07-17
U006097,赵子涵6097,女,36,山东省,临沂,黄金,2024-12-28
U006098,黄俊杰6098,女,32,北京市,北京,普通,2024-12-06
U006099,吴佳怡6099,女,42,湖南省,岳阳,铂金,2026-02-22
U006100,朱一诺6100,女,26,山东省,烟台,普通,2024-02-01
U006101,杨嘉诚6101,女,33,湖北省,宜昌,普通,2025-06-25
U006102,杨思源6102,男,21,广东省,深圳,普通,2025-12-23
U006103,赵欣然6103,女,20,江苏省,南京,普通,2025-01-03
U006104,张一诺6104,女,34,北京市,北京,普通,2024-07-17
U006105,周欣然6105,女,24,广东省,广州,白银,2025-03-13
U006106,胡一诺6106,女,45,山东省,烟台,铂金,2026-06-02
U006107,胡雨桐6107,男,37,江苏省,常州,普通,2023-08-11
U006108,朱欣然6108,女,49,湖北省,荆州,白银,2026-06-12
U006109,周俊杰6109,女,38,湖南省,衡阳,铂金,2023-11-11
U006110,孙明轩6110,女,37,山东省,潍坊,普通,2025-11-28
U006111,李佳怡6111,女,35,河北省,石家庄,铂金,2025-12-07
U006112,孙子涵6112,女,16,江苏省,南通,普通,2025-07-18
U006113,孙雨桐6113,女,31,山东省,烟台,普通,2024-04-26
U006114,刘子涵6114,男,37,北京市,北京,普通,2023-05-26
U006115,陈子涵6115,男,39,福建省,漳州,白银,2025-04-28
U006116,高一诺6116,女,27,河南省,新乡,黄金,2025-11-28
U006117,吴子涵6117,女,32,湖南省,衡阳,普通,2023-06-17
U006118,杨一诺6118,男,55,河南省,南阳,普通,2023-10-08
U006119,周一诺6119,女,44,山东省,潍坊,普通,2025-03-01
U006120,吴雨桐6120,男,32,河南省,洛阳,黄金,2023-03-21
U006121,赵诗涵6121,女,16,河南省,郑州,普通,2026-06-17
U006122,陈子涵6122,女,34,湖南省,株洲,白银,2023-01-08
U006123,徐子涵6123,女,33,山东省,青岛,铂金,2024-11-10
U006124,吴欣然6124,男,17,上海市,上海,白银,2025-09-14
U006125,朱佳怡6125,男,19,重庆市,重庆,白银,2024-08-19
U006126,赵诗涵6126,女,20,北京市,北京,黄金,2025-09-21
U006127,徐明轩6127,女,31,河北省,石家庄,普通,2026-03-29
U006128,吴明轩6128,女,22,重庆市,重庆,白银,2026-02-24
U006129,张雨桐6129,男,21,广东省,佛山,黄金,2026-01-25
U006130,高梓萱6130,男,46,上海市,上海,白银,2025-08-26
U006131,孙子涵6131,女,40,广东省,珠海,白银,2023-09-14
U006132,胡梓萱6132,男,37,重庆市,重庆,普通,2026-05-20
U006133,王梓萱6133,女,33,四川省,成都,白银,2023-01-25
U006134,赵一诺6134,男,16,福建省,厦门,铂金,2024-11-26
U006135,朱梓萱6135,女,37,湖南省,株洲,黄金,2023-03-28
U006136,李俊杰6136,男,24,湖北省,襄阳,铂金,2023-02-21
U006137,杨浩然6137,女,32,北京市,北京,白银,2023-02-11
U006138,黄欣然6138,女,18,湖南省,岳阳,普通,2023-12-21
U006139,胡一诺6139,女,31,广东省,珠海,白银,2023-08-09
U006140,李浩然6140,女,42,江苏省,南通,普通,2025-06-19
U006141,张浩然6141,男,40,四川省,成都,白银,2023-05-15
U006142,胡思源6142,女,22,福建省,厦门,普通,2023-11-21
U006143,赵佳怡6143,男,25,河南省,郑州,黄金,2024-01-30
U006144,杨梓萱6144,女,25,陕西省,渭南,普通,2023-08-10
U006145,赵浩然6145,女,30,北京市,北京,普通,2025-10-18
U006146,王雨桐6146,女,21,江苏省,无锡,白银,2026-01-04
U006147,赵嘉诚6147,男,23,浙江省,温州,黄金,2025-03-29
U006148,杨思源6148,男,42,山东省,青岛,普通,2024-11-01
U006149,朱思源6149,男,29,广东省,佛山,白银,2023-06-26
U006150,孙浩然6150,男,34,山东省,青岛,黄金,2026-06-06
U006151,徐诗涵6151,女,29,广东省,广州,普通,2026-06-02
U006152,赵欣然6152,男,31,广东省,东莞,普通,2025-04-27
U006153,杨浩然6153,男,38,北京市,北京,普通,2025-07-21
U006154,赵子涵6154,男,26,河南省,洛阳,普通,2023-02-20
U006155,王嘉诚6155,男,50,河北省,保定,白银,2024-08-31
U006156,朱诗涵6156,女,44,河南省,许昌,白银,2025-04-01
U006157,陈俊杰6157,男,33,安徽省,芜湖,普通,2023-09-13
U006158,孙浩然6158,女,33,广东省,深圳,黑金,2023-04-19
U006159,胡梓萱6159,男,27,广东省,佛山,黑金,2024-10-20
U006160,朱思源6160,男,28,广东省,广州,黄金,2024-07-28
U006161,黄雨桐6161,女,43,陕西省,西安,普通,2024-07-04
U006162,胡思源6162,女,36,四川省,德阳,黄金,2026-01-23
U006163,胡子涵6163,男,32,北京市,北京,白银,2026-02-07
U006164,朱子涵6164,男,26,湖南省,长沙,普通,2025-05-01
U006165,高明轩6165,男,17,广东省,佛山,普通,2025-06-29
U006166,高明轩6166,男,21,上海市,上海,黄金,2024-12-10
U006167,周佳怡6167,男,40,浙江省,嘉兴,普通,2025-04-17
U006168,朱欣然6168,男,25,四川省,绵阳,普通,2024-07-17
U006169,杨一诺6169,男,46,河南省,新乡,黄金,2024-01-01
U006170,王一诺6170,男,32,湖北省,宜昌,普通,2024-06-25
U006171,朱一诺6171,男,42,浙江省,温州,普通,2025-07-08
U006172,王俊杰6172,女,33,河南省,郑州,普通,2023-08-03
U006173,李欣然6173,女,41,江苏省,苏州,普通,2024-03-28
U006174,王子涵6174,女,19,四川省,成都,普通,2025-08-09
U006175,杨梓萱6175,男,27,四川省,成都,普通,2024-11-26
U006176,陈诗涵6176,男,25,山东省,青岛,铂金,2025-03-13
U006177,陈一诺6177,男,40,四川省,成都,普通,2025-10-27
U006178,李诗涵6178,女,39,山东省,潍坊,普通,2023-08-16
U006179,张佳怡6179,男,24,湖北省,宜昌,普通,2023-08-22
U006180,黄俊杰6180,男,30,北京市,北京,白银,2025-04-21
U006181,陈一诺6181,女,25,山东省,临沂,普通,2023-10-05
U006182,朱雨桐6182,男,28,江苏省,无锡,普通,2023-09-13
U006183,陈浩然6183,女,33,广东省,珠海,普通,2023-10-03
U006184,赵欣然6184,男,22,四川省,绵阳,普通,2025-04-05
U006185,刘雨桐6185,男,21,湖北省,襄阳,黄金,2023-04-04
U006186,高明轩6186,女,32,上海市,上海,普通,2024-09-09
U006187,杨诗涵6187,男,25,河北省,廊坊,普通,2023-02-07
U006188,朱雨桐6188,男,37,山东省,烟台,白银,2023-01-29
U006189,杨欣然6189,女,41,江苏省,常州,普通,2025-11-20
U006190,孙雨桐6190,男,42,山东省,临沂,黄金,2023-02-02
U006191,孙梓萱6191,女,49,湖南省,衡阳,白银,2024-08-18
U006192,王一诺6192,女,20,陕西省,西安,白银,2024-12-25
U006193,孙明轩6193,女,39,上海市,上海,黄金,2024-08-10
U006194,孙子涵6194,男,42,浙江省,温州,普通,2024-10-04
U006195,徐梓萱6195,女,32,四川省,成都,普通,2025-09-15
U006196,赵俊杰6196,男,33,广东省,佛山,白银,2023-05-19
U006197,徐诗涵6197,女,34,广东省,深圳,黄金,2026-05-12
U006198,孙梓萱6198,男,37,广东省,广州,普通,2026-01-03
U006199,孙梓萱6199,男,27,浙江省,杭州,普通,2023-05-16
U006200,胡明轩6200,女,30,福建省,泉州,普通,2023-08-22
U006201,李一诺6201,男,45,河南省,南阳,铂金,2025-12-29
U006202,周明轩6202,女,28,北京市,北京,普通,2026-01-15
U006203,朱明轩6203,女,26,湖北省,襄阳,黄金,2026-05-27
U006204,王雨桐6204,女,42,上海市,上海,黄金,2024-09-11
U006205,吴浩然6205,女,36,陕西省,渭南,白银,2023-05-11
U006206,高佳怡6206,男,16,北京市,北京,普通,2023-12-10
U006207,刘思源6207,男,55,湖南省,岳阳,黄金,2025-06-11
U006208,张明轩6208,男,41,江苏省,无锡,普通,2026-01-16
U006209,朱梓萱6209,男,33,广东省,深圳,普通,2023-08-27
U006210,黄诗涵6210,女,21,福建省,莆田,黄金,2023-07-11
U006211,朱诗涵6211,男,40,浙江省,温州,白银,2023-06-21
U006212,高嘉诚6212,男,39,江苏省,苏州,普通,2023-08-22
U006213,徐一诺6213,女,28,重庆市,重庆,普通,2024-05-17
U006214,李佳怡6214,男,28,山东省,临沂,黄金,2025-10-27
U006215,王佳怡6215,男,24,河北省,石家庄,普通,2024-04-22
U006216,朱雨桐6216,男,16,浙江省,杭州,普通,2025-10-20
U006217,李嘉诚6217,男,31,福建省,泉州,普通,2026-06-03
U006218,王浩然6218,女,33,广东省,珠海,黄金,2025-06-24
U006219,张思源6219,女,16,福建省,莆田,普通,2023-03-19
U006220,张俊杰6220,女,23,湖南省,长沙,白银,2025-09-02
U006221,朱明轩6221,男,31,江苏省,常州,普通,2025-10-16
U006222,张嘉诚6222,女,25,上海市,上海,普通,2026-03-11
U006223,胡一诺6223,女,22,河北省,石家庄,普通,2025-01-27
U006224,刘思源6224,男,36,重庆市,重庆,白银,2023-12-31
U006225,徐佳怡6225,女,23,湖北省,武汉,白银,2023-10-30
U006226,孙明轩6226,女,41,湖北省,黄冈,普通,2024-07-23
U006227,吴明轩6227,女,36,广东省,佛山,普通,2023-06-09
U006228,张欣然6228,男,39,浙江省,宁波,白银,2025-09-04
U006229,王俊杰6229,女,34,北京市,北京,普通,2024-11-17
U006230,杨佳怡6230,女,26,北京市,北京,白银,2025-11-10
U006231,张一诺6231,男,35,河南省,洛阳,黄金,2024-04-02
U006232,徐梓萱6232,男,50,安徽省,阜阳,普通,2026-04-26
U006233,杨俊杰6233,女,41,湖北省,黄冈,黄金,2023-11-05
U006234,吴佳怡6234,男,35,湖北省,武汉,普通,2023-07-26
U006235,吴嘉诚6235,女,26,浙江省,温州,普通,2025-09-22
U006236,王梓萱6236,男,31,河南省,许昌,黄金,2024-02-12
U006237,朱一诺6237,女,25,广东省,东莞,黑金,2026-03-27
U006238,周子涵6238,女,20,广东省,佛山,普通,2023-02-13
U006239,陈子涵6239,女,22,福建省,漳州,白银,2023-06-15
U006240,周嘉诚6240,男,31,重庆市,重庆,铂金,2024-05-12
U006241,徐欣然6241,男,41,陕西省,咸阳,铂金,2024-07-30
U006242,孙诗涵6242,男,31,北京市,北京,白银,2025-01-24
U006243,李梓萱6243,男,19,江苏省,南京,白银,2023-02-02
U006244,徐嘉诚6244,女,39,河南省,新乡,普通,2024-11-20
U006245,赵诗涵6245,男,32,重庆市,重庆,普通,2026-03-27
U006246,杨子涵6246,男,27,江苏省,南通,普通,2026-04-03
U006247,黄明轩6247,男,31,北京市,北京,普通,2023-01-29
U006248,胡思源6248,女,28,河南省,洛阳,白银,2024-01-07
U006249,王嘉诚6249,女,31,福建省,莆田,白银,2025-05-30
U006250,李一诺6250,女,27,广东省,深圳,黄金,2025-05-04
U006251,陈诗涵6251,女,34,浙江省,宁波,铂金,2025-07-03
U006252,杨梓萱6252,男,32,浙江省,绍兴,白银,2025-09-14
U006253,朱浩然6253,男,31,湖南省,岳阳,铂金,2025-03-16
U006254,徐梓萱6254,男,44,重庆市,重庆,普通,2026-05-10
U006255,朱梓萱6255,男,43,陕西省,西安,普通,2025-11-11
U006256,黄俊杰6256,男,21,陕西省,咸阳,普通,2025-10-23
U006257,黄欣然6257,男,54,北京市,北京,白银,2024-01-11
U006258,吴嘉诚6258,女,34,浙江省,绍兴,普通,2025-12-02
U006259,高明轩6259,女,47,四川省,绵阳,普通,2026-04-07
U006260,赵子涵6260,女,26,广东省,珠海,黄金,2025-02-08
U006261,徐思源6261,女,37,上海市,上海,普通,2025-06-02
U006262,李浩然6262,女,47,江苏省,南京,白银,2023-10-14
U006263,胡佳怡6263,女,40,福建省,厦门,普通,2025-12-18
U006264,吴俊杰6264,女,38,上海市,上海,普通,2025-07-21
U006265,胡梓萱6265,男,26,广东省,东莞,白银,2025-08-20
U006266,赵佳怡6266,男,36,广东省,佛山,白银,2025-09-28
U006267,王雨桐6267,女,30,北京市,北京,黄金,2023-06-15
U006268,刘诗涵6268,女,40,河南省,洛阳,普通,2025-04-09
U006269,杨诗涵6269,女,41,山东省,青岛,普通,2024-09-28
U006270,陈诗涵6270,男,27,河南省,南阳,普通,2023-01-03
U006271,周子涵6271,女,16,浙江省,嘉兴,普通,2024-06-04
U006272,胡佳怡6272,男,39,河南省,许昌,白银,2024-08-19
U006273,赵诗涵6273,女,34,山东省,济南,普通,2023-11-14
U006274,刘佳怡6274,女,37,山东省,济南,白银,2026-01-15
U006275,杨嘉诚6275,女,16,河北省,廊坊,普通,2023-03-17
U006276,张欣然6276,男,24,广东省,广州,白银,2023-01-29
U006277,徐俊杰6277,男,31,浙江省,绍兴,普通,2025-10-29
U006278,徐佳怡6278,男,43,广东省,广州,普通,2025-08-28
U006279,刘一诺6279,女,32,北京市,北京,白银,2024-07-30
U006280,陈梓萱6280,女,30,重庆市,重庆,普通,2023-07-16
U006281,刘欣然6281,男,40,江苏省,无锡,普通,2025-11-04
U006282,李一诺6282,女,25,山东省,济南,普通,2025-08-27
U006283,王俊杰6283,女,33,河南省,许昌,普通,2024-11-29
U006284,张子涵6284,女,26,广东省,珠海,普通,2025-09-17
U006285,刘诗涵6285,女,42,江苏省,苏州,白银,2025-05-08
U006286,赵嘉诚6286,男,16,湖北省,宜昌,普通,2025-01-04
U006287,周浩然6287,男,39,湖南省,衡阳,普通,2023-05-30
U006288,王雨桐6288,男,26,河南省,南阳,白银,2025-12-06
U006289,胡浩然6289,女,31,河南省,新乡,白银,2024-03-18
U006290,王一诺6290,女,42,江苏省,苏州,黄金,2023-09-16
U006291,赵嘉诚6291,女,21,浙江省,绍兴,白银,2026-04-11
U006292,周浩然6292,男,29,江苏省,南京,普通,2024-08-26
U006293,胡欣然6293,女,23,重庆市,重庆,普通,2023-11-01
U006294,赵思源6294,男,21,四川省,南充,普通,2025-12-26
U006295,张一诺6295,女,19,北京市,北京,普通,2024-09-27
U006296,胡子涵6296,女,42,广东省,深圳,普通,2023-08-25
U006297,胡梓萱6297,男,28,山东省,济南,普通,2025-06-23
U006298,王诗涵6298,女,26,浙江省,嘉兴,白银,2025-04-05
U006299,高嘉诚6299,女,38,陕西省,咸阳,黄金,2023-09-15
U006300,王一诺6300,男,30,浙江省,杭州,黄金,2025-11-21
U006301,徐欣然6301,男,23,河南省,许昌,铂金,2025-11-27
U006302,吴俊杰6302,男,20,山东省,临沂,普通,2023-10-13
U006303,赵梓萱6303,女,31,上海市,上海,普通,2023-11-07
U006304,徐梓萱6304,男,42,陕西省,西安,黄金,2023-11-06
U006305,吴明轩6305,女,18,湖南省,常德,普通,2024-08-06
U006306,张俊杰6306,女,33,湖北省,武汉,普通,2024-12-01
U006307,胡思源6307,女,38,山东省,青岛,黄金,2024-10-25
U006308,徐明轩6308,男,37,上海市,上海,黄金,2025-09-30
U006309,杨嘉诚6309,女,29,上海市,上海,白银,2026-05-11
U006310,杨诗涵6310,女,36,河南省,南阳,普通,2026-05-02
U006311,高明轩6311,男,32,山东省,潍坊,黑金,2025-11-28
U006312,周一诺6312,男,37,浙江省,嘉兴,普通,2023-08-27
U006313,周明轩6313,男,18,湖北省,宜昌,白银,2026-04-07
U006314,陈子涵6314,女,50,广东省,深圳,普通,2023-06-30
U006315,周梓萱6315,女,28,山东省,济南,白银,2025-06-25
U006316,胡子涵6316,男,22,广东省,东莞,普通,2024-04-14
U006317,胡佳怡6317,女,48,广东省,东莞,黄金,2023-07-10
U006318,刘梓萱6318,女,28,河南省,南阳,黄金,2025-02-11
U006319,杨俊杰6319,女,23,湖南省,常德,白银,2024-02-03
U006320,李俊杰6320,女,41,湖北省,宜昌,黄金,2024-09-12
U006321,胡浩然6321,男,16,湖北省,荆州,普通,2026-01-15
U006322,黄子涵6322,女,19,河南省,洛阳,白银,2023-04-06
U006323,胡明轩6323,男,28,上海市,上海,铂金,2025-01-28
U006324,高浩然6324,女,25,山东省,临沂,白银,2025-02-23
U006325,高雨桐6325,女,35,河北省,石家庄,白银,2024-11-15
U006326,徐佳怡6326,男,16,浙江省,嘉兴,白银,2025-06-28
U006327,陈欣然6327,女,47,河北省,唐山,普通,2024-10-27
U006328,陈思源6328,女,37,福建省,莆田,普通,2026-06-03
U006329,黄子涵6329,男,38,江苏省,常州,普通,2023-11-08
U006330,李俊杰6330,女,42,浙江省,嘉兴,普通,2025-03-30
U006331,张明轩6331,女,26,浙江省,绍兴,普通,2024-08-28
U006332,黄诗涵6332,女,26,江苏省,南通,普通,2024-01-06
U006333,刘梓萱6333,男,23,山东省,临沂,铂金,2025-06-17
U006334,陈子涵6334,女,30,山东省,烟台,普通,2025-06-06
U006335,朱嘉诚6335,女,29,湖北省,武汉,黄金,2025-05-20
U006336,徐一诺6336,男,39,陕西省,渭南,普通,2026-05-06
U006337,周佳怡6337,女,36,江苏省,常州,普通,2025-08-21
U006338,杨子涵6338,女,16,重庆市,重庆,白银,2025-05-12
U006339,李俊杰6339,女,32,江苏省,南通,普通,2025-09-19
U006340,黄嘉诚6340,女,24,四川省,南充,普通,2025-02-19
U006341,周嘉诚6341,男,25,北京市,北京,普通,2025-05-02
U006342,徐一诺6342,男,47,广东省,珠海,铂金,2023-01-20
U006343,刘俊杰6343,女,29,山东省,青岛,黄金,2024-07-03
U006344,高雨桐6344,男,35,湖北省,荆州,普通,2024-05-16
U006345,杨欣然6345,男,31,江苏省,南通,普通,2023-09-02
U006346,刘明轩6346,女,33,福建省,漳州,普通,2025-06-01
U006347,朱一诺6347,男,34,四川省,南充,黄金,2024-04-18
U006348,陈梓萱6348,女,30,福建省,漳州,普通,2023-01-18
U006349,孙雨桐6349,男,32,广东省,广州,白银,2024-03-03
U006350,张子涵6350,女,42,陕西省,渭南,铂金,2023-06-07
U006351,杨浩然6351,男,33,湖北省,武汉,普通,2023-05-28
U006352,王浩然6352,男,31,陕西省,咸阳,白银,2023-06-25
U006353,高佳怡6353,女,21,河北省,唐山,黑金,2024-02-04
U006354,高一诺6354,女,16,浙江省,宁波,黑金,2023-03-22
U006355,胡子涵6355,男,45,湖南省,岳阳,普通,2023-03-01
U006356,杨梓萱6356,男,28,四川省,成都,普通,2023-03-15
U006357,高俊杰6357,女,36,浙江省,宁波,白银,2023-11-29
U006358,张诗涵6358,男,30,河南省,南阳,普通,2025-04-25
U006359,杨俊杰6359,女,36,浙江省,宁波,铂金,2023-11-22
U006360,李子涵6360,男,16,河南省,郑州,普通,2023-01-30
U006361,王明轩6361,女,23,北京市,北京,普通,2025-09-27
U006362,高梓萱6362,男,25,山东省,烟台,普通,2023-10-15
U006363,黄诗涵6363,女,32,重庆市,重庆,普通,2025-11-11
U006364,李雨桐6364,男,41,四川省,南充,铂金,2023-09-27
U006365,刘梓萱6365,男,30,陕西省,渭南,白银,2023-12-11
U006366,黄明轩6366,男,28,四川省,绵阳,普通,2024-09-09
U006367,李佳怡6367,男,29,湖北省,黄冈,黑金,2025-03-10
U006368,陈佳怡6368,女,31,广东省,佛山,普通,2026-05-17
U006369,杨思源6369,男,36,四川省,绵阳,普通,2023-12-12
U006370,王雨桐6370,女,35,湖北省,武汉,白银,2025-10-01
U006371,孙浩然6371,男,24,山东省,临沂,黄金,2023-03-29
U006372,孙欣然6372,男,26,湖南省,常德,普通,2024-01-06
U006373,胡子涵6373,男,24,广东省,珠海,普通,2025-08-25
U006374,李子涵6374,女,21,广东省,佛山,白银,2024-12-19
U006375,高明轩6375,女,35,浙江省,绍兴,普通,2023-05-06
U006376,张欣然6376,男,41,山东省,青岛,普通,2024-02-01
U006377,李欣然6377,男,22,福建省,福州,普通,2025-07-26
U006378,孙欣然6378,女,55,安徽省,芜湖,普通,2023-07-26
U006379,徐明轩6379,男,31,广东省,佛山,普通,2026-01-14
U006380,刘子涵6380,女,18,广东省,佛山,普通,2024-03-26
U006381,陈雨桐6381,女,34,浙江省,嘉兴,普通,2025-06-20
U006382,孙欣然6382,女,31,山东省,烟台,铂金,2024-02-05
U006383,陈俊杰6383,女,32,广东省,广州,普通,2026-01-24
U006384,高雨桐6384,男,26,江苏省,苏州,普通,2026-04-20
U006385,杨俊杰6385,男,38,河北省,廊坊,白银,2025-11-08
U006386,周佳怡6386,女,19,浙江省,宁波,普通,2024-11-22
U006387,杨一诺6387,男,20,江苏省,苏州,普通,2025-11-29
U006388,周思源6388,女,29,河南省,新乡,普通,2026-03-31
U006389,陈梓萱6389,男,50,上海市,上海,普通,2024-11-15
U006390,胡俊杰6390,女,38,河南省,许昌,普通,2023-05-01
U006391,赵雨桐6391,女,29,湖南省,常德,白银,2023-04-08
U006392,杨俊杰6392,女,32,山东省,临沂,普通,2025-08-24
U006393,赵诗涵6393,男,37,广东省,东莞,黑金,2024-12-01
U006394,胡梓萱6394,女,21,福建省,漳州,黄金,2026-01-24
U006395,陈诗涵6395,女,29,河南省,郑州,白银,2026-04-14
U006396,胡欣然6396,男,33,四川省,南充,普通,2024-05-30
U006397,徐浩然6397,男,37,福建省,泉州,黄金,2024-01-06
U006398,徐明轩6398,男,22,广东省,珠海,白银,2025-08-11
U006399,孙梓萱6399,男,26,重庆市,重庆,铂金,2024-04-11
U006400,徐雨桐6400,女,36,山东省,潍坊,普通,2024-09-23
U006401,朱俊杰6401,女,31,江苏省,常州,普通,2023-07-11
U006402,孙梓萱6402,男,42,湖南省,株洲,普通,2026-05-17
U006403,黄俊杰6403,女,34,广东省,珠海,普通,2023-06-18
U006404,杨明轩6404,男,35,上海市,上海,铂金,2025-08-23
U006405,赵浩然6405,女,34,广东省,珠海,黄金,2024-09-23
U006406,赵佳怡6406,男,24,福建省,漳州,黄金,2023-04-25
U006407,周雨桐6407,女,41,江苏省,南京,黄金,2025-08-22
U006408,陈俊杰6408,男,48,江苏省,南通,白银,2024-10-28
U006409,孙子涵6409,女,19,湖北省,襄阳,普通,2026-06-21
U006410,孙浩然6410,男,34,重庆市,重庆,黄金,2026-04-16
U006411,徐一诺6411,男,28,湖南省,长沙,普通,2025-10-14
U006412,李嘉诚6412,女,36,上海市,上海,黄金,2025-11-07
U006413,张思源6413,女,38,江苏省,苏州,普通,2023-09-25
U006414,张俊杰6414,女,24,江苏省,常州,白银,2024-12-04
U006415,周浩然6415,男,48,湖北省,荆州,普通,2026-03-31
U006416,高雨桐6416,男,35,陕西省,西安,黑金,2026-05-25
U006417,杨梓萱6417,女,24,河北省,石家庄,普通,2024-06-13
U006418,张一诺6418,女,36,广东省,佛山,铂金,2023-06-16
U006419,吴欣然6419,男,28,河南省,新乡,普通,2024-09-20
U006420,陈梓萱6420,男,35,福建省,漳州,普通,2026-03-27
U006421,刘俊杰6421,男,33,广东省,佛山,黄金,2023-07-27
U006422,赵明轩6422,女,31,福建省,厦门,白银,2026-06-15
U006423,吴子涵6423,女,25,山东省,青岛,普通,2024-01-25
U006424,黄浩然6424,男,19,江苏省,无锡,普通,2024-10-21
U006425,徐浩然6425,男,26,重庆市,重庆,铂金,2023-03-03
U006426,王佳怡6426,女,16,北京市,北京,普通,2024-05-21
U006427,黄明轩6427,女,51,河南省,郑州,普通,2024-07-24
U006428,杨浩然6428,男,42,湖北省,黄冈,黄金,2024-02-05
U006429,刘浩然6429,男,23,河南省,郑州,白银,2024-02-25
U006430,李佳怡6430,男,36,安徽省,合肥,普通,2025-05-10
U006431,刘子涵6431,男,27,浙江省,杭州,普通,2023-09-12
U006432,朱梓萱6432,女,27,上海市,上海,普通,2024-07-22
U006433,陈佳怡6433,男,30,北京市,北京,黄金,2023-10-11
U006434,陈一诺6434,女,38,江苏省,南京,普通,2023-12-20
U006435,黄雨桐6435,女,47,广东省,东莞,普通,2023-10-22
U006436,徐诗涵6436,男,30,重庆市,重庆,白银,2025-12-05
U006437,陈思源6437,男,25,上海市,上海,普通,2024-12-16
U006438,刘诗涵6438,女,40,浙江省,杭州,白银,2024-08-20
U006439,刘诗涵6439,女,20,浙江省,绍兴,白银,2025-04-17
U006440,吴子涵6440,女,30,上海市,上海,白银,2023-01-23
U006441,黄雨桐6441,女,21,浙江省,温州,普通,2025-05-02
U006442,杨雨桐6442,女,32,福建省,莆田,普通,2024-12-09
U006443,高欣然6443,女,39,湖北省,荆州,普通,2024-03-03
U006444,高梓萱6444,男,41,福建省,厦门,普通,2026-01-06
U006445,胡明轩6445,女,19,广东省,佛山,普通,2026-01-18
U006446,张明轩6446,男,40,河南省,新乡,黄金,2025-08-03
U006447,胡梓萱6447,男,29,湖南省,常德,白银,2024-01-08
U006448,刘子涵6448,女,29,湖南省,常德,黄金,2026-05-28
U006449,杨俊杰6449,女,40,广东省,东莞,普通,2024-09-26
U006450,杨一诺6450,女,31,浙江省,绍兴,白银,2024-02-24
U006451,黄思源6451,女,29,河南省,许昌,普通,2023-02-11
U006452,黄子涵6452,男,27,浙江省,宁波,普通,2023-12-29
U006453,徐子涵6453,男,39,广东省,佛山,普通,2024-10-22
U006454,孙浩然6454,女,27,湖北省,武汉,黑金,2023-04-01
U006455,朱佳怡6455,女,32,广东省,东莞,普通,2026-04-02
U006456,杨思源6456,男,44,江苏省,常州,白银,2023-06-08
U006457,刘一诺6457,女,20,河北省,廊坊,白银,2023-11-05
U006458,黄子涵6458,男,40,湖南省,衡阳,普通,2026-04-19
U006459,胡浩然6459,男,36,陕西省,西安,普通,2024-06-17
U006460,陈雨桐6460,女,24,北京市,北京,白银,2026-02-24
U006461,高佳怡6461,男,44,湖北省,荆州,白银,2025-03-21
U006462,陈俊杰6462,女,18,江苏省,苏州,白银,2023-10-04
U006463,周欣然6463,女,22,江苏省,苏州,普通,2023-01-15
U006464,周佳怡6464,男,47,湖南省,常德,白银,2024-07-06
U006465,刘俊杰6465,男,28,四川省,德阳,普通,2024-07-04
U006466,周一诺6466,女,42,浙江省,宁波,普通,2025-03-24
U006467,王一诺6467,女,33,江苏省,南通,铂金,2025-07-16
U006468,周诗涵6468,女,42,福建省,漳州,铂金,2025-12-25
U006469,徐明轩6469,女,25,浙江省,温州,普通,2023-07-05
U006470,孙子涵6470,男,46,江苏省,苏州,普通,2023-06-08
U006471,孙梓萱6471,男,49,湖南省,株洲,白银,2026-02-09
U006472,杨嘉诚6472,男,38,河南省,洛阳,普通,2026-01-04
U006473,王雨桐6473,男,21,江苏省,常州,普通,2024-11-20
U006474,吴欣然6474,女,33,江苏省,苏州,普通,2023-07-19
U006475,张子涵6475,女,16,广东省,珠海,普通,2023-01-30
U006476,陈子涵6476,男,37,广东省,东莞,白银,2023-11-20
U006477,孙欣然6477,女,23,湖北省,襄阳,黄金,2024-02-23
U006478,张欣然6478,女,16,浙江省,宁波,白银,2025-08-27
U006479,吴诗涵6479,女,39,江苏省,常州,黄金,2024-04-21
U006480,胡佳怡6480,女,33,陕西省,咸阳,普通,2026-05-16
U006481,杨诗涵6481,女,24,北京市,北京,铂金,2025-06-16
U006482,刘佳怡6482,男,38,北京市,北京,黄金,2024-08-24
U006483,孙嘉诚6483,男,30,重庆市,重庆,白银,2024-02-20
U006484,杨梓萱6484,女,19,山东省,青岛,普通,2023-05-03
U006485,周明轩6485,男,38,湖南省,衡阳,铂金,2025-01-14
U006486,黄一诺6486,男,33,四川省,宜宾,普通,2023-04-09
U006487,李诗涵6487,男,32,浙江省,绍兴,普通,2023-08-30
U006488,王思源6488,男,18,浙江省,杭州,普通,2024-08-05
U006489,胡欣然6489,男,24,四川省,南充,白银,2024-09-30
U006490,高雨桐6490,女,40,河南省,新乡,白银,2024-02-01
U006491,徐佳怡6491,女,28,河北省,唐山,白银,2024-02-03
U006492,孙子涵6492,女,26,广东省,珠海,普通,2024-11-08
U006493,刘思源6493,男,21,河南省,郑州,普通,2025-01-16
U006494,朱嘉诚6494,男,20,江苏省,常州,普通,2023-07-19
U006495,周嘉诚6495,男,26,广东省,佛山,普通,2026-05-18
U006496,孙俊杰6496,女,29,河南省,许昌,普通,2025-06-28
U006497,赵嘉诚6497,女,33,山东省,临沂,黄金,2024-12-04
U006498,高欣然6498,男,25,浙江省,温州,黄金,2025-09-07
U006499,高俊杰6499,女,32,湖北省,襄阳,普通,2024-10-18
U006500,黄诗涵6500,男,32,山东省,潍坊,黄金,2024-08-20
U006501,陈俊杰6501,男,27,湖南省,衡阳,普通,2023-10-21
U006502,黄俊杰6502,女,30,广东省,东莞,白银,2023-10-07
U006503,徐一诺6503,男,28,山东省,潍坊,黄金,2023-11-19
U006504,黄佳怡6504,女,43,安徽省,合肥,普通,2024-04-07
U006505,吴雨桐6505,女,22,广东省,深圳,铂金,2023-01-04
U006506,陈佳怡6506,男,22,山东省,青岛,白银,2026-05-07
U006507,王子涵6507,女,31,四川省,德阳,黄金,2024-06-07
U006508,周俊杰6508,女,23,湖南省,长沙,普通,2026-03-23
U006509,张明轩6509,男,16,河北省,保定,普通,2023-05-16
U006510,吴诗涵6510,女,32,浙江省,绍兴,普通,2025-11-04
U006511,赵佳怡6511,女,48,四川省,德阳,白银,2025-12-13
U006512,张一诺6512,女,29,福建省,泉州,黄金,2025-02-02
U006513,刘明轩6513,男,27,河北省,保定,普通,2024-09-15
U006514,高子涵6514,女,37,湖北省,武汉,白银,2024-11-05
U006515,黄子涵6515,女,27,上海市,上海,普通,2023-05-03
U006516,周欣然6516,男,39,北京市,北京,铂金,2026-03-21
U006517,陈梓萱6517,女,31,湖北省,襄阳,白银,2023-10-10
U006518,周佳怡6518,男,19,福建省,莆田,铂金,2023-08-31
U006519,刘欣然6519,女,18,广东省,广州,普通,2026-03-26
U006520,黄明轩6520,女,18,重庆市,重庆,铂金,2023-08-22
U006521,陈俊杰6521,男,16,河南省,新乡,普通,2024-12-06
U006522,孙子涵6522,女,38,四川省,成都,普通,2023-11-14
U006523,黄嘉诚6523,男,23,陕西省,渭南,黄金,2024-12-20
U006524,杨梓萱6524,女,26,广东省,佛山,白银,2024-01-24
U006525,高佳怡6525,女,26,北京市,北京,普通,2025-06-04
U006526,张思源6526,男,24,福建省,泉州,普通,2024-11-06
U006527,陈子涵6527,女,36,福建省,厦门,白银,2023-11-27
U006528,吴佳怡6528,女,27,北京市,北京,普通,2023-08-31
U006529,赵佳怡6529,男,16,四川省,成都,普通,2025-10-01
U006530,朱浩然6530,男,31,陕西省,咸阳,普通,2024-09-25
U006531,高一诺6531,女,34,安徽省,芜湖,普通,2024-01-10
U006532,刘浩然6532,男,25,浙江省,温州,普通,2025-02-23
U006533,张嘉诚6533,男,22,江苏省,南京,白银,2023-02-10
U006534,胡嘉诚6534,男,41,广东省,深圳,黄金,2024-05-28
U006535,高诗涵6535,男,16,湖北省,宜昌,白银,2023-11-13
U006536,胡欣然6536,男,38,广东省,广州,普通,2024-10-18
U006537,刘子涵6537,男,35,广东省,广州,普通,2025-01-14
U006538,陈一诺6538,女,45,山东省,青岛,普通,2026-06-10
U006539,杨俊杰6539,女,16,河南省,郑州,普通,2024-04-04
U006540,徐欣然6540,男,34,北京市,北京,普通,2023-07-09
U006541,李嘉诚6541,女,31,江苏省,南通,黄金,2025-06-10
U006542,李思源6542,男,36,北京市,北京,普通,2026-03-07
U006543,朱雨桐6543,男,16,上海市,上海,普通,2024-11-29
U006544,陈雨桐6544,男,35,浙江省,宁波,普通,2025-05-10
U006545,刘一诺6545,女,29,湖南省,株洲,黄金,2023-01-29
U006546,杨明轩6546,男,16,广东省,东莞,铂金,2024-11-15
U006547,杨梓萱6547,女,16,北京市,北京,白银,2023-08-02
U006548,胡俊杰6548,男,38,广东省,深圳,普通,2024-05-13
U006549,朱诗涵6549,男,29,北京市,北京,白银,2025-07-07
U006550,赵诗涵6550,女,16,广东省,东莞,普通,2025-06-25
U006551,朱俊杰6551,女,33,重庆市,重庆,普通,2023-10-22
U006552,黄梓萱6552,女,25,广东省,广州,普通,2025-10-13
U006553,黄俊杰6553,女,30,广东省,珠海,白银,2023-06-01
U006554,孙嘉诚6554,女,19,浙江省,杭州,普通,2025-12-08
U006555,胡明轩6555,男,28,河南省,新乡,黄金,2025-11-01
U006556,朱梓萱6556,女,40,北京市,北京,普通,2023-08-13
U006557,吴浩然6557,男,35,上海市,上海,普通,2024-04-27
U006558,胡诗涵6558,女,21,福建省,莆田,白银,2024-08-15
U006559,高嘉诚6559,女,29,福建省,泉州,白银,2025-11-01
U006560,赵思源6560,女,24,上海市,上海,普通,2026-04-08
U006561,赵梓萱6561,女,25,广东省,东莞,黄金,2023-12-21
U006562,胡佳怡6562,男,20,江苏省,常州,黄金,2025-05-13
U006563,高思源6563,男,33,广东省,佛山,白银,2024-12-21
U006564,胡欣然6564,男,29,江苏省,南通,普通,2026-01-30
U006565,杨雨桐6565,女,17,浙江省,绍兴,普通,2024-05-16
U006566,孙佳怡6566,男,21,河南省,许昌,白银,2023-06-14
U006567,王思源6567,女,37,浙江省,宁波,白银,2024-11-26
U006568,黄欣然6568,男,30,湖南省,岳阳,普通,2023-05-27
U006569,李欣然6569,男,23,福建省,泉州,普通,2024-09-23
U006570,刘嘉诚6570,男,24,北京市,北京,普通,2023-10-01
U006571,朱明轩6571,女,29,山东省,临沂,普通,2024-11-26
U006572,陈嘉诚6572,女,35,广东省,深圳,普通,2025-04-19
U006573,朱思源6573,女,39,山东省,济南,普通,2024-08-20
U006574,王思源6574,男,23,上海市,上海,普通,2026-05-04
U006575,王雨桐6575,女,33,山东省,济南,普通,2026-04-10
U006576,陈子涵6576,男,46,安徽省,合肥,普通,2024-04-11
U006577,刘明轩6577,男,29,陕西省,宝鸡,白银,2026-01-17
U006578,王梓萱6578,女,27,河南省,南阳,铂金,2025-08-15
U006579,徐一诺6579,女,35,四川省,绵阳,普通,2025-01-15
U006580,刘明轩6580,女,36,安徽省,芜湖,白银,2024-02-29
U006581,高佳怡6581,女,38,福建省,漳州,普通,2023-09-23
U006582,杨嘉诚6582,女,35,广东省,深圳,白银,2026-04-26
U006583,王子涵6583,女,17,广东省,东莞,普通,2024-08-16
U006584,杨梓萱6584,男,29,江苏省,常州,普通,2024-02-14
U006585,李子涵6585,女,38,广东省,广州,白银,2024-05-30
U006586,赵思源6586,男,34,四川省,宜宾,黄金,2026-04-09
U006587,杨嘉诚6587,女,37,广东省,东莞,普通,2023-07-01
U006588,孙欣然6588,女,42,广东省,广州,普通,2026-06-04
U006589,王嘉诚6589,女,29,湖南省,岳阳,白银,2026-03-02
U006590,张俊杰6590,男,22,湖北省,宜昌,普通,2026-04-17
U006591,王一诺6591,女,24,浙江省,杭州,黄金,2025-05-12
U006592,高欣然6592,女,36,江苏省,苏州,白银,2025-05-16
U006593,张梓萱6593,男,21,广东省,广州,黄金,2026-04-04
U006594,孙子涵6594,女,43,山东省,潍坊,白银,2024-07-07
U006595,吴一诺6595,女,16,安徽省,安庆,普通,2025-05-03
U006596,杨子涵6596,女,37,湖北省,黄冈,普通,2023-10-10
U006597,胡明轩6597,女,25,广东省,东莞,普通,2023-01-22
U006598,陈诗涵6598,男,39,河南省,新乡,铂金,2024-04-21
U006599,孙一诺6599,男,35,安徽省,安庆,铂金,2023-08-17
U006600,朱明轩6600,男,22,河南省,南阳,普通,2024-05-17
U006601,李明轩6601,女,30,重庆市,重庆,黄金,2025-05-19
U006602,高明轩6602,女,24,湖南省,常德,普通,2023-03-23
U006603,孙欣然6603,女,31,湖南省,衡阳,普通,2024-05-25
U006604,赵欣然6604,男,33,福建省,莆田,普通,2023-09-02
U006605,高梓萱6605,女,39,四川省,成都,普通,2023-08-24
U006606,高欣然6606,男,46,上海市,上海,黄金,2024-10-12
U006607,黄欣然6607,男,44,江苏省,南通,白银,2025-02-13
U006608,朱佳怡6608,男,23,广东省,佛山,白银,2024-10-05
U006609,朱梓萱6609,女,25,重庆市,重庆,普通,2024-10-29
U006610,李俊杰6610,女,26,浙江省,嘉兴,普通,2024-11-16
U006611,陈明轩6611,男,35,湖南省,长沙,白银,2023-01-04
U006612,高雨桐6612,男,40,湖北省,荆州,黑金,2025-08-28
U006613,陈梓萱6613,男,36,福建省,泉州,白银,2023-08-24
U006614,周浩然6614,女,30,广东省,佛山,普通,2026-01-07
U006615,吴诗涵6615,男,21,上海市,上海,普通,2023-04-15
U006616,李明轩6616,女,40,山东省,烟台,白银,2025-01-13
U006617,杨一诺6617,女,34,广东省,佛山,白银,2026-02-19
U006618,张浩然6618,女,18,广东省,珠海,黄金,2023-09-02
U006619,徐思源6619,男,19,浙江省,杭州,黄金,2023-10-20
U006620,陈明轩6620,男,39,浙江省,宁波,普通,2023-10-24
U006621,胡俊杰6621,女,35,江苏省,苏州,白银,2024-03-25
U006622,刘思源6622,男,34,重庆市,重庆,普通,2025-08-17
U006623,胡嘉诚6623,男,16,陕西省,西安,普通,2023-09-27
U006624,徐诗涵6624,女,42,广东省,深圳,普通,2025-01-28
U006625,吴子涵6625,女,30,陕西省,西安,普通,2023-02-16
U006626,李一诺6626,女,33,浙江省,绍兴,普通,2026-03-03
U006627,张梓萱6627,男,45,山东省,青岛,普通,2023-02-07
U006628,杨雨桐6628,女,27,河南省,许昌,普通,2024-02-08
U006629,徐欣然6629,女,26,北京市,北京,白银,2023-12-07
U006630,赵一诺6630,男,31,江苏省,南京,普通,2023-08-13
U006631,赵明轩6631,女,31,湖南省,长沙,黄金,2026-02-12
U006632,陈佳怡6632,女,21,湖南省,常德,白银,2024-08-07
U006633,徐欣然6633,女,28,山东省,临沂,普通,2025-09-29
U006634,杨浩然6634,男,28,浙江省,杭州,普通,2024-05-03
U006635,胡俊杰6635,男,30,江苏省,南京,黑金,2024-06-23
U006636,陈嘉诚6636,女,50,山东省,潍坊,白银,2024-02-04
U006637,徐佳怡6637,女,40,广东省,深圳,铂金,2024-01-31
U006638,周明轩6638,女,37,上海市,上海,普通,2024-06-05
U006639,朱佳怡6639,女,21,广东省,深圳,黄金,2025-06-16
U006640,张嘉诚6640,女,29,浙江省,宁波,普通,2023-03-28
U006641,胡思源6641,女,37,湖北省,襄阳,普通,2023-08-21
U006642,朱子涵6642,男,50,河北省,唐山,普通,2024-09-22
U006643,黄一诺6643,女,34,江苏省,无锡,普通,2026-06-16
U006644,孙一诺6644,男,51,北京市,北京,白银,2024-01-30
U006645,高雨桐6645,女,49,重庆市,重庆,白银,2023-10-13
U006646,刘诗涵6646,男,19,北京市,北京,白银,2026-03-27
U006647,陈佳怡6647,男,55,湖北省,宜昌,普通,2025-03-05
U006648,赵浩然6648,男,23,山东省,烟台,普通,2025-07-07
U006649,周明轩6649,女,30,四川省,宜宾,白银,2026-02-20
U006650,赵浩然6650,女,28,重庆市,重庆,普通,2024-10-24
U006651,胡嘉诚6651,女,20,河南省,郑州,普通,2025-05-28
U006652,徐俊杰6652,男,43,安徽省,合肥,普通,2025-04-26
U006653,胡明轩6653,男,31,江苏省,常州,普通,2024-09-26
U006654,吴子涵6654,女,40,河南省,新乡,白银,2023-03-04
U006655,黄俊杰6655,男,34,重庆市,重庆,普通,2026-02-26
U006656,张雨桐6656,男,32,福建省,漳州,白银,2024-03-05
U006657,孙思源6657,女,35,广东省,佛山,普通,2023-02-16
U006658,张雨桐6658,女,31,上海市,上海,普通,2024-10-05
U006659,吴思源6659,男,27,山东省,潍坊,白银,2023-07-03
U006660,王欣然6660,男,26,广东省,广州,普通,2023-06-01
U006661,陈梓萱6661,男,45,陕西省,咸阳,白银,2026-01-07
U006662,高梓萱6662,女,38,陕西省,西安,普通,2025-11-04
U006663,周欣然6663,女,36,湖南省,株洲,普通,2024-02-17
U006664,胡嘉诚6664,男,26,山东省,潍坊,黄金,2025-08-31
U006665,陈佳怡6665,女,16,浙江省,绍兴,白银,2025-10-19
U006666,李思源6666,男,36,北京市,北京,普通,2023-12-03
U006667,黄子涵6667,女,35,福建省,漳州,普通,2023-08-10
U006668,朱明轩6668,女,26,上海市,上海,白银,2025-12-06
U006669,李子涵6669,女,16,河南省,新乡,普通,2024-01-08
U006670,杨子涵6670,男,37,河南省,郑州,普通,2023-01-11
U006671,张浩然6671,女,32,广东省,深圳,普通,2023-11-09
U006672,朱一诺6672,男,43,广东省,深圳,普通,2024-03-14
U006673,孙雨桐6673,男,37,河南省,许昌,白银,2024-04-05
U006674,吴嘉诚6674,男,49,福建省,漳州,普通,2025-06-17
U006675,吴俊杰6675,女,24,湖北省,黄冈,普通,2024-05-17
U006676,朱明轩6676,女,31,广东省,深圳,普通,2023-02-11
U006677,孙雨桐6677,男,40,广东省,佛山,普通,2024-06-28
U006678,孙梓萱6678,男,23,四川省,南充,普通,2025-10-20
U006679,吴雨桐6679,女,19,广东省,东莞,普通,2025-10-03
U006680,张明轩6680,男,54,湖南省,常德,白银,2024-03-07
U006681,杨嘉诚6681,女,25,河北省,廊坊,白银,2024-06-22
U006682,黄佳怡6682,女,30,上海市,上海,黄金,2023-12-15
U006683,黄一诺6683,女,50,浙江省,绍兴,普通,2023-01-25
U006684,高一诺6684,男,26,山东省,烟台,普通,2024-07-14
U006685,朱子涵6685,女,16,陕西省,宝鸡,白银,2023-09-28
U006686,吴浩然6686,男,28,广东省,广州,普通,2023-04-12
U006687,胡嘉诚6687,男,23,山东省,济南,白银,2024-09-03
U006688,王雨桐6688,男,46,上海市,上海,普通,2023-06-06
U006689,高明轩6689,女,28,上海市,上海,普通,2024-09-08
U006690,胡嘉诚6690,男,26,北京市,北京,铂金,2023-01-05
U006691,杨嘉诚6691,男,29,山东省,临沂,白银,2025-09-09
U006692,李浩然6692,女,23,湖北省,武汉,白银,2024-08-17
U006693,胡一诺6693,男,16,四川省,德阳,普通,2026-05-06
U006694,孙梓萱6694,女,31,福建省,福州,白银,2023-11-09
U006695,徐佳怡6695,男,24,山东省,青岛,普通,2023-11-11
U006696,黄子涵6696,女,35,湖南省,长沙,普通,2023-10-30
U006697,徐一诺6697,女,17,北京市,北京,铂金,2025-01-31
U006698,孙俊杰6698,男,39,江苏省,南京,普通,2024-06-05
U006699,孙欣然6699,女,35,浙江省,杭州,普通,2024-11-22
U006700,吴一诺6700,男,30,河南省,许昌,普通,2025-07-14
U006701,张雨桐6701,女,33,北京市,北京,普通,2025-07-10
U006702,李思源6702,男,24,山东省,青岛,普通,2023-10-09
U006703,杨思源6703,女,42,河北省,保定,普通,2024-06-20
U006704,王子涵6704,男,16,重庆市,重庆,白银,2026-06-02
U006705,朱思源6705,女,22,北京市,北京,普通,2023-02-03
U006706,胡嘉诚6706,女,33,广东省,广州,黄金,2024-09-07
U006707,高雨桐6707,男,35,河北省,保定,铂金,2025-03-31
U006708,刘思源6708,女,29,河南省,新乡,普通,2023-08-13
U006709,杨佳怡6709,女,33,四川省,德阳,白银,2023-09-21
U006710,张嘉诚6710,男,42,江苏省,南通,普通,2024-11-23
U006711,吴明轩6711,女,46,河北省,唐山,普通,2024-10-17
U006712,杨欣然6712,女,40,江苏省,南京,普通,2026-03-06
U006713,孙明轩6713,男,16,湖北省,荆州,白银,2023-08-12
U006714,徐明轩6714,女,31,北京市,北京,白银,2025-09-12
U006715,赵梓萱6715,女,25,浙江省,绍兴,普通,2025-08-01
U006716,杨一诺6716,女,27,四川省,南充,铂金,2024-12-24
U006717,张梓萱6717,女,31,河南省,南阳,白银,2026-04-28
U006718,朱明轩6718,男,35,广东省,广州,白银,2026-03-28
U006719,王嘉诚6719,女,30,湖北省,荆州,黄金,2024-02-04
U006720,杨子涵6720,女,19,广东省,珠海,白银,2023-12-16
U006721,赵俊杰6721,男,30,安徽省,安庆,普通,2026-06-02
U006722,吴欣然6722,男,21,北京市,北京,白银,2024-02-25
U006723,黄思源6723,男,39,陕西省,宝鸡,白银,2024-04-20
U006724,朱俊杰6724,男,21,山东省,潍坊,普通,2025-12-11
U006725,徐一诺6725,女,31,山东省,临沂,普通,2025-07-24
U006726,张欣然6726,女,16,湖北省,荆州,黄金,2023-03-05
U006727,李俊杰6727,女,38,江苏省,苏州,普通,2025-05-04
U006728,周梓萱6728,男,34,山东省,潍坊,黄金,2026-06-18
U006729,吴佳怡6729,男,37,广东省,深圳,普通,2025-09-27
U006730,杨一诺6730,男,42,广东省,深圳,普通,2023-04-16
U006731,李诗涵6731,女,32,河南省,洛阳,普通,2023-03-27
U006732,徐欣然6732,女,37,浙江省,宁波,白银,2025-04-10
U006733,刘浩然6733,男,27,广东省,广州,普通,2024-12-09
U006734,刘俊杰6734,男,24,江苏省,苏州,普通,2023-04-01
U006735,朱思源6735,男,22,四川省,成都,白银,2023-07-25
U006736,刘浩然6736,男,34,江苏省,无锡,白银,2023-05-10
U006737,陈一诺6737,男,25,江苏省,常州,普通,2023-09-21
U006738,徐诗涵6738,男,31,江苏省,常州,普通,2025-11-14
U006739,张明轩6739,男,23,福建省,泉州,普通,2024-08-05
U006740,高浩然6740,女,36,重庆市,重庆,白银,2023-05-21
U006741,黄嘉诚6741,男,38,四川省,宜宾,普通,2026-05-05
U006742,赵欣然6742,男,31,河北省,保定,普通,2026-05-19
U006743,徐明轩6743,女,25,江苏省,常州,铂金,2025-05-01
U006744,黄佳怡6744,男,30,广东省,广州,普通,2024-05-29
U006745,徐梓萱6745,男,45,湖南省,衡阳,普通,2024-09-20
U006746,高欣然6746,男,37,江苏省,苏州,普通,2026-01-16
U006747,徐佳怡6747,女,21,广东省,深圳,白银,2025-09-07
U006748,王嘉诚6748,女,20,重庆市,重庆,白银,2026-04-08
U006749,徐雨桐6749,男,34,河北省,石家庄,白银,2025-07-15
U006750,赵俊杰6750,男,36,江苏省,苏州,普通,2025-12-18
U006751,徐欣然6751,女,39,湖南省,岳阳,白银,2026-05-05
U006752,陈浩然6752,女,22,河南省,许昌,普通,2025-12-12
U006753,吴诗涵6753,男,30,上海市,上海,黑金,2024-10-08
U006754,周子涵6754,女,35,安徽省,安庆,普通,2025-10-25
U006755,吴欣然6755,男,38,浙江省,温州,普通,2023-02-10
U006756,赵诗涵6756,女,26,陕西省,渭南,铂金,2023-06-10
U006757,徐雨桐6757,男,29,湖南省,衡阳,白银,2023-04-16
U006758,陈佳怡6758,女,29,江苏省,常州,普通,2025-07-19
U006759,黄思源6759,男,27,江苏省,苏州,铂金,2024-01-28
U006760,高子涵6760,男,29,上海市,上海,白银,2025-03-16
U006761,高浩然6761,女,34,安徽省,安庆,普通,2023-07-14
U006762,张思源6762,女,16,广东省,东莞,铂金,2023-06-23
U006763,吴浩然6763,女,18,山东省,济南,普通,2023-05-09
U006764,杨欣然6764,男,32,湖北省,武汉,白银,2026-04-08
U006765,黄嘉诚6765,女,34,上海市,上海,铂金,2023-06-10
U006766,胡浩然6766,男,40,河南省,郑州,普通,2025-03-28
U006767,徐梓萱6767,女,30,北京市,北京,普通,2025-05-25
U006768,孙佳怡6768,女,31,重庆市,重庆,黄金,2025-06-08
U006769,黄雨桐6769,男,39,湖南省,常德,白银,2024-10-03
U006770,胡俊杰6770,女,41,福建省,漳州,普通,2025-04-17
U006771,胡欣然6771,男,16,浙江省,嘉兴,黄金,2025-08-06
U006772,王欣然6772,男,30,陕西省,宝鸡,黄金,2024-04-28
U006773,杨子涵6773,男,22,江苏省,苏州,白银,2023-12-23
U006774,吴诗涵6774,男,27,上海市,上海,普通,2023-09-04
U006775,孙欣然6775,女,30,福建省,福州,普通,2025-04-02
U006776,朱明轩6776,女,25,江苏省,无锡,普通,2023-09-28
U006777,张浩然6777,男,43,福建省,漳州,普通,2023-09-20
U006778,赵嘉诚6778,男,22,湖南省,长沙,普通,2025-10-25
U006779,李欣然6779,男,31,重庆市,重庆,白银,2024-09-09
U006780,徐欣然6780,女,31,浙江省,宁波,普通,2024-09-05
U006781,王佳怡6781,女,36,安徽省,芜湖,普通,2025-07-02
U006782,胡子涵6782,男,34,北京市,北京,普通,2026-05-09
U006783,高诗涵6783,女,35,江苏省,无锡,普通,2025-12-08
U006784,刘浩然6784,女,37,河南省,南阳,普通,2024-03-08
U006785,陈诗涵6785,女,33,浙江省,温州,普通,2023-02-13
U006786,胡嘉诚6786,女,39,重庆市,重庆,普通,2024-04-04
U006787,胡诗涵6787,女,35,福建省,福州,普通,2025-01-13
U006788,刘雨桐6788,女,31,山东省,济南,普通,2024-01-30
U006789,黄佳怡6789,女,34,重庆市,重庆,普通,2023-08-20
U006790,孙雨桐6790,女,35,江苏省,苏州,普通,2024-06-18
U006791,周一诺6791,男,40,河北省,石家庄,普通,2023-09-10
U006792,吴诗涵6792,女,38,浙江省,宁波,普通,2025-07-31
U006793,朱一诺6793,男,30,河南省,许昌,普通,2024-10-21
U006794,高雨桐6794,女,29,湖南省,衡阳,普通,2026-01-14
U006795,王诗涵6795,女,27,浙江省,杭州,普通,2025-06-14
U006796,王浩然6796,女,21,河北省,唐山,普通,2024-07-27
U006797,陈一诺6797,女,36,北京市,北京,普通,2025-12-28
U006798,徐嘉诚6798,女,30,福建省,福州,普通,2026-03-02
U006799,张欣然6799,男,38,河北省,廊坊,普通,2024-09-28
U006800,陈俊杰6800,女,33,广东省,东莞,黄金,2025-06-20
U006801,胡思源6801,男,16,浙江省,嘉兴,普通,2025-08-13
U006802,周子涵6802,男,35,河南省,新乡,黄金,2024-04-05
U006803,刘一诺6803,女,48,广东省,深圳,白银,2025-04-13
U006804,王诗涵6804,女,30,重庆市,重庆,普通,2024-05-24
U006805,朱梓萱6805,男,24,江苏省,常州,普通,2024-06-29
U006806,高浩然6806,女,35,河北省,石家庄,黄金,2026-04-20
U006807,刘明轩6807,女,33,广东省,广州,铂金,2023-01-13
U006808,刘俊杰6808,男,38,安徽省,阜阳,铂金,2025-04-26
U006809,王欣然6809,男,27,湖南省,衡阳,普通,2025-03-16
U006810,孙嘉诚6810,女,27,江苏省,常州,白银,2024-09-04
U006811,赵佳怡6811,男,21,四川省,宜宾,普通,2023-08-08
U006812,朱嘉诚6812,女,29,福建省,泉州,白银,2024-08-28
U006813,杨佳怡6813,男,44,江苏省,无锡,普通,2026-03-04
U006814,陈俊杰6814,男,22,江苏省,南京,白银,2025-09-10
U006815,王俊杰6815,女,25,江苏省,南京,普通,2024-12-21
U006816,孙梓萱6816,男,30,浙江省,杭州,普通,2023-05-11
U006817,徐梓萱6817,男,23,上海市,上海,黄金,2024-09-14
U006818,周雨桐6818,男,36,福建省,厦门,普通,2024-01-22
U006819,吴梓萱6819,女,32,河北省,廊坊,黄金,2025-09-27
U006820,朱诗涵6820,女,44,湖北省,襄阳,普通,2026-01-17
U006821,王俊杰6821,男,37,湖北省,黄冈,白银,2023-03-19
U006822,刘诗涵6822,女,40,广东省,深圳,普通,2025-04-23
U006823,刘嘉诚6823,女,49,湖北省,黄冈,普通,2023-04-29
U006824,孙嘉诚6824,女,42,陕西省,渭南,白银,2026-03-07
U006825,王佳怡6825,女,41,四川省,宜宾,普通,2025-01-22
U006826,王子涵6826,女,35,安徽省,安庆,铂金,2023-10-22
U006827,徐俊杰6827,男,29,四川省,绵阳,普通,2024-01-13
U006828,高欣然6828,男,37,湖南省,长沙,普通,2025-06-01
U006829,黄子涵6829,女,30,山东省,济南,普通,2024-10-30
U006830,孙梓萱6830,男,43,江苏省,苏州,普通,2025-07-25
U006831,杨梓萱6831,男,49,广东省,佛山,黑金,2024-05-23
U006832,吴俊杰6832,女,28,广东省,佛山,普通,2024-01-28
U006833,胡俊杰6833,女,41,浙江省,绍兴,黄金,2024-03-03
U006834,赵子涵6834,女,38,山东省,潍坊,白银,2026-02-26
U006835,孙嘉诚6835,男,36,浙江省,温州,铂金,2023-05-22
U006836,黄梓萱6836,男,39,河北省,石家庄,普通,2025-04-14
U006837,张梓萱6837,男,38,北京市,北京,普通,2024-08-13
U006838,刘佳怡6838,男,31,河南省,许昌,黄金,2024-11-12
U006839,张浩然6839,女,33,山东省,济南,黄金,2023-10-13
U006840,赵佳怡6840,男,39,广东省,佛山,普通,2023-06-09
U006841,王子涵6841,男,23,湖北省,武汉,白银,2026-05-30
U006842,李俊杰6842,女,26,河北省,廊坊,白银,2025-01-22
U006843,陈嘉诚6843,男,31,浙江省,杭州,白银,2024-04-14
U006844,孙雨桐6844,男,35,北京市,北京,黄金,2024-10-08
U006845,杨浩然6845,男,39,四川省,绵阳,普通,2026-05-23
U006846,孙梓萱6846,女,27,福建省,厦门,白银,2023-09-10
U006847,徐诗涵6847,女,44,江苏省,苏州,普通,2024-02-26
U006848,徐雨桐6848,女,37,福建省,厦门,普通,2024-08-21
U006849,刘雨桐6849,女,45,四川省,绵阳,普通,2026-01-26
U006850,陈思源6850,女,21,湖北省,襄阳,普通,2023-07-29
U006851,周欣然6851,男,55,广东省,深圳,黄金,2023-10-03
U006852,周俊杰6852,女,17,广东省,广州,普通,2025-06-21
U006853,杨佳怡6853,男,47,湖南省,株洲,黑金,2023-01-05
U006854,张梓萱6854,男,40,广东省,佛山,普通,2023-11-01
U006855,杨梓萱6855,女,42,湖北省,荆州,普通,2026-03-31
U006856,陈欣然6856,男,28,四川省,绵阳,普通,2025-05-25
U006857,李诗涵6857,男,18,湖北省,武汉,普通,2024-11-27
U006858,陈诗涵6858,女,41,广东省,佛山,黄金,2026-02-08
U006859,杨俊杰6859,男,34,浙江省,嘉兴,白银,2025-12-09
U006860,杨思源6860,男,33,广东省,广州,黄金,2023-11-25
U006861,赵一诺6861,女,29,福建省,厦门,白银,2026-06-03
U006862,徐俊杰6862,女,48,北京市,北京,普通,2025-12-21
U006863,徐诗涵6863,男,20,江苏省,常州,普通,2023-05-16
U006864,胡诗涵6864,男,35,上海市,上海,铂金,2025-04-06
U006865,孙梓萱6865,男,27,广东省,深圳,铂金,2024-08-24
U006866,赵思源6866,男,45,河北省,唐山,普通,2023-06-26
U006867,张一诺6867,男,44,重庆市,重庆,普通,2023-12-16
U006868,黄浩然6868,女,32,江苏省,无锡,白银,2023-02-10
U006869,张子涵6869,男,16,山东省,潍坊,铂金,2023-09-25
U006870,吴雨桐6870,男,38,浙江省,杭州,黄金,2025-02-03
U006871,李浩然6871,女,16,北京市,北京,普通,2024-04-28
U006872,黄俊杰6872,男,40,浙江省,宁波,普通,2023-07-02
U006873,高一诺6873,女,30,广东省,佛山,黄金,2024-09-29
U006874,李子涵6874,男,16,福建省,漳州,普通,2023-05-22
U006875,朱欣然6875,女,31,上海市,上海,普通,2026-02-09
U006876,赵嘉诚6876,男,21,河北省,唐山,普通,2026-05-21
U006877,杨一诺6877,女,37,湖南省,常德,白银,2023-04-27
U006878,黄雨桐6878,女,35,北京市,北京,黄金,2023-08-26
U006879,孙子涵6879,男,18,四川省,成都,白银,2024-09-14
U006880,高子涵6880,男,41,河南省,南阳,普通,2024-05-17
U006881,赵思源6881,男,25,广东省,深圳,白银,2024-09-18
U006882,王俊杰6882,男,43,江苏省,常州,普通,2023-11-25
U006883,高雨桐6883,女,29,江苏省,无锡,黄金,2025-10-06
U006884,高思源6884,女,23,湖南省,岳阳,普通,2024-03-03
U006885,陈浩然6885,男,30,湖北省,荆州,白银,2024-04-27
U006886,黄浩然6886,男,44,北京市,北京,白银,2023-09-07
U006887,黄思源6887,女,18,四川省,宜宾,普通,2024-02-27
U006888,刘嘉诚6888,男,45,安徽省,合肥,普通,2025-09-30
U006889,刘俊杰6889,男,29,山东省,潍坊,普通,2024-03-04
U006890,吴俊杰6890,男,40,浙江省,杭州,白银,2026-02-21
U006891,赵子涵6891,男,31,浙江省,绍兴,黄金,2025-07-16
U006892,吴明轩6892,女,38,上海市,上海,普通,2024-11-30
U006893,吴浩然6893,女,31,北京市,北京,普通,2026-04-08
U006894,吴雨桐6894,女,25,浙江省,杭州,黑金,2026-05-29
U006895,吴梓萱6895,女,39,浙江省,杭州,白银,2025-03-22
U006896,刘俊杰6896,男,45,广东省,深圳,普通,2025-05-03
U006897,孙梓萱6897,男,36,四川省,南充,普通,2024-05-09
U006898,周明轩6898,女,41,广东省,佛山,白银,2024-03-14
U006899,王梓萱6899,女,40,广东省,东莞,普通,2025-07-17
U006900,孙俊杰6900,男,31,山东省,青岛,普通,2023-10-31
U006901,刘子涵6901,男,35,河北省,廊坊,普通,2023-03-21
U006902,孙思源6902,女,27,广东省,深圳,铂金,2023-07-23
U006903,孙浩然6903,男,46,山东省,潍坊,白银,2025-02-15
U006904,陈明轩6904,男,23,福建省,漳州,普通,2025-03-18
U006905,高诗涵6905,女,39,北京市,北京,白银,2025-10-07
U006906,黄思源6906,女,27,广东省,深圳,黄金,2024-02-12
U006907,吴欣然6907,男,28,浙江省,温州,白银,2024-07-16
U006908,张俊杰6908,男,40,四川省,成都,普通,2025-02-27
U006909,李梓萱6909,女,30,福建省,福州,白银,2023-03-13
U006910,黄俊杰6910,男,43,浙江省,嘉兴,普通,2025-07-27
U006911,李俊杰6911,女,21,河南省,许昌,普通,2026-01-08
U006912,吴雨桐6912,女,34,湖南省,株洲,白银,2026-01-31
U006913,孙浩然6913,男,28,山东省,潍坊,黄金,2026-03-24
U006914,李雨桐6914,男,40,江苏省,苏州,普通,2026-04-09
U006915,王思源6915,男,30,广东省,深圳,铂金,2024-08-20
U006916,李嘉诚6916,男,29,河北省,唐山,白银,2024-04-27
U006917,张诗涵6917,男,22,安徽省,安庆,黄金,2025-08-21
U006918,李思源6918,男,26,江苏省,苏州,普通,2025-04-14
U006919,胡佳怡6919,女,22,浙江省,绍兴,黄金,2026-03-02
U006920,高欣然6920,女,20,山东省,烟台,普通,2025-11-16
U006921,胡明轩6921,女,41,江苏省,南通,普通,2025-01-13
U006922,徐雨桐6922,女,29,河南省,南阳,白银,2026-05-12
U006923,黄子涵6923,男,40,湖北省,黄冈,黄金,2025-06-27
U006924,张明轩6924,女,41,重庆市,重庆,黄金,2023-08-05
U006925,陈俊杰6925,男,35,安徽省,阜阳,普通,2023-01-30
U006926,吴梓萱6926,女,33,浙江省,温州,普通,2023-09-06
U006927,刘嘉诚6927,男,47,北京市,北京,普通,2023-06-08
U006928,孙诗涵6928,女,43,广东省,深圳,普通,2024-12-27
U006929,胡俊杰6929,男,27,湖北省,荆州,普通,2023-05-24
U006930,周诗涵6930,男,31,上海市,上海,普通,2023-01-18
U006931,朱诗涵6931,女,36,湖南省,长沙,白银,2024-01-22
U006932,徐子涵6932,男,36,安徽省,合肥,白银,2023-05-08
U006933,刘梓萱6933,女,56,北京市,北京,铂金,2024-04-28
U006934,周雨桐6934,男,33,四川省,南充,普通,2024-04-14
U006935,吴诗涵6935,男,34,浙江省,宁波,普通,2026-06-08
U006936,高诗涵6936,男,38,河南省,洛阳,黄金,2023-07-22
U006937,李子涵6937,女,22,浙江省,温州,白银,2023-03-10
U006938,李思源6938,女,27,湖南省,常德,白银,2026-01-02
U006939,周一诺6939,女,25,浙江省,杭州,普通,2025-08-16
U006940,刘俊杰6940,男,21,广东省,广州,白银,2025-03-31
U006941,高诗涵6941,男,16,北京市,北京,普通,2026-01-27
U006942,王雨桐6942,男,30,北京市,北京,普通,2024-09-25
U006943,刘雨桐6943,女,31,河南省,郑州,普通,2024-03-06
U006944,张佳怡6944,女,27,广东省,广州,黄金,2024-04-26
U006945,周佳怡6945,男,38,山东省,潍坊,普通,2023-08-28
U006946,王诗涵6946,女,21,河北省,石家庄,黄金,2024-03-18
U006947,徐浩然6947,女,39,广东省,珠海,白银,2024-12-07
U006948,赵佳怡6948,女,34,河南省,郑州,普通,2024-08-03
U006949,李欣然6949,男,44,上海市,上海,白银,2025-01-17
U006950,吴雨桐6950,男,35,上海市,上海,白银,2023-01-06
U006951,李思源6951,男,36,山东省,潍坊,白银,2024-08-16
U006952,刘欣然6952,女,24,浙江省,绍兴,普通,2023-06-29
U006953,孙一诺6953,男,31,上海市,上海,普通,2023-08-16
U006954,徐浩然6954,男,27,陕西省,咸阳,普通,2026-02-09
U006955,陈思源6955,女,42,广东省,深圳,黄金,2024-06-06
U006956,杨思源6956,男,22,山东省,烟台,普通,2026-02-20
U006957,孙诗涵6957,男,25,北京市,北京,普通,2023-10-05
U006958,胡明轩6958,男,30,山东省,烟台,普通,2024-10-16
U006959,李梓萱6959,男,33,河南省,南阳,普通,2023-06-16
U006960,杨雨桐6960,男,32,山东省,烟台,黄金,2023-10-07
U006961,胡嘉诚6961,男,35,山东省,济南,白银,2025-07-23
U006962,赵欣然6962,男,16,上海市,上海,普通,2026-04-29
U006963,赵浩然6963,女,38,广东省,东莞,普通,2023-09-04
U006964,赵梓萱6964,女,31,江苏省,南京,普通,2026-06-03
U006965,刘嘉诚6965,女,35,河南省,许昌,黄金,2023-09-21
U006966,王浩然6966,女,18,四川省,宜宾,普通,2024-07-21
U006967,陈嘉诚6967,男,32,江苏省,苏州,普通,2026-04-20
U006968,吴诗涵6968,女,42,上海市,上海,普通,2023-10-14
U006969,徐浩然6969,女,33,山东省,济南,黄金,2026-06-12
U006970,高欣然6970,女,16,江苏省,南京,普通,2025-05-25
U006971,王诗涵6971,女,37,浙江省,绍兴,白银,2025-02-11
U006972,高佳怡6972,男,32,湖北省,荆州,普通,2023-04-03
U006973,李浩然6973,男,32,河北省,廊坊,铂金,2025-12-01
U006974,杨一诺6974,男,37,北京市,北京,黑金,2024-05-12
U006975,吴嘉诚6975,男,36,广东省,珠海,普通,2023-07-02
U006976,吴思源6976,女,39,福建省,厦门,普通,2026-04-19
U006977,高欣然6977,男,51,江苏省,南通,白银,2024-05-02
U006978,陈明轩6978,男,19,江苏省,南通,普通,2024-11-26
U006979,黄子涵6979,男,25,广东省,广州,普通,2024-10-24
U006980,高雨桐6980,男,28,四川省,成都,普通,2026-03-19
U006981,刘嘉诚6981,男,22,湖南省,常德,普通,2023-11-17
U006982,刘欣然6982,男,17,湖南省,株洲,白银,2024-11-29
U006983,孙嘉诚6983,女,26,上海市,上海,普通,2025-06-06
U006984,吴佳怡6984,男,26,重庆市,重庆,普通,2023-03-03
U006985,陈浩然6985,男,45,安徽省,芜湖,普通,2023-02-01
U006986,朱思源6986,男,33,上海市,上海,白银,2025-10-08
U006987,陈梓萱6987,女,40,安徽省,安庆,白银,2025-11-28
U006988,李子涵6988,男,44,浙江省,绍兴,普通,2025-05-31
U006989,赵雨桐6989,女,37,浙江省,嘉兴,白银,2024-09-15
U006990,刘一诺6990,男,32,上海市,上海,普通,2024-10-19
U006991,李浩然6991,女,32,重庆市,重庆,普通,2025-10-23
U006992,刘雨桐6992,女,39,上海市,上海,普通,2025-05-13
U006993,张一诺6993,女,27,浙江省,宁波,普通,2023-12-28
U006994,徐俊杰6994,女,23,江苏省,苏州,白银,2025-06-18
U006995,黄思源6995,男,26,陕西省,渭南,黄金,2024-04-20
U006996,李诗涵6996,男,23,河南省,许昌,白银,2024-01-21
U006997,胡嘉诚6997,男,38,福建省,莆田,白银,2024-11-04
U006998,黄梓萱6998,女,45,湖北省,黄冈,白银,2025-09-13
U006999,李嘉诚6999,男,21,湖北省,黄冈,白银,2026-06-21
U007000,周一诺7000,男,26,河南省,新乡,普通,2024-02-25
U007001,高雨桐7001,女,43,福建省,漳州,黄金,2025-08-08
U007002,黄明轩7002,男,35,安徽省,阜阳,普通,2025-11-07
U007003,周一诺7003,女,26,重庆市,重庆,白银,2023-08-14
U007004,胡诗涵7004,女,27,四川省,成都,白银,2023-07-31
U007005,赵诗涵7005,男,38,湖北省,武汉,普通,2025-09-07
U007006,杨子涵7006,女,36,四川省,绵阳,普通,2026-05-31
U007007,陈子涵7007,男,34,江苏省,苏州,铂金,2023-01-18
U007008,赵思源7008,男,39,江苏省,无锡,普通,2024-04-04
U007009,胡诗涵7009,女,28,江苏省,南通,普通,2025-10-05
U007010,杨佳怡7010,男,42,广东省,珠海,普通,2025-11-17
U007011,陈俊杰7011,女,17,河北省,廊坊,普通,2025-03-14
U007012,周俊杰7012,女,28,江苏省,常州,普通,2026-02-15
U007013,李诗涵7013,男,43,上海市,上海,普通,2026-03-26
U007014,周浩然7014,女,26,河南省,新乡,普通,2023-02-09
U007015,周俊杰7015,女,29,广东省,佛山,普通,2025-09-22
U007016,张思源7016,女,35,福建省,厦门,普通,2026-02-11
U007017,赵诗涵7017,女,41,山东省,潍坊,普通,2025-10-21
U007018,赵明轩7018,男,33,江苏省,南京,普通,2025-11-19
U007019,杨嘉诚7019,男,37,江苏省,南京,普通,2024-11-06
U007020,吴诗涵7020,男,26,陕西省,渭南,普通,2024-12-29
U007021,孙子涵7021,女,35,广东省,广州,白银,2023-03-27
U007022,王诗涵7022,男,16,浙江省,温州,普通,2024-06-20
U007023,高佳怡7023,女,23,重庆市,重庆,普通,2024-07-31
U007024,赵思源7024,男,25,湖南省,岳阳,普通,2026-02-25
U007025,赵雨桐7025,男,35,浙江省,宁波,普通,2025-02-17
U007026,杨雨桐7026,女,37,湖北省,宜昌,黄金,2024-02-03
U007027,赵俊杰7027,女,35,浙江省,宁波,铂金,2024-09-14
U007028,张浩然7028,女,35,湖北省,荆州,白银,2025-02-05
U007029,赵子涵7029,男,23,河南省,洛阳,黄金,2026-03-04
U007030,周子涵7030,女,30,河南省,新乡,普通,2026-05-05
U007031,孙浩然7031,男,44,陕西省,西安,铂金,2024-01-26
U007032,李浩然7032,男,51,福建省,泉州,普通,2023-06-15
U007033,刘明轩7033,女,37,浙江省,宁波,白银,2024-10-02
U007034,吴思源7034,男,18,河南省,南阳,普通,2025-05-16
U007035,刘子涵7035,女,32,江苏省,苏州,黄金,2025-01-30
U007036,张明轩7036,男,46,陕西省,咸阳,黄金,2024-05-29
U007037,黄一诺7037,女,47,江苏省,南京,普通,2023-10-12
U007038,陈子涵7038,女,44,山东省,潍坊,铂金,2023-02-20
U007039,徐一诺7039,女,32,江苏省,无锡,黄金,2025-01-05
U007040,刘梓萱7040,男,31,湖南省,常德,白银,2023-07-07
U007041,张诗涵7041,女,47,安徽省,安庆,普通,2023-01-29
U007042,吴子涵7042,男,34,江苏省,南京,白银,2026-06-06
U007043,朱佳怡7043,女,40,广东省,深圳,普通,2024-10-27
U007044,胡佳怡7044,女,35,山东省,青岛,普通,2026-04-29
U007045,胡思源7045,女,31,湖南省,衡阳,普通,2025-04-05
U007046,吴欣然7046,男,19,湖北省,宜昌,普通,2025-05-01
U007047,吴嘉诚7047,女,30,北京市,北京,普通,2025-04-03
U007048,李欣然7048,女,42,广东省,佛山,黄金,2023-10-07
U007049,赵明轩7049,女,23,重庆市,重庆,黄金,2024-10-03
U007050,朱梓萱7050,男,44,河南省,南阳,白银,2024-06-27
U007051,高思源7051,男,29,江苏省,无锡,黄金,2024-12-14
U007052,陈浩然7052,男,40,上海市,上海,普通,2025-10-04
U007053,赵浩然7053,女,22,河北省,保定,白银,2025-09-18
U007054,黄子涵7054,女,22,河南省,南阳,白银,2024-03-14
U007055,赵思源7055,男,29,山东省,潍坊,白银,2024-09-30
U007056,吴嘉诚7056,女,33,四川省,南充,白银,2025-04-01
U007057,高欣然7057,男,26,山东省,济南,普通,2023-11-27
U007058,胡一诺7058,女,47,河南省,南阳,黄金,2025-04-04
U007059,高诗涵7059,女,26,安徽省,芜湖,普通,2026-06-09
U007060,吴思源7060,女,32,湖北省,黄冈,黄金,2023-02-28
U007061,吴诗涵7061,女,39,四川省,宜宾,普通,2024-02-28
U007062,杨一诺7062,女,28,山东省,济南,普通,2023-07-18
U007063,赵雨桐7063,女,33,山东省,潍坊,白银,2024-11-22
U007064,黄思源7064,女,16,山东省,临沂,普通,2024-09-06
U007065,周明轩7065,男,40,山东省,临沂,普通,2024-11-25
U007066,赵诗涵7066,女,28,广东省,东莞,普通,2026-02-28
U007067,周梓萱7067,女,35,广东省,广州,普通,2025-04-20
U007068,孙明轩7068,女,36,重庆市,重庆,黄金,2024-09-03
U007069,周子涵7069,女,23,浙江省,嘉兴,普通,2024-06-22
U007070,刘佳怡7070,男,43,广东省,深圳,普通,2026-01-23
U007071,张欣然7071,男,38,浙江省,杭州,普通,2025-09-03
U007072,黄一诺7072,男,47,陕西省,西安,黄金,2024-04-18
U007073,孙浩然7073,男,30,河南省,许昌,普通,2025-10-23
U007074,刘明轩7074,男,26,山东省,临沂,铂金,2025-11-16
U007075,张一诺7075,女,31,江苏省,南京,黄金,2025-10-24
U007076,周欣然7076,女,31,浙江省,嘉兴,铂金,2025-10-21
U007077,胡浩然7077,男,28,山东省,潍坊,普通,2023-03-16
U007078,黄佳怡7078,男,24,陕西省,咸阳,白银,2023-06-14
U007079,黄梓萱7079,男,30,湖北省,黄冈,黄金,2024-09-02
U007080,杨子涵7080,女,26,浙江省,杭州,普通,2023-07-10
U007081,孙雨桐7081,女,18,重庆市,重庆,黄金,2024-02-11
U007082,张佳怡7082,男,43,江苏省,常州,白银,2026-02-03
U007083,张雨桐7083,男,32,四川省,德阳,黄金,2023-03-24
U007084,周浩然7084,女,26,山东省,烟台,普通,2025-08-03
U007085,周明轩7085,女,22,湖北省,黄冈,普通,2024-11-27
U007086,李佳怡7086,男,29,河南省,洛阳,黄金,2024-09-09
U007087,徐佳怡7087,女,22,山东省,临沂,铂金,2023-10-25
U007088,杨雨桐7088,女,21,湖北省,宜昌,黑金,2023-05-09
U007089,赵明轩7089,男,19,安徽省,安庆,白银,2025-11-21
U007090,徐欣然7090,男,22,河南省,南阳,普通,2024-04-21
U007091,张诗涵7091,女,32,广东省,佛山,普通,2024-03-08
U007092,徐思源7092,男,29,广东省,广州,黄金,2023-12-21
U007093,高诗涵7093,女,37,四川省,绵阳,白银,2024-03-24
U007094,胡子涵7094,男,38,浙江省,杭州,普通,2025-05-30
U007095,杨佳怡7095,女,29,江苏省,常州,白银,2025-01-16
U007096,黄雨桐7096,女,35,广东省,佛山,普通,2025-05-30
U007097,刘梓萱7097,女,22,河南省,洛阳,白银,2024-10-07
U007098,陈雨桐7098,男,34,山东省,潍坊,普通,2025-02-07
U007099,徐佳怡7099,男,35,江苏省,南京,普通,2023-01-08
U007100,高雨桐7100,女,30,上海市,上海,白银,2023-12-04
U007101,刘明轩7101,女,36,四川省,南充,黄金,2026-05-10
U007102,李浩然7102,男,30,浙江省,宁波,白银,2025-01-21
U007103,高思源7103,男,16,广东省,珠海,普通,2024-01-20
U007104,赵明轩7104,女,21,湖北省,荆州,普通,2023-06-15
U007105,胡诗涵7105,男,23,江苏省,常州,普通,2023-12-06
U007106,高梓萱7106,男,51,河南省,许昌,普通,2023-08-31
U007107,周诗涵7107,男,46,江苏省,常州,黄金,2025-09-10
U007108,李明轩7108,女,46,福建省,漳州,铂金,2026-05-24
U007109,孙雨桐7109,男,33,北京市,北京,普通,2025-04-13
U007110,朱梓萱7110,男,37,福建省,莆田,黄金,2024-12-17
U007111,孙一诺7111,男,36,北京市,北京,黄金,2025-05-14
U007112,赵明轩7112,女,20,江苏省,无锡,白银,2024-01-20
U007113,王俊杰7113,男,23,陕西省,渭南,黄金,2025-04-20
U007114,李浩然7114,男,48,陕西省,西安,黑金,2023-04-29
U007115,徐浩然7115,男,25,陕西省,宝鸡,铂金,2025-07-17
U007116,朱明轩7116,女,44,广东省,佛山,黄金,2023-12-21
U007117,刘子涵7117,男,33,山东省,潍坊,白银,2025-01-01
U007118,陈佳怡7118,女,41,广东省,深圳,普通,2024-07-21
U007119,高梓萱7119,女,26,四川省,德阳,普通,2024-10-09
U007120,吴思源7120,女,28,浙江省,温州,普通,2023-01-27
U007121,周一诺7121,女,40,河北省,唐山,白银,2026-03-04
U007122,王诗涵7122,女,20,浙江省,宁波,普通,2023-03-10
U007123,周欣然7123,男,35,四川省,南充,普通,2023-08-09
U007124,孙诗涵7124,女,53,广东省,佛山,白银,2024-01-09
U007125,王俊杰7125,女,33,河北省,保定,普通,2023-05-30
U007126,黄子涵7126,男,31,湖南省,株洲,白银,2025-04-27
U007127,朱明轩7127,女,38,河南省,郑州,普通,2024-09-17
U007128,杨诗涵7128,男,34,重庆市,重庆,普通,2025-06-16
U007129,吴欣然7129,男,28,陕西省,宝鸡,黄金,2025-08-16
U007130,杨一诺7130,男,33,河北省,廊坊,铂金,2023-01-16
U007131,杨俊杰7131,女,16,河南省,新乡,黄金,2024-03-27
U007132,吴梓萱7132,女,34,山东省,烟台,白银,2025-08-04
U007133,朱思源7133,男,46,广东省,珠海,普通,2025-09-06
U007134,王嘉诚7134,男,30,江苏省,苏州,白银,2024-06-02
U007135,周一诺7135,女,19,山东省,潍坊,白银,2023-06-25
U007136,黄一诺7136,男,24,上海市,上海,黄金,2024-09-21
U007137,胡佳怡7137,女,39,浙江省,宁波,普通,2024-10-01
U007138,高一诺7138,男,46,江苏省,苏州,黄金,2025-01-25
U007139,孙明轩7139,女,33,广东省,广州,黄金,2026-02-10
U007140,陈思源7140,男,16,广东省,东莞,普通,2026-01-27
U007141,黄梓萱7141,男,40,湖北省,荆州,普通,2023-01-06
U007142,孙思源7142,女,28,河北省,唐山,铂金,2023-09-05
U007143,胡佳怡7143,男,16,江苏省,常州,普通,2025-02-14
U007144,周俊杰7144,女,30,福建省,莆田,普通,2026-05-28
U007145,朱欣然7145,男,27,河南省,南阳,普通,2023-07-30
U007146,胡佳怡7146,女,30,湖南省,长沙,普通,2025-12-29
U007147,胡诗涵7147,男,25,浙江省,温州,黄金,2025-09-03
U007148,王梓萱7148,女,49,湖北省,襄阳,普通,2025-07-30
U007149,黄梓萱7149,男,23,广东省,东莞,铂金,2023-03-17
U007150,王诗涵7150,女,32,河南省,郑州,白银,2023-07-15
U007151,赵一诺7151,女,23,四川省,成都,白银,2024-12-22
U007152,高佳怡7152,女,26,重庆市,重庆,普通,2025-07-29
U007153,孙俊杰7153,男,30,江苏省,南通,普通,2023-12-10
U007154,高一诺7154,女,30,广东省,广州,普通,2024-05-16
U007155,黄诗涵7155,女,16,河南省,南阳,铂金,2024-02-08
U007156,周嘉诚7156,男,34,陕西省,宝鸡,黄金,2024-12-27
U007157,周俊杰7157,女,35,河北省,唐山,普通,2023-11-15
U007158,刘诗涵7158,男,19,重庆市,重庆,普通,2025-03-31
U007159,赵雨桐7159,男,25,浙江省,杭州,普通,2025-05-28
U007160,李欣然7160,男,21,江苏省,无锡,普通,2025-10-18
U007161,李俊杰7161,女,26,福建省,厦门,黄金,2023-06-08
U007162,杨思源7162,男,27,河南省,郑州,白银,2023-10-06
U007163,刘俊杰7163,女,29,江苏省,南通,普通,2023-10-24
U007164,胡嘉诚7164,男,34,福建省,泉州,普通,2025-10-07
U007165,朱一诺7165,女,31,上海市,上海,普通,2026-01-26
U007166,李梓萱7166,女,41,广东省,深圳,普通,2024-09-23
U007167,刘浩然7167,男,19,浙江省,杭州,普通,2024-10-31
U007168,黄欣然7168,男,23,江苏省,南通,黄金,2023-09-10
U007169,高明轩7169,女,34,江苏省,南通,普通,2023-05-05
U007170,孙俊杰7170,男,16,四川省,绵阳,白银,2025-01-09
U007171,陈欣然7171,女,37,北京市,北京,普通,2025-10-18
U007172,刘一诺7172,女,42,重庆市,重庆,普通,2026-01-28
U007173,朱思源7173,女,42,四川省,南充,普通,2025-01-13
U007174,黄嘉诚7174,男,49,河南省,许昌,白银,2024-06-23
U007175,黄诗涵7175,女,40,山东省,济南,普通,2023-12-07
U007176,李子涵7176,男,22,湖北省,襄阳,白银,2026-05-12
U007177,杨佳怡7177,男,41,河南省,郑州,普通,2024-01-27
U007178,王思源7178,女,27,山东省,烟台,普通,2024-08-18
U007179,胡思源7179,女,23,广东省,东莞,普通,2023-12-31
U007180,赵雨桐7180,女,48,四川省,南充,黄金,2025-12-13
U007181,胡俊杰7181,女,32,广东省,深圳,黄金,2023-06-23
U007182,朱欣然7182,女,22,四川省,成都,普通,2025-11-22
U007183,高子涵7183,女,30,江苏省,常州,白银,2023-06-30
U007184,陈子涵7184,男,36,陕西省,渭南,普通,2024-05-07
U007185,李梓萱7185,女,25,广东省,珠海,白银,2025-06-27
U007186,高浩然7186,男,38,浙江省,绍兴,铂金,2025-02-15
U007187,杨诗涵7187,女,33,山东省,青岛,普通,2025-08-07
U007188,胡嘉诚7188,男,35,福建省,漳州,白银,2023-07-01
U007189,高思源7189,女,30,江苏省,苏州,白银,2023-03-25
U007190,胡子涵7190,女,36,北京市,北京,普通,2026-01-27
U007191,周明轩7191,男,26,河北省,保定,普通,2026-05-12
U007192,高子涵7192,女,28,上海市,上海,普通,2025-06-12
U007193,赵俊杰7193,男,39,广东省,东莞,普通,2023-03-11
U007194,王子涵7194,男,33,广东省,佛山,白银,2025-08-29
U007195,徐佳怡7195,男,29,安徽省,安庆,普通,2023-02-02
U007196,张明轩7196,女,24,河南省,洛阳,普通,2025-08-07
U007197,王思源7197,女,25,江苏省,常州,普通,2023-01-31
U007198,胡俊杰7198,女,28,山东省,临沂,普通,2025-01-13
U007199,张雨桐7199,男,26,广东省,广州,普通,2023-07-22
U007200,徐雨桐7200,男,34,河北省,廊坊,普通,2024-01-11
U007201,陈诗涵7201,女,33,四川省,绵阳,普通,2026-04-05
U007202,朱诗涵7202,女,20,安徽省,安庆,黄金,2024-10-08
U007203,高俊杰7203,男,21,浙江省,温州,普通,2025-04-20
U007204,赵雨桐7204,女,16,河北省,唐山,白银,2023-04-30
U007205,朱俊杰7205,男,21,陕西省,咸阳,黄金,2024-07-16
U007206,吴浩然7206,男,27,上海市,上海,铂金,2023-10-06
U007207,胡子涵7207,女,27,湖南省,长沙,普通,2026-06-01
U007208,陈诗涵7208,男,28,浙江省,温州,黄金,2023-11-15
U007209,李诗涵7209,男,19,北京市,北京,普通,2024-05-02
U007210,朱梓萱7210,男,26,安徽省,芜湖,普通,2024-03-18
U007211,吴子涵7211,男,27,上海市,上海,普通,2025-11-04
U007212,李思源7212,女,24,河南省,新乡,黑金,2024-10-13
U007213,孙欣然7213,女,28,广东省,佛山,普通,2026-06-03
U007214,胡梓萱7214,女,61,四川省,南充,普通,2025-02-06
U007215,高嘉诚7215,女,47,山东省,青岛,普通,2023-07-18
U007216,杨雨桐7216,女,35,浙江省,嘉兴,黄金,2025-05-11
U007217,徐雨桐7217,女,45,江苏省,苏州,普通,2023-03-15
U007218,孙诗涵7218,女,20,湖北省,襄阳,普通,2023-07-22
U007219,胡梓萱7219,女,29,四川省,成都,普通,2025-09-19
U007220,张佳怡7220,男,22,浙江省,嘉兴,白银,2023-09-24
U007221,徐明轩7221,男,46,浙江省,宁波,普通,2024-04-22
U007222,黄嘉诚7222,男,47,安徽省,阜阳,铂金,2025-03-24
U007223,周俊杰7223,女,27,重庆市,重庆,普通,2026-02-18
U007224,孙俊杰7224,男,28,广东省,广州,白银,2025-02-28
U007225,高诗涵7225,男,38,四川省,南充,普通,2025-01-27
U007226,徐浩然7226,男,19,江苏省,苏州,黄金,2026-05-20
U007227,胡子涵7227,男,17,陕西省,渭南,普通,2025-07-01
U007228,高梓萱7228,男,37,河南省,郑州,白银,2025-10-30
U007229,黄雨桐7229,男,28,山东省,潍坊,普通,2023-10-05
U007230,刘欣然7230,女,17,上海市,上海,白银,2023-03-16
U007231,张梓萱7231,女,22,重庆市,重庆,普通,2023-07-18
U007232,吴浩然7232,女,26,广东省,广州,普通,2023-09-23
U007233,王雨桐7233,女,24,广东省,佛山,普通,2023-05-02
U007234,刘雨桐7234,女,16,山东省,济南,普通,2024-08-23
U007235,徐欣然7235,男,32,湖北省,宜昌,普通,2025-01-27
U007236,李浩然7236,女,28,四川省,宜宾,黄金,2023-09-24
U007237,陈一诺7237,男,40,上海市,上海,普通,2025-12-04
U007238,陈一诺7238,男,23,山东省,临沂,普通,2026-06-23
U007239,黄浩然7239,女,24,福建省,泉州,白银,2024-06-01
U007240,吴佳怡7240,女,27,安徽省,合肥,黄金,2024-01-21
U007241,赵欣然7241,女,37,河南省,新乡,普通,2023-12-14
U007242,刘俊杰7242,男,30,河南省,新乡,黄金,2024-02-15
U007243,吴俊杰7243,女,34,山东省,济南,普通,2023-01-26
U007244,高嘉诚7244,男,38,上海市,上海,黑金,2026-02-16
U007245,黄俊杰7245,男,32,山东省,烟台,普通,2025-10-21
U007246,高俊杰7246,女,22,浙江省,杭州,普通,2025-01-25
U007247,杨明轩7247,女,18,上海市,上海,普通,2025-01-26
U007248,胡欣然7248,男,37,浙江省,温州,普通,2025-04-07
U007249,陈诗涵7249,男,30,北京市,北京,普通,2026-05-26
U007250,刘浩然7250,男,17,湖南省,长沙,普通,2025-04-18
U007251,黄诗涵7251,女,36,湖北省,襄阳,黄金,2024-12-27
U007252,徐欣然7252,男,19,湖南省,常德,普通,2023-12-01
U007253,张诗涵7253,女,28,山东省,青岛,白银,2024-07-16
U007254,朱欣然7254,女,16,江苏省,南京,黄金,2025-07-11
U007255,黄诗涵7255,女,28,四川省,绵阳,白银,2026-03-01
U007256,胡梓萱7256,女,35,重庆市,重庆,普通,2023-05-04
U007257,张一诺7257,女,38,四川省,德阳,普通,2023-06-19
U007258,张思源7258,男,42,浙江省,杭州,普通,2024-11-02
U007259,陈诗涵7259,男,30,广东省,珠海,普通,2025-12-27
U007260,杨浩然7260,女,30,河南省,许昌,黄金,2025-06-02
U007261,赵诗涵7261,女,42,广东省,珠海,普通,2024-06-12
U007262,张雨桐7262,男,42,四川省,宜宾,普通,2025-02-04
U007263,李诗涵7263,女,35,安徽省,阜阳,普通,2023-12-30
U007264,朱一诺7264,女,34,福建省,福州,普通,2023-06-10
U007265,高俊杰7265,女,28,河南省,南阳,普通,2024-12-04
U007266,黄明轩7266,男,27,山东省,临沂,黄金,2025-06-27
U007267,朱梓萱7267,男,28,四川省,成都,普通,2024-01-02
U007268,黄浩然7268,女,16,河南省,南阳,普通,2023-06-15
U007269,朱思源7269,女,28,江苏省,南通,普通,2025-02-26
U007270,刘思源7270,男,26,浙江省,绍兴,白银,2023-03-22
U007271,黄子涵7271,女,31,安徽省,芜湖,普通,2023-09-11
U007272,胡子涵7272,男,50,湖南省,衡阳,普通,2024-08-05
U007273,朱雨桐7273,女,28,福建省,厦门,白银,2025-07-20
U007274,高梓萱7274,男,22,广东省,深圳,普通,2025-08-03
U007275,孙欣然7275,男,22,陕西省,西安,普通,2023-01-22
U007276,陈浩然7276,男,39,河南省,南阳,普通,2024-06-30
U007277,周浩然7277,男,30,浙江省,嘉兴,普通,2024-03-21
U007278,徐子涵7278,女,32,陕西省,宝鸡,黄金,2025-03-22
U007279,陈雨桐7279,男,34,四川省,宜宾,普通,2024-05-05
U007280,胡俊杰7280,男,21,山东省,烟台,黄金,2023-04-18
U007281,徐佳怡7281,女,29,安徽省,合肥,普通,2025-11-04
U007282,高嘉诚7282,男,38,江苏省,无锡,铂金,2023-01-07
U007283,徐一诺7283,男,37,江苏省,南京,黄金,2024-12-22
U007284,赵佳怡7284,女,23,浙江省,绍兴,白银,2025-12-15
U007285,孙嘉诚7285,女,30,四川省,绵阳,普通,2026-01-12
U007286,王思源7286,女,26,陕西省,西安,普通,2024-10-06
U007287,李欣然7287,女,25,山东省,烟台,黄金,2023-08-21
U007288,王嘉诚7288,女,25,江苏省,南京,白银,2025-02-10
U007289,赵子涵7289,男,29,广东省,东莞,白银,2023-10-09
U007290,陈雨桐7290,男,37,广东省,佛山,白银,2026-06-02
U007291,吴子涵7291,男,37,河南省,郑州,普通,2023-07-28
U007292,周浩然7292,女,22,陕西省,西安,普通,2024-01-07
U007293,高一诺7293,男,27,山东省,济南,普通,2024-04-21
U007294,李欣然7294,男,37,广东省,东莞,黄金,2023-07-18
U007295,高明轩7295,女,26,上海市,上海,白银,2023-09-19
U007296,赵俊杰7296,男,28,上海市,上海,普通,2024-02-20
U007297,刘一诺7297,女,49,陕西省,咸阳,普通,2026-01-27
U007298,徐明轩7298,男,27,江苏省,苏州,普通,2025-04-01
U007299,胡诗涵7299,男,28,陕西省,西安,白银,2024-12-13
U007300,黄嘉诚7300,男,16,安徽省,安庆,普通,2023-02-06
U007301,赵一诺7301,女,39,湖北省,荆州,普通,2025-12-31
U007302,黄梓萱7302,男,22,福建省,泉州,普通,2026-03-06
U007303,杨欣然7303,男,33,河南省,洛阳,普通,2024-04-19
U007304,吴佳怡7304,女,36,重庆市,重庆,普通,2024-08-01
U007305,杨梓萱7305,男,27,江苏省,苏州,铂金,2024-02-15
U007306,胡俊杰7306,女,32,江苏省,常州,普通,2024-10-31
U007307,朱嘉诚7307,男,21,江苏省,常州,黄金,2026-05-10
U007308,杨嘉诚7308,女,38,江苏省,苏州,普通,2026-03-02
U007309,胡佳怡7309,男,28,浙江省,温州,普通,2024-04-20
U007310,周一诺7310,男,34,河北省,唐山,普通,2025-04-21
U007311,刘子涵7311,男,38,北京市,北京,黑金,2023-06-13
U007312,黄佳怡7312,男,36,河南省,许昌,普通,2025-06-22
U007313,徐梓萱7313,男,33,广东省,佛山,普通,2025-07-15
U007314,吴嘉诚7314,女,16,广东省,东莞,普通,2024-01-17
U007315,周俊杰7315,男,37,广东省,广州,白银,2023-10-12
U007316,王子涵7316,女,44,河北省,廊坊,普通,2026-03-06
U007317,吴俊杰7317,男,23,河南省,许昌,普通,2023-01-26
U007318,赵佳怡7318,男,29,上海市,上海,黄金,2025-03-14
U007319,陈诗涵7319,男,48,江苏省,南通,黄金,2024-02-21
U007320,张俊杰7320,女,42,湖北省,襄阳,白银,2025-04-18
U007321,朱明轩7321,女,21,浙江省,宁波,白银,2025-07-10
U007322,张佳怡7322,男,49,广东省,佛山,普通,2023-03-09
U007323,黄欣然7323,女,30,陕西省,咸阳,普通,2023-05-10
U007324,胡明轩7324,男,40,山东省,临沂,白银,2026-03-29
U007325,周浩然7325,女,16,湖北省,宜昌,铂金,2023-07-10
U007326,周雨桐7326,女,27,广东省,深圳,普通,2024-04-08
U007327,李诗涵7327,女,30,广东省,佛山,铂金,2026-03-03
U007328,李子涵7328,女,49,河南省,洛阳,普通,2025-08-08
U007329,高诗涵7329,男,29,山东省,济南,铂金,2025-12-18
U007330,刘嘉诚7330,女,21,四川省,宜宾,黄金,2025-12-08
U007331,周嘉诚7331,女,35,上海市,上海,普通,2024-05-03
U007332,王欣然7332,男,58,河南省,南阳,普通,2024-02-06
U007333,吴佳怡7333,男,37,江苏省,苏州,铂金,2023-03-23
U007334,朱俊杰7334,男,16,四川省,成都,普通,2023-01-03
U007335,王俊杰7335,女,16,江苏省,南京,普通,2024-03-26
U007336,杨俊杰7336,女,40,湖北省,荆州,普通,2024-04-27
U007337,赵思源7337,女,34,江苏省,南京,白银,2024-03-21
U007338,张思源7338,男,33,山东省,烟台,普通,2025-06-21
U007339,朱俊杰7339,女,44,广东省,珠海,普通,2026-01-07
U007340,杨浩然7340,男,16,江苏省,常州,普通,2023-02-22
U007341,吴子涵7341,男,33,福建省,福州,普通,2023-07-16
U007342,王佳怡7342,女,28,广东省,珠海,黄金,2023-08-26
U007343,吴佳怡7343,女,16,河南省,郑州,普通,2023-02-04
U007344,朱诗涵7344,女,38,山东省,青岛,黄金,2025-07-11
U007345,徐佳怡7345,女,37,河南省,洛阳,黄金,2025-03-05
U007346,陈思源7346,男,31,广东省,佛山,普通,2024-05-16
U007347,李子涵7347,男,22,河南省,郑州,黄金,2024-07-22
U007348,孙嘉诚7348,男,32,北京市,北京,黄金,2025-09-08
U007349,孙明轩7349,男,27,湖北省,襄阳,白银,2024-08-30
U007350,徐俊杰7350,男,27,山东省,潍坊,普通,2026-02-22
U007351,王子涵7351,女,23,湖南省,长沙,白银,2024-05-02
U007352,王佳怡7352,女,33,上海市,上海,普通,2025-11-05
U007353,王梓萱7353,男,28,北京市,北京,普通,2024-01-04
U007354,朱雨桐7354,男,36,河南省,新乡,普通,2024-09-27
U007355,徐嘉诚7355,女,20,浙江省,杭州,白银,2025-06-28
U007356,周雨桐7356,男,32,江苏省,南通,白银,2025-03-11
U007357,吴明轩7357,女,31,湖北省,襄阳,普通,2025-09-21
U007358,胡明轩7358,女,26,广东省,佛山,普通,2023-07-24
U007359,赵梓萱7359,男,61,湖南省,岳阳,普通,2026-01-27
U007360,刘雨桐7360,女,29,江苏省,苏州,普通,2024-02-07
U007361,刘嘉诚7361,男,36,广东省,广州,黄金,2023-06-19
U007362,张思源7362,男,31,湖南省,长沙,铂金,2025-12-05
U007363,徐明轩7363,男,28,北京市,北京,普通,2024-06-06
U007364,朱欣然7364,男,41,上海市,上海,白银,2024-05-03
U007365,朱明轩7365,女,16,广东省,深圳,普通,2025-12-27
U007366,孙佳怡7366,男,23,河南省,许昌,普通,2023-09-19
U007367,张梓萱7367,女,31,河南省,新乡,普通,2026-06-16
U007368,胡明轩7368,女,44,河南省,南阳,普通,2024-11-10
U007369,张诗涵7369,男,29,上海市,上海,白银,2024-07-13
U007370,吴浩然7370,男,29,上海市,上海,普通,2023-12-18
U007371,周思源7371,女,37,广东省,东莞,白银,2023-09-06
U007372,孙俊杰7372,男,30,江苏省,无锡,白银,2026-06-08
U007373,孙嘉诚7373,女,23,重庆市,重庆,普通,2025-09-10
U007374,朱明轩7374,女,18,江苏省,苏州,铂金,2025-03-26
U007375,李雨桐7375,男,40,山东省,潍坊,普通,2024-06-09
U007376,周浩然7376,男,32,浙江省,嘉兴,普通,2023-03-23
U007377,陈佳怡7377,男,44,江苏省,苏州,普通,2023-02-24
U007378,张雨桐7378,男,16,浙江省,温州,普通,2026-05-11
U007379,高雨桐7379,男,32,河南省,许昌,普通,2023-06-09
U007380,赵雨桐7380,女,40,福建省,漳州,黑金,2026-03-01
U007381,黄佳怡7381,男,16,山东省,临沂,普通,2024-03-20
U007382,徐诗涵7382,女,21,陕西省,咸阳,白银,2023-05-24
U007383,王一诺7383,男,36,福建省,漳州,黄金,2025-11-13
U007384,黄佳怡7384,女,18,江苏省,苏州,黄金,2024-08-11
U007385,胡诗涵7385,女,39,浙江省,宁波,白银,2023-05-26
U007386,吴诗涵7386,男,26,湖北省,襄阳,白银,2023-02-26
U007387,高俊杰7387,女,22,北京市,北京,普通,2025-01-11
U007388,张欣然7388,男,24,广东省,东莞,普通,2024-04-03
U007389,张浩然7389,男,40,广东省,东莞,铂金,2025-08-04
U007390,黄一诺7390,女,32,福建省,厦门,普通,2024-01-10
U007391,高雨桐7391,男,51,浙江省,嘉兴,白银,2024-08-10
U007392,徐雨桐7392,女,24,江苏省,无锡,普通,2023-10-06
U007393,赵梓萱7393,男,16,山东省,潍坊,普通,2023-11-16
U007394,周嘉诚7394,男,41,广东省,珠海,白银,2025-10-08
U007395,徐梓萱7395,男,25,湖南省,岳阳,黄金,2025-02-11
U007396,徐明轩7396,男,30,山东省,潍坊,白银,2023-04-03
U007397,孙欣然7397,男,36,重庆市,重庆,白银,2026-01-25
U007398,孙诗涵7398,女,27,四川省,成都,白银,2023-01-03
U007399,赵梓萱7399,女,27,广东省,广州,铂金,2023-04-05
U007400,杨一诺7400,女,39,山东省,烟台,白银,2024-08-20
U007401,徐子涵7401,女,28,四川省,宜宾,白银,2026-05-15
U007402,朱俊杰7402,男,32,江苏省,常州,普通,2026-04-12
U007403,周子涵7403,男,31,山东省,临沂,普通,2025-03-17
U007404,吴诗涵7404,女,43,北京市,北京,普通,2023-09-03
U007405,徐俊杰7405,女,44,广东省,珠海,黄金,2026-06-14
U007406,胡雨桐7406,男,16,浙江省,绍兴,普通,2025-11-22
U007407,赵诗涵7407,男,41,广东省,深圳,普通,2025-09-02
U007408,赵明轩7408,男,39,四川省,宜宾,普通,2025-03-27
U007409,徐欣然7409,女,25,安徽省,芜湖,普通,2026-05-30
U007410,王思源7410,女,26,安徽省,芜湖,黄金,2026-06-13
U007411,周子涵7411,女,16,上海市,上海,白银,2024-04-17
U007412,徐诗涵7412,男,22,四川省,德阳,普通,2025-06-03
U007413,刘浩然7413,女,33,河南省,洛阳,白银,2025-08-21
U007414,高明轩7414,男,39,广东省,广州,普通,2025-08-31
U007415,杨雨桐7415,男,36,广东省,珠海,普通,2025-06-25
U007416,孙思源7416,女,20,山东省,潍坊,白银,2024-01-14
U007417,杨佳怡7417,男,33,陕西省,咸阳,黄金,2024-04-11
U007418,赵欣然7418,女,18,陕西省,宝鸡,普通,2025-07-12
U007419,周一诺7419,女,28,广东省,佛山,白银,2025-03-06
U007420,胡思源7420,女,41,山东省,青岛,普通,2025-06-08
U007421,王浩然7421,男,25,江苏省,南通,普通,2025-11-29
U007422,朱欣然7422,男,22,安徽省,阜阳,白银,2024-12-23
U007423,朱一诺7423,女,31,湖北省,宜昌,白银,2024-10-02
U007424,高一诺7424,女,16,浙江省,温州,普通,2023-06-27
U007425,张梓萱7425,女,24,江苏省,苏州,普通,2024-06-12
U007426,孙明轩7426,男,35,湖南省,岳阳,普通,2025-03-13
U007427,周俊杰7427,男,38,山东省,潍坊,铂金,2023-07-21
U007428,胡梓萱7428,女,35,江苏省,无锡,普通,2026-04-20
U007429,李佳怡7429,男,38,湖北省,荆州,白银,2023-04-26
U007430,张思源7430,女,40,广东省,珠海,普通,2024-09-09
U007431,陈梓萱7431,男,32,四川省,成都,普通,2023-02-11
U007432,胡梓萱7432,男,27,广东省,深圳,白银,2024-02-23
U007433,陈雨桐7433,男,34,浙江省,宁波,黄金,2024-08-23
U007434,赵嘉诚7434,男,31,山东省,烟台,普通,2025-01-10
U007435,赵梓萱7435,女,39,山东省,青岛,普通,2025-09-27
U007436,黄佳怡7436,女,37,山东省,济南,普通,2024-08-05
U007437,李梓萱7437,男,37,福建省,漳州,铂金,2023-08-28
U007438,孙思源7438,男,27,河南省,南阳,白银,2025-12-26
U007439,徐嘉诚7439,男,27,福建省,莆田,普通,2023-11-11
U007440,黄一诺7440,女,35,重庆市,重庆,普通,2026-04-01
U007441,徐子涵7441,女,45,江苏省,苏州,普通,2023-03-21
U007442,陈诗涵7442,女,48,浙江省,绍兴,普通,2024-07-27
U007443,孙嘉诚7443,女,33,河南省,南阳,铂金,2024-07-21
U007444,刘子涵7444,男,39,山东省,济南,铂金,2025-06-10
U007445,陈明轩7445,男,25,山东省,济南,普通,2023-04-28
U007446,周雨桐7446,女,22,河南省,郑州,普通,2024-09-18
U007447,朱雨桐7447,男,26,湖北省,襄阳,普通,2024-05-07
U007448,孙浩然7448,女,17,河北省,石家庄,白银,2023-11-07
U007449,朱思源7449,女,33,湖南省,株洲,普通,2026-05-11
U007450,高思源7450,男,16,河北省,保定,普通,2025-06-09
U007451,刘思源7451,男,31,北京市,北京,普通,2025-08-22
U007452,吴思源7452,男,36,广东省,深圳,普通,2023-09-10
U007453,周欣然7453,男,38,安徽省,芜湖,普通,2025-12-24
U007454,王嘉诚7454,女,37,江苏省,无锡,普通,2025-11-14
U007455,陈诗涵7455,女,33,江苏省,南京,普通,2023-05-22
U007456,王思源7456,男,35,重庆市,重庆,白银,2026-03-09
U007457,孙嘉诚7457,女,38,湖北省,襄阳,普通,2023-05-22
U007458,高俊杰7458,女,36,广东省,佛山,黄金,2024-07-12
U007459,刘嘉诚7459,男,33,浙江省,绍兴,黄金,2023-08-29
U007460,周子涵7460,男,32,山东省,潍坊,普通,2023-01-22
U007461,徐佳怡7461,女,49,广东省,广州,普通,2024-11-13
U007462,陈一诺7462,男,28,安徽省,安庆,普通,2026-02-27
U007463,李一诺7463,女,30,河南省,新乡,白银,2025-10-12
U007464,孙浩然7464,女,34,广东省,深圳,白银,2024-06-28
U007465,周欣然7465,女,28,上海市,上海,普通,2024-09-13
U007466,赵梓萱7466,男,31,江苏省,南京,普通,2023-12-15
U007467,李浩然7467,男,29,安徽省,阜阳,普通,2024-07-26
U007468,徐佳怡7468,男,29,陕西省,咸阳,普通,2024-04-23
U007469,李浩然7469,男,28,江苏省,常州,黄金,2024-05-25
U007470,王一诺7470,男,32,江苏省,常州,普通,2023-05-14
U007471,朱一诺7471,男,36,山东省,青岛,白银,2024-01-29
U007472,杨一诺7472,女,21,浙江省,嘉兴,黄金,2023-04-15
U007473,李嘉诚7473,女,24,浙江省,杭州,普通,2024-12-18
U007474,杨明轩7474,女,22,湖北省,襄阳,普通,2024-10-13
U007475,刘明轩7475,男,16,河南省,南阳,普通,2026-03-12
U007476,朱雨桐7476,女,37,上海市,上海,普通,2026-06-09
U007477,高明轩7477,女,26,重庆市,重庆,白银,2025-11-27
U007478,赵嘉诚7478,男,32,浙江省,温州,黑金,2025-06-29
U007479,高雨桐7479,男,29,广东省,珠海,普通,2024-01-19
U007480,陈欣然7480,男,39,江苏省,苏州,白银,2026-06-14
U007481,陈梓萱7481,女,46,四川省,南充,普通,2024-01-10
U007482,朱子涵7482,女,34,江苏省,南通,普通,2023-04-14
U007483,杨嘉诚7483,男,28,福建省,福州,普通,2025-06-24
U007484,陈思源7484,女,50,湖北省,武汉,白银,2023-01-30
U007485,张一诺7485,女,35,湖北省,黄冈,黄金,2025-10-04
U007486,黄俊杰7486,男,23,四川省,南充,普通,2026-02-10
U007487,朱一诺7487,女,33,四川省,成都,普通,2023-07-01
U007488,胡梓萱7488,男,28,广东省,东莞,普通,2025-04-19
U007489,陈明轩7489,男,25,广东省,东莞,白银,2025-12-20
U007490,徐浩然7490,女,28,四川省,宜宾,黄金,2026-03-03
U007491,孙一诺7491,男,32,重庆市,重庆,普通,2023-03-10
U007492,吴一诺7492,男,34,安徽省,芜湖,普通,2025-06-14
U007493,高梓萱7493,女,27,福建省,福州,普通,2026-04-03
U007494,高俊杰7494,女,29,四川省,成都,普通,2023-03-11
U007495,高明轩7495,男,25,广东省,广州,白银,2023-05-03
U007496,王诗涵7496,女,24,江苏省,南通,普通,2025-03-10
U007497,赵诗涵7497,女,19,湖北省,襄阳,普通,2025-05-08
U007498,李雨桐7498,女,23,广东省,广州,白银,2023-03-21
U007499,李思源7499,女,29,湖南省,长沙,黄金,2024-03-06
U007500,徐思源7500,女,37,河南省,郑州,普通,2024-04-12
U007501,吴子涵7501,男,34,浙江省,嘉兴,黄金,2026-05-22
U007502,刘诗涵7502,女,30,江苏省,南京,白银,2026-04-18
U007503,张诗涵7503,男,32,山东省,潍坊,普通,2024-01-15
U007504,周雨桐7504,男,31,河南省,郑州,黄金,2024-10-31
U007505,刘子涵7505,男,41,河北省,唐山,白银,2023-09-30
U007506,赵子涵7506,男,29,北京市,北京,普通,2024-02-13
U007507,赵明轩7507,男,38,浙江省,温州,普通,2023-09-20
U007508,刘俊杰7508,女,44,广东省,珠海,黄金,2023-10-03
U007509,杨一诺7509,男,23,山东省,临沂,铂金,2026-04-17
U007510,杨思源7510,女,27,湖南省,株洲,铂金,2026-01-10
U007511,杨浩然7511,男,29,湖北省,宜昌,白银,2025-12-12
U007512,黄一诺7512,男,30,安徽省,芜湖,普通,2025-04-22
U007513,吴雨桐7513,男,38,江苏省,南京,白银,2026-02-13
U007514,张诗涵7514,女,54,河北省,廊坊,普通,2024-04-18
U007515,赵子涵7515,男,47,北京市,北京,普通,2025-11-15
U007516,王一诺7516,女,37,河北省,保定,白银,2025-10-03
U007517,吴思源7517,女,39,浙江省,宁波,普通,2024-09-07
U007518,王子涵7518,女,23,陕西省,宝鸡,普通,2025-04-18
U007519,孙一诺7519,男,32,湖北省,黄冈,普通,2023-05-17
U007520,朱雨桐7520,女,42,重庆市,重庆,普通,2025-01-10
U007521,杨欣然7521,男,16,北京市,北京,普通,2023-12-17
U007522,陈梓萱7522,男,25,湖北省,荆州,普通,2025-09-19
U007523,杨佳怡7523,女,38,山东省,潍坊,白银,2023-05-21
U007524,黄子涵7524,男,24,山东省,烟台,普通,2023-04-18
U007525,杨思源7525,男,26,陕西省,咸阳,黄金,2025-12-26
U007526,张雨桐7526,女,25,河南省,郑州,黄金,2023-07-24
U007527,徐明轩7527,男,21,湖北省,襄阳,黄金,2023-05-25
U007528,陈欣然7528,男,28,广东省,广州,普通,2025-12-28
U007529,陈佳怡7529,男,31,安徽省,安庆,普通,2023-04-16
U007530,胡思源7530,女,29,湖南省,岳阳,普通,2025-05-24
U007531,徐俊杰7531,女,26,浙江省,宁波,普通,2023-04-23
U007532,李欣然7532,女,40,河南省,南阳,普通,2024-02-21
U007533,高浩然7533,女,29,江苏省,苏州,普通,2025-10-23
U007534,陈明轩7534,女,30,陕西省,渭南,普通,2025-03-24
U007535,杨子涵7535,男,43,河北省,唐山,普通,2025-01-09
U007536,王欣然7536,男,36,四川省,宜宾,普通,2025-08-31
U007537,高思源7537,男,32,福建省,厦门,普通,2026-05-29
U007538,杨雨桐7538,女,36,重庆市,重庆,普通,2025-08-25
U007539,赵浩然7539,男,26,湖北省,宜昌,普通,2026-03-17
U007540,李一诺7540,男,26,湖南省,株洲,普通,2023-02-05
U007541,王诗涵7541,女,44,上海市,上海,普通,2024-06-11
U007542,吴欣然7542,男,33,河南省,许昌,白银,2026-02-02
U007543,朱浩然7543,男,41,广东省,珠海,黄金,2025-01-05
U007544,孙欣然7544,男,37,河南省,洛阳,黄金,2024-09-13
U007545,吴子涵7545,女,25,福建省,厦门,普通,2026-02-09
U007546,徐诗涵7546,女,23,广东省,广州,黄金,2025-07-23
U007547,李诗涵7547,男,36,湖南省,常德,普通,2024-11-19
U007548,高梓萱7548,女,34,广东省,广州,普通,2024-09-04
U007549,赵俊杰7549,女,37,上海市,上海,普通,2024-06-08
U007550,陈浩然7550,女,24,湖北省,黄冈,铂金,2025-12-29
U007551,刘佳怡7551,男,35,北京市,北京,黄金,2024-02-09
U007552,高梓萱7552,女,23,河南省,许昌,白银,2025-07-26
U007553,胡欣然7553,男,35,湖北省,襄阳,黑金,2024-11-16
U007554,张佳怡7554,女,40,山东省,青岛,普通,2024-08-30
U007555,胡俊杰7555,女,26,广东省,广州,普通,2023-05-19
U007556,王嘉诚7556,女,26,江苏省,南通,普通,2024-09-23
U007557,徐浩然7557,男,22,北京市,北京,普通,2024-03-04
U007558,赵俊杰7558,女,35,上海市,上海,普通,2025-07-25
U007559,张雨桐7559,女,42,江苏省,苏州,普通,2024-04-23
U007560,徐浩然7560,男,29,四川省,绵阳,铂金,2023-08-06
U007561,王梓萱7561,男,37,广东省,珠海,白银,2023-02-13
U007562,张子涵7562,男,26,安徽省,安庆,普通,2025-04-04
U007563,刘雨桐7563,男,25,河南省,洛阳,白银,2024-05-22
U007564,黄浩然7564,男,39,福建省,厦门,白银,2024-06-07
U007565,吴欣然7565,女,49,上海市,上海,普通,2023-09-04
U007566,吴俊杰7566,男,37,河北省,唐山,普通,2024-09-22
U007567,徐子涵7567,女,30,北京市,北京,普通,2025-06-08
U007568,赵诗涵7568,女,24,广东省,深圳,普通,2025-12-04
U007569,赵俊杰7569,女,16,重庆市,重庆,普通,2025-07-14
U007570,高梓萱7570,女,32,四川省,成都,黄金,2023-10-29
U007571,杨嘉诚7571,男,43,广东省,东莞,普通,2023-08-26
U007572,黄梓萱7572,女,24,广东省,佛山,普通,2025-03-19
U007573,胡思源7573,男,17,四川省,宜宾,普通,2026-04-10
U007574,张子涵7574,男,21,山东省,烟台,普通,2026-03-12
U007575,赵子涵7575,女,39,江苏省,南通,白银,2026-02-19
U007576,黄思源7576,男,24,四川省,南充,白银,2024-01-27
U007577,高子涵7577,女,26,北京市,北京,白银,2025-11-25
U007578,李雨桐7578,女,28,江苏省,常州,白银,2024-10-03
U007579,刘浩然7579,女,23,陕西省,西安,白银,2023-04-30
U007580,李诗涵7580,女,29,江苏省,常州,黄金,2025-05-06
U007581,赵欣然7581,男,48,湖北省,襄阳,黄金,2023-06-15
U007582,高明轩7582,女,29,江苏省,南京,黑金,2025-06-21
U007583,朱子涵7583,男,29,山东省,潍坊,普通,2025-01-22
U007584,王明轩7584,男,22,福建省,莆田,铂金,2023-07-17
U007585,张子涵7585,女,34,广东省,深圳,普通,2023-12-28
U007586,孙嘉诚7586,女,22,浙江省,绍兴,白银,2025-12-14
U007587,孙一诺7587,女,16,山东省,烟台,普通,2025-03-10
U007588,孙梓萱7588,男,30,河北省,廊坊,普通,2024-05-12
U007589,吴梓萱7589,男,29,广东省,东莞,白银,2025-04-07
U007590,刘雨桐7590,女,37,浙江省,温州,白银,2024-03-03
U007591,陈思源7591,男,35,广东省,东莞,普通,2023-11-08
U007592,李浩然7592,女,36,江苏省,南京,普通,2025-10-13
U007593,刘浩然7593,男,30,安徽省,安庆,普通,2023-08-02
U007594,陈嘉诚7594,男,29,河北省,保定,白银,2026-02-08
U007595,王子涵7595,女,22,江苏省,常州,白银,2023-03-15
U007596,孙浩然7596,女,21,湖南省,株洲,普通,2025-05-16
U007597,朱子涵7597,女,35,湖南省,株洲,普通,2024-06-05
U007598,吴欣然7598,男,27,湖南省,长沙,普通,2024-11-22
U007599,刘佳怡7599,男,37,北京市,北京,普通,2026-04-14
U007600,吴明轩7600,女,36,江苏省,无锡,黄金,2026-06-17
U007601,赵佳怡7601,女,20,广东省,珠海,黄金,2023-08-17
U007602,徐明轩7602,女,49,北京市,北京,普通,2024-02-24
U007603,刘一诺7603,男,40,河北省,石家庄,黄金,2025-02-26
U007604,吴子涵7604,女,30,浙江省,嘉兴,黄金,2023-01-21
U007605,黄俊杰7605,男,29,福建省,泉州,普通,2025-09-27
U007606,高欣然7606,女,16,广东省,东莞,普通,2024-07-03
U007607,赵诗涵7607,女,26,湖北省,宜昌,普通,2026-02-28
U007608,杨雨桐7608,男,32,河南省,南阳,黄金,2023-08-26
U007609,徐雨桐7609,女,23,湖南省,衡阳,普通,2024-10-28
U007610,高子涵7610,男,45,河南省,许昌,普通,2024-01-21
U007611,赵一诺7611,女,32,浙江省,绍兴,普通,2026-03-20
U007612,朱佳怡7612,男,29,浙江省,温州,普通,2023-09-22
U007613,高思源7613,女,41,陕西省,宝鸡,普通,2025-03-29
U007614,王雨桐7614,女,48,北京市,北京,普通,2025-03-28
U007615,赵雨桐7615,女,16,浙江省,宁波,白银,2025-06-02
U007616,高思源7616,男,25,浙江省,宁波,白银,2023-06-07
U007617,陈明轩7617,女,27,北京市,北京,黑金,2025-07-10
U007618,周嘉诚7618,男,36,浙江省,绍兴,普通,2026-05-28
U007619,陈俊杰7619,男,28,上海市,上海,普通,2025-01-25
U007620,吴浩然7620,女,46,广东省,广州,普通,2024-02-24
U007621,徐佳怡7621,男,29,湖南省,岳阳,黄金,2025-10-17
U007622,高梓萱7622,男,25,重庆市,重庆,白银,2023-09-30
U007623,张诗涵7623,男,39,江苏省,南京,铂金,2023-03-29
U007624,王浩然7624,女,28,四川省,宜宾,普通,2025-04-07
U007625,朱梓萱7625,女,34,四川省,南充,白银,2024-01-08
U007626,刘欣然7626,男,32,安徽省,芜湖,普通,2023-09-29
U007627,王雨桐7627,女,38,浙江省,杭州,普通,2024-04-27
U007628,王浩然7628,女,37,重庆市,重庆,普通,2026-03-15
U007629,朱思源7629,男,29,北京市,北京,白银,2024-05-12
U007630,胡佳怡7630,女,37,江苏省,南通,白银,2023-07-21
U007631,胡一诺7631,男,48,广东省,深圳,黄金,2023-09-01
U007632,胡欣然7632,女,18,江苏省,常州,普通,2024-11-23
U007633,刘雨桐7633,男,39,广东省,东莞,普通,2023-06-04
U007634,李明轩7634,女,34,广东省,广州,白银,2024-06-18
U007635,胡思源7635,男,24,广东省,广州,铂金,2023-11-04
U007636,周明轩7636,女,44,四川省,南充,普通,2024-07-29
U007637,周梓萱7637,女,53,上海市,上海,普通,2024-02-24
U007638,张子涵7638,女,30,山东省,临沂,铂金,2025-07-19
U007639,周思源7639,女,38,上海市,上海,白银,2025-08-26
U007640,高梓萱7640,男,33,四川省,宜宾,普通,2026-04-06
U007641,杨思源7641,男,38,安徽省,阜阳,普通,2024-10-08
U007642,赵佳怡7642,男,21,江苏省,南通,普通,2024-09-18
U007643,黄浩然7643,男,36,安徽省,安庆,普通,2025-11-02
U007644,黄子涵7644,男,19,江苏省,苏州,铂金,2025-09-27
U007645,王雨桐7645,男,24,上海市,上海,普通,2023-12-24
U007646,黄佳怡7646,女,29,江苏省,无锡,普通,2023-08-24
U007647,张子涵7647,男,29,浙江省,嘉兴,黄金,2025-06-21
U007648,高佳怡7648,女,24,湖北省,武汉,白银,2025-03-15
U007649,张雨桐7649,男,16,江苏省,苏州,白银,2023-03-15
U007650,高浩然7650,男,17,山东省,临沂,普通,2024-02-04
U007651,孙浩然7651,男,31,北京市,北京,普通,2025-08-17
U007652,王梓萱7652,女,22,湖北省,武汉,铂金,2026-03-02
U007653,杨明轩7653,女,36,江苏省,常州,白银,2025-12-19
U007654,杨明轩7654,男,33,福建省,泉州,普通,2025-02-18
U007655,赵一诺7655,女,30,四川省,南充,普通,2025-12-01
U007656,张俊杰7656,女,42,福建省,厦门,黄金,2024-09-09
U007657,朱佳怡7657,女,34,广东省,深圳,普通,2025-09-26
U007658,高嘉诚7658,男,30,江苏省,无锡,普通,2026-05-31
U007659,刘明轩7659,女,40,上海市,上海,白银,2025-06-13
U007660,孙浩然7660,女,30,浙江省,嘉兴,普通,2024-07-18
U007661,王诗涵7661,女,31,广东省,佛山,黄金,2026-04-23
U007662,吴雨桐7662,男,44,广东省,深圳,黄金,2023-02-08
U007663,徐明轩7663,女,43,浙江省,杭州,黄金,2025-04-21
U007664,朱欣然7664,女,37,北京市,北京,普通,2024-08-12
U007665,周嘉诚7665,男,24,广东省,广州,白银,2025-06-21
U007666,胡俊杰7666,女,39,湖南省,长沙,白银,2024-12-11
U007667,朱子涵7667,男,29,河南省,许昌,普通,2023-06-27
U007668,李诗涵7668,男,31,福建省,莆田,普通,2023-08-10
U007669,张嘉诚7669,女,24,河北省,唐山,黄金,2023-06-03
U007670,胡雨桐7670,女,29,河南省,洛阳,白银,2024-07-24
U007671,吴思源7671,男,22,河南省,许昌,普通,2025-06-21
U007672,杨一诺7672,女,21,江苏省,苏州,白银,2024-09-25
U007673,杨明轩7673,男,34,四川省,南充,普通,2024-09-20
U007674,胡明轩7674,男,25,福建省,漳州,普通,2024-07-15
U007675,王子涵7675,男,41,河南省,新乡,普通,2025-12-25
U007676,杨俊杰7676,女,33,广东省,东莞,普通,2026-01-26
U007677,张梓萱7677,女,23,河南省,洛阳,普通,2026-04-09
U007678,徐雨桐7678,女,32,湖北省,荆州,普通,2024-11-08
U007679,朱子涵7679,男,25,河南省,南阳,普通,2024-01-06
U007680,陈思源7680,女,16,安徽省,合肥,白银,2023-10-16
U007681,杨子涵7681,女,44,重庆市,重庆,普通,2026-01-08
U007682,赵雨桐7682,男,38,湖南省,常德,普通,2023-12-02
U007683,杨雨桐7683,女,25,河南省,许昌,白银,2025-07-08
U007684,周浩然7684,男,48,河北省,廊坊,铂金,2025-11-13
U007685,黄一诺7685,男,37,北京市,北京,普通,2023-08-28
U007686,徐一诺7686,男,28,重庆市,重庆,普通,2024-09-03
U007687,孙诗涵7687,女,16,广东省,珠海,普通,2023-09-12
U007688,徐诗涵7688,女,38,北京市,北京,普通,2026-01-04
U007689,徐浩然7689,男,37,广东省,东莞,白银,2026-04-27
U007690,吴明轩7690,男,16,广东省,东莞,普通,2024-12-11
U007691,周浩然7691,男,39,福建省,厦门,黄金,2024-07-18
U007692,朱嘉诚7692,女,30,江苏省,无锡,普通,2023-04-28
U007693,吴一诺7693,男,35,四川省,绵阳,白银,2025-09-08
U007694,张诗涵7694,女,35,广东省,东莞,黄金,2025-10-29
U007695,陈欣然7695,女,37,河南省,郑州,白银,2026-03-10
U007696,吴欣然7696,女,28,山东省,潍坊,普通,2026-01-11
U007697,杨子涵7697,女,29,上海市,上海,黄金,2023-12-11
U007698,朱思源7698,女,39,陕西省,渭南,普通,2025-05-20
U007699,朱佳怡7699,女,23,湖南省,株洲,普通,2025-02-18
U007700,朱浩然7700,女,16,广东省,深圳,普通,2026-02-23
U007701,张欣然7701,女,33,江苏省,常州,普通,2023-08-21
U007702,朱一诺7702,女,31,上海市,上海,普通,2023-04-22
U007703,刘梓萱7703,女,43,山东省,烟台,黄金,2025-05-31
U007704,赵佳怡7704,女,31,重庆市,重庆,普通,2025-03-12
U007705,孙诗涵7705,男,36,上海市,上海,普通,2023-01-24
U007706,陈雨桐7706,男,19,江苏省,常州,铂金,2026-02-07
U007707,黄浩然7707,男,25,四川省,宜宾,普通,2023-12-04
U007708,陈欣然7708,男,26,北京市,北京,铂金,2025-05-12
U007709,杨俊杰7709,女,29,河南省,新乡,普通,2024-11-10
U007710,张梓萱7710,女,35,广东省,佛山,普通,2026-03-18
U007711,周思源7711,男,24,浙江省,宁波,普通,2025-06-22
U007712,黄欣然7712,男,25,江苏省,苏州,普通,2023-03-14
U007713,徐佳怡7713,男,26,重庆市,重庆,普通,2025-06-27
U007714,胡梓萱7714,女,31,北京市,北京,普通,2023-12-15
U007715,徐明轩7715,男,26,上海市,上海,黄金,2026-03-04
U007716,胡雨桐7716,男,25,山东省,青岛,普通,2023-12-15
U007717,陈欣然7717,男,30,安徽省,阜阳,黄金,2026-02-06
U007718,高诗涵7718,女,42,北京市,北京,普通,2023-02-19
U007719,王思源7719,女,21,重庆市,重庆,普通,2026-06-18
U007720,高诗涵7720,男,39,山东省,青岛,白银,2025-07-16
U007721,朱欣然7721,男,42,北京市,北京,白银,2023-12-15
U007722,孙雨桐7722,女,28,广东省,深圳,普通,2025-02-15
U007723,刘梓萱7723,男,29,上海市,上海,普通,2024-05-11
U007724,吴雨桐7724,女,35,江苏省,苏州,白银,2023-12-18
U007725,赵雨桐7725,男,19,广东省,深圳,白银,2025-02-04
U007726,赵浩然7726,女,38,江苏省,无锡,白银,2023-03-29
U007727,朱一诺7727,女,28,河南省,新乡,普通,2025-05-04
U007728,赵俊杰7728,男,44,四川省,宜宾,普通,2023-04-17
U007729,周佳怡7729,女,28,广东省,珠海,黑金,2026-01-18
U007730,孙浩然7730,男,26,安徽省,安庆,普通,2023-04-03
U007731,胡梓萱7731,男,26,江苏省,南通,普通,2024-03-16
U007732,杨俊杰7732,男,31,四川省,德阳,普通,2023-06-16
U007733,吴俊杰7733,女,30,广东省,深圳,普通,2024-09-16
U007734,黄思源7734,女,34,江苏省,无锡,铂金,2025-09-03
U007735,孙一诺7735,女,30,广东省,东莞,白银,2023-03-28
U007736,黄浩然7736,女,32,河南省,许昌,普通,2023-02-08
U007737,高俊杰7737,女,22,湖北省,武汉,普通,2024-07-12
U007738,张梓萱7738,女,26,湖北省,武汉,白银,2024-08-20
U007739,吴子涵7739,女,33,四川省,德阳,白银,2024-11-28
U007740,吴浩然7740,男,37,湖南省,岳阳,普通,2025-07-13
U007741,徐嘉诚7741,男,25,山东省,青岛,白银,2025-08-08
U007742,吴欣然7742,女,60,浙江省,宁波,普通,2025-04-30
U007743,王嘉诚7743,男,40,上海市,上海,白银,2023-09-23
U007744,吴俊杰7744,女,28,四川省,南充,普通,2026-03-06
U007745,高思源7745,女,31,广东省,广州,铂金,2026-03-25
U007746,陈俊杰7746,男,28,江苏省,南京,普通,2024-08-29
U007747,高梓萱7747,男,32,山东省,烟台,普通,2024-08-11
U007748,朱欣然7748,女,51,广东省,佛山,普通,2023-06-12
U007749,黄雨桐7749,男,31,广东省,东莞,普通,2026-06-12
U007750,高诗涵7750,女,44,浙江省,宁波,白银,2026-01-27
U007751,杨佳怡7751,女,16,浙江省,嘉兴,黄金,2024-12-03
U007752,黄俊杰7752,女,29,福建省,厦门,白银,2026-03-24
U007753,孙浩然7753,男,37,江苏省,南京,普通,2025-11-24
U007754,李明轩7754,女,18,河北省,廊坊,普通,2024-01-21
U007755,徐雨桐7755,女,47,湖北省,武汉,普通,2026-04-27
U007756,高梓萱7756,女,33,浙江省,嘉兴,白银,2025-01-06
U007757,周佳怡7757,男,39,河南省,洛阳,普通,2025-06-24
U007758,李俊杰7758,男,30,河南省,新乡,普通,2025-03-11
U007759,李佳怡7759,男,20,广东省,佛山,白银,2024-04-25
U007760,张浩然7760,男,25,安徽省,阜阳,普通,2023-09-16
U007761,杨雨桐7761,女,38,浙江省,杭州,白银,2026-03-29
U007762,刘思源7762,男,32,江苏省,苏州,普通,2024-01-07
U007763,周子涵7763,男,28,浙江省,宁波,白银,2024-03-25
U007764,李嘉诚7764,男,31,四川省,南充,白银,2024-11-25
U007765,刘雨桐7765,男,33,四川省,成都,黄金,2023-06-13
U007766,徐俊杰7766,女,18,湖南省,常德,普通,2024-11-05
U007767,孙俊杰7767,男,42,广东省,佛山,白银,2023-03-08
U007768,徐佳怡7768,女,34,北京市,北京,普通,2024-04-04
U007769,吴欣然7769,女,36,湖南省,长沙,普通,2026-06-23
U007770,黄梓萱7770,女,44,陕西省,渭南,白银,2024-11-27
U007771,徐佳怡7771,男,24,江苏省,南通,普通,2025-08-19
U007772,李欣然7772,女,29,湖南省,常德,白银,2026-06-18
U007773,周诗涵7773,男,42,重庆市,重庆,普通,2026-01-15
U007774,徐一诺7774,女,17,上海市,上海,普通,2026-02-05
U007775,王诗涵7775,男,39,湖北省,武汉,普通,2025-01-13
U007776,黄诗涵7776,女,37,安徽省,安庆,黑金,2026-06-07
U007777,张雨桐7777,男,37,河南省,洛阳,黄金,2023-01-29
U007778,刘一诺7778,男,20,江苏省,无锡,白银,2024-06-03
U007779,刘梓萱7779,男,32,广东省,深圳,黄金,2025-07-11
U007780,陈明轩7780,男,17,河南省,新乡,普通,2025-05-13
U007781,吴一诺7781,男,29,江苏省,南京,普通,2025-08-20
U007782,黄子涵7782,男,24,上海市,上海,普通,2025-09-30
U007783,周雨桐7783,男,49,山东省,烟台,普通,2023-03-08
U007784,刘梓萱7784,女,38,陕西省,渭南,白银,2024-01-16
U007785,孙俊杰7785,女,44,福建省,福州,普通,2026-06-06
U007786,徐子涵7786,女,26,河南省,新乡,白银,2026-03-21
U007787,徐明轩7787,女,37,福建省,福州,普通,2025-08-29
U007788,徐雨桐7788,男,39,浙江省,宁波,白银,2025-03-28
U007789,杨欣然7789,男,27,江苏省,常州,普通,2024-12-20
U007790,周雨桐7790,女,44,江苏省,南京,普通,2023-10-30
U007791,朱欣然7791,女,25,浙江省,嘉兴,普通,2024-08-08
U007792,陈明轩7792,男,37,北京市,北京,白银,2024-01-09
U007793,黄佳怡7793,女,31,湖南省,常德,黑金,2025-03-15
U007794,徐思源7794,女,29,湖北省,襄阳,普通,2026-01-04
U007795,黄一诺7795,女,39,上海市,上海,白银,2025-08-18
U007796,孙诗涵7796,女,33,重庆市,重庆,普通,2026-04-28
U007797,高嘉诚7797,男,39,北京市,北京,普通,2026-04-22
U007798,赵子涵7798,女,24,河南省,南阳,普通,2023-08-01
U007799,吴梓萱7799,男,32,四川省,德阳,黑金,2023-07-26
U007800,李雨桐7800,女,45,广东省,佛山,白银,2026-05-30
U007801,王浩然7801,男,28,四川省,成都,白银,2023-04-12
U007802,朱子涵7802,女,32,浙江省,嘉兴,铂金,2025-12-09
U007803,李梓萱7803,男,39,重庆市,重庆,白银,2025-08-04
U007804,吴梓萱7804,男,23,重庆市,重庆,普通,2026-04-28
U007805,赵一诺7805,女,29,北京市,北京,普通,2023-02-21
U007806,高雨桐7806,男,16,安徽省,阜阳,白银,2023-01-19
U007807,周诗涵7807,女,31,重庆市,重庆,白银,2025-02-11
U007808,孙俊杰7808,男,16,江苏省,南京,黑金,2024-06-16
U007809,李子涵7809,女,25,湖南省,株洲,铂金,2026-02-22
U007810,高俊杰7810,男,48,河南省,许昌,普通,2023-03-09
U007811,周雨桐7811,男,28,陕西省,咸阳,普通,2023-06-04
U007812,黄诗涵7812,男,38,广东省,深圳,黄金,2024-11-23
U007813,刘思源7813,女,28,四川省,德阳,黑金,2024-02-25
U007814,刘浩然7814,男,34,江苏省,苏州,普通,2026-04-19
U007815,黄一诺7815,女,44,河北省,保定,白银,2023-12-21
U007816,胡思源7816,女,17,河南省,南阳,黑金,2026-05-01
U007817,李欣然7817,男,37,江苏省,无锡,黄金,2026-05-08
U007818,王子涵7818,女,24,河北省,保定,普通,2026-06-18
U007819,孙一诺7819,男,38,陕西省,渭南,铂金,2026-03-13
U007820,高诗涵7820,男,26,江苏省,南通,黄金,2025-03-27
U007821,杨雨桐7821,男,20,湖南省,常德,白银,2025-11-04
U007822,黄欣然7822,女,33,浙江省,嘉兴,铂金,2024-07-14
U007823,朱佳怡7823,女,37,山东省,临沂,普通,2024-01-19
U007824,李佳怡7824,女,31,湖北省,荆州,黄金,2024-09-11
U007825,张思源7825,男,17,四川省,南充,普通,2026-04-26
U007826,徐雨桐7826,男,34,重庆市,重庆,普通,2024-01-31
U007827,杨欣然7827,男,39,北京市,北京,普通,2023-02-17
U007828,李欣然7828,女,20,山东省,潍坊,普通,2024-08-18
U007829,徐俊杰7829,男,39,广东省,广州,普通,2023-06-21
U007830,孙梓萱7830,男,43,河北省,保定,黄金,2023-03-10
U007831,李诗涵7831,女,39,四川省,德阳,黄金,2024-12-05
U007832,张俊杰7832,男,41,湖南省,株洲,普通,2026-06-13
U007833,孙一诺7833,女,29,河南省,南阳,白银,2025-06-13
U007834,刘俊杰7834,女,29,河南省,新乡,普通,2026-06-20
U007835,黄欣然7835,女,30,浙江省,宁波,普通,2025-09-10
U007836,王俊杰7836,女,29,浙江省,嘉兴,普通,2024-02-10
U007837,李嘉诚7837,女,42,广东省,佛山,白银,2026-03-02
U007838,李俊杰7838,女,45,山东省,烟台,普通,2025-06-28
U007839,李嘉诚7839,男,29,湖南省,株洲,普通,2026-04-02
U007840,胡一诺7840,女,23,湖北省,黄冈,普通,2023-11-15
U007841,黄欣然7841,男,29,浙江省,宁波,黑金,2026-06-17
U007842,张子涵7842,男,19,陕西省,西安,黄金,2024-10-29
U007843,杨雨桐7843,男,18,上海市,上海,普通,2025-10-09
U007844,王诗涵7844,男,27,安徽省,芜湖,普通,2025-07-16
U007845,孙俊杰7845,男,34,湖北省,襄阳,普通,2024-12-15
U007846,朱明轩7846,男,32,湖南省,岳阳,铂金,2025-09-02
U007847,陈雨桐7847,女,38,浙江省,绍兴,白银,2024-11-03
U007848,黄浩然7848,女,37,重庆市,重庆,普通,2024-01-07
U007849,杨思源7849,男,35,山东省,济南,普通,2024-01-11
U007850,赵梓萱7850,男,46,上海市,上海,普通,2025-02-17
U007851,王浩然7851,女,27,浙江省,杭州,白银,2025-08-14
U007852,赵佳怡7852,女,32,广东省,广州,黄金,2026-03-22
U007853,黄欣然7853,女,34,广东省,深圳,普通,2023-04-09
U007854,吴梓萱7854,男,30,浙江省,温州,黑金,2023-09-11
U007855,徐诗涵7855,女,30,河南省,郑州,铂金,2025-10-14
U007856,张俊杰7856,女,35,湖南省,株洲,普通,2025-12-07
U007857,朱子涵7857,女,20,河南省,许昌,普通,2026-06-13
U007858,王佳怡7858,男,41,山东省,烟台,普通,2023-11-10
U007859,陈浩然7859,男,21,四川省,宜宾,白银,2025-02-26
U007860,刘明轩7860,女,31,浙江省,温州,普通,2025-06-03
U007861,朱浩然7861,男,40,河南省,新乡,普通,2024-05-09
U007862,孙雨桐7862,女,36,上海市,上海,普通,2025-10-16
U007863,朱浩然7863,女,19,北京市,北京,铂金,2025-07-23
U007864,刘俊杰7864,男,30,河南省,郑州,普通,2026-06-13
U007865,朱佳怡7865,女,16,江苏省,无锡,普通,2025-09-07
U007866,刘思源7866,男,18,四川省,绵阳,普通,2026-01-13
U007867,周明轩7867,女,16,河南省,南阳,普通,2025-10-05
U007868,黄梓萱7868,男,24,河南省,洛阳,普通,2024-08-13
U007869,王欣然7869,男,45,上海市,上海,普通,2024-03-20
U007870,孙俊杰7870,女,44,山东省,济南,普通,2023-09-17
U007871,李思源7871,男,29,江苏省,苏州,普通,2023-12-24
U007872,杨子涵7872,女,33,北京市,北京,黄金,2023-03-19
U007873,孙雨桐7873,男,39,广东省,深圳,黄金,2023-03-31
U007874,朱雨桐7874,男,33,河北省,保定,黄金,2023-12-15
U007875,胡欣然7875,女,27,重庆市,重庆,白银,2024-05-22
U007876,赵明轩7876,男,44,山东省,潍坊,普通,2025-08-23
U007877,刘嘉诚7877,女,26,河南省,新乡,普通,2023-09-18
U007878,赵雨桐7878,女,46,四川省,绵阳,普通,2023-09-29
U007879,黄佳怡7879,女,34,湖北省,黄冈,普通,2024-12-25
U007880,孙雨桐7880,男,27,河南省,南阳,黄金,2026-01-19
U007881,吴俊杰7881,女,36,广东省,佛山,普通,2023-01-25
U007882,李梓萱7882,女,16,福建省,漳州,白银,2024-02-14
U007883,黄雨桐7883,男,23,江苏省,无锡,白银,2024-11-13
U007884,李嘉诚7884,男,32,山东省,济南,白银,2025-11-08
U007885,孙一诺7885,男,41,江苏省,苏州,普通,2024-08-22
U007886,孙子涵7886,男,51,浙江省,绍兴,黄金,2025-05-18
U007887,张子涵7887,女,26,广东省,深圳,普通,2024-05-07
U007888,朱明轩7888,男,26,湖南省,衡阳,普通,2024-01-21
U007889,李欣然7889,男,27,浙江省,绍兴,白银,2023-09-16
U007890,吴一诺7890,女,36,湖南省,衡阳,普通,2025-10-30
U007891,王嘉诚7891,女,16,广东省,珠海,普通,2024-01-28
U007892,高俊杰7892,女,44,上海市,上海,普通,2023-04-16
U007893,刘佳怡7893,女,39,浙江省,宁波,普通,2025-07-26
U007894,李思源7894,女,20,山东省,青岛,白银,2024-04-13
U007895,陈浩然7895,男,44,江苏省,南京,普通,2025-08-25
U007896,孙诗涵7896,男,16,安徽省,阜阳,普通,2024-05-05
U007897,赵梓萱7897,女,34,四川省,德阳,普通,2025-11-24
U007898,刘明轩7898,女,16,陕西省,宝鸡,白银,2024-02-01
U007899,胡明轩7899,女,21,河南省,许昌,普通,2024-07-18
U007900,陈雨桐7900,男,32,广东省,深圳,普通,2023-06-25
U007901,刘浩然7901,男,36,湖北省,武汉,普通,2023-12-05
U007902,胡嘉诚7902,男,45,河南省,洛阳,普通,2023-07-28
U007903,王明轩7903,女,43,浙江省,杭州,普通,2026-04-19
U007904,胡诗涵7904,男,31,河南省,许昌,普通,2025-04-14
U007905,胡佳怡7905,男,35,陕西省,渭南,白银,2025-11-18
U007906,李思源7906,男,38,湖北省,黄冈,普通,2026-02-14
U007907,黄梓萱7907,女,21,四川省,成都,白银,2023-12-31
U007908,王明轩7908,女,18,河北省,保定,白银,2023-02-10
U007909,赵雨桐7909,女,27,四川省,成都,普通,2024-12-20
U007910,黄佳怡7910,男,25,重庆市,重庆,黄金,2025-02-13
U007911,孙子涵7911,男,21,浙江省,嘉兴,黄金,2024-09-24
U007912,周思源7912,男,32,湖北省,武汉,普通,2026-02-22
U007913,李思源7913,女,44,湖北省,黄冈,普通,2023-04-04
U007914,黄一诺7914,男,40,山东省,临沂,普通,2024-02-07
U007915,高欣然7915,男,44,河南省,洛阳,黄金,2025-05-27
U007916,赵佳怡7916,男,27,浙江省,嘉兴,白银,2025-06-17
U007917,孙明轩7917,女,35,山东省,临沂,白银,2025-02-21
U007918,胡思源7918,女,29,山东省,烟台,普通,2024-07-12
U007919,黄子涵7919,女,39,河南省,洛阳,黄金,2023-10-04
U007920,胡佳怡7920,男,48,陕西省,宝鸡,黄金,2024-02-24
U007921,高思源7921,男,35,河北省,保定,白银,2026-01-25
U007922,徐雨桐7922,男,38,四川省,绵阳,普通,2024-05-29
U007923,黄梓萱7923,女,37,四川省,南充,白银,2023-11-25
U007924,孙诗涵7924,女,38,河南省,新乡,普通,2025-07-01
U007925,周雨桐7925,女,16,湖北省,宜昌,白银,2025-05-12
U007926,黄浩然7926,女,35,山东省,济南,铂金,2023-03-11
U007927,黄俊杰7927,女,26,山东省,青岛,普通,2023-07-07
U007928,孙欣然7928,女,31,浙江省,杭州,普通,2025-05-24
U007929,朱一诺7929,女,21,山东省,临沂,白银,2023-01-16
U007930,刘思源7930,女,20,山东省,烟台,普通,2025-01-10
U007931,刘俊杰7931,男,43,北京市,北京,黄金,2025-09-11
U007932,杨子涵7932,男,17,浙江省,温州,普通,2025-12-16
U007933,周欣然7933,男,37,上海市,上海,白银,2023-04-07
U007934,孙嘉诚7934,男,32,重庆市,重庆,普通,2024-01-10
U007935,高嘉诚7935,女,39,湖南省,长沙,普通,2026-04-18
U007936,徐一诺7936,男,18,四川省,德阳,黄金,2024-06-28
U007937,张雨桐7937,男,25,山东省,烟台,普通,2025-08-10
U007938,胡一诺7938,男,47,福建省,莆田,黄金,2025-08-05
U007939,胡雨桐7939,女,32,河北省,石家庄,普通,2024-03-09
U007940,周明轩7940,男,26,广东省,深圳,普通,2023-08-30
U007941,孙俊杰7941,男,42,山东省,烟台,普通,2023-02-06
U007942,胡嘉诚7942,女,25,上海市,上海,普通,2024-02-28
U007943,高欣然7943,女,28,广东省,东莞,白银,2023-10-12
U007944,陈思源7944,女,45,江苏省,常州,普通,2024-06-09
U007945,朱欣然7945,男,32,浙江省,绍兴,普通,2024-02-26
U007946,高明轩7946,男,39,北京市,北京,白银,2024-08-23
U007947,周俊杰7947,男,32,河南省,新乡,白银,2024-05-11
U007948,朱浩然7948,男,31,福建省,福州,黄金,2025-06-24
U007949,黄浩然7949,男,32,湖北省,宜昌,普通,2025-04-15
U007950,赵俊杰7950,男,32,江苏省,南京,白银,2024-02-03
U007951,周佳怡7951,女,37,河北省,石家庄,黄金,2025-03-05
U007952,徐思源7952,女,28,江苏省,南京,普通,2025-10-30
U007953,王雨桐7953,女,27,福建省,泉州,普通,2023-01-22
U007954,陈诗涵7954,女,38,浙江省,绍兴,普通,2025-09-21
U007955,胡浩然7955,女,33,浙江省,绍兴,白银,2023-12-31
U007956,王明轩7956,女,26,重庆市,重庆,普通,2024-05-18
U007957,徐子涵7957,女,33,陕西省,宝鸡,普通,2023-03-24
U007958,刘浩然7958,女,25,重庆市,重庆,普通,2025-10-05
U007959,李明轩7959,男,26,福建省,泉州,普通,2026-03-02
U007960,吴一诺7960,女,24,上海市,上海,白银,2025-12-04
U007961,朱子涵7961,男,31,北京市,北京,铂金,2026-02-03
U007962,张明轩7962,女,33,广东省,珠海,普通,2026-06-15
U007963,徐雨桐7963,男,16,浙江省,杭州,普通,2023-12-12
U007964,朱嘉诚7964,女,36,陕西省,西安,普通,2024-02-08
U007965,高明轩7965,男,42,广东省,广州,普通,2023-10-19
U007966,李俊杰7966,男,16,山东省,临沂,白银,2026-01-22
U007967,周梓萱7967,女,47,湖北省,黄冈,白银,2024-10-13
U007968,高佳怡7968,女,26,山东省,潍坊,普通,2024-11-10
U007969,杨梓萱7969,女,32,浙江省,绍兴,普通,2025-09-05
U007970,徐一诺7970,男,38,安徽省,合肥,黄金,2024-03-06
U007971,刘梓萱7971,男,29,重庆市,重庆,黄金,2023-11-24
U007972,黄雨桐7972,男,29,江苏省,南京,白银,2024-02-08
U007973,徐俊杰7973,女,30,山东省,烟台,白银,2024-01-21
U007974,杨俊杰7974,男,30,广东省,佛山,普通,2023-04-21
U007975,孙思源7975,女,26,北京市,北京,普通,2024-02-11
U007976,陈佳怡7976,男,28,河南省,郑州,普通,2024-03-08
U007977,王浩然7977,女,21,河南省,郑州,黄金,2023-01-14
U007978,周嘉诚7978,男,36,山东省,青岛,白银,2024-07-28
U007979,高子涵7979,女,34,上海市,上海,普通,2025-01-23
U007980,刘雨桐7980,女,18,江苏省,苏州,白银,2024-05-16
U007981,李嘉诚7981,女,16,河南省,洛阳,黄金,2024-09-29
U007982,张俊杰7982,男,22,湖南省,株洲,普通,2024-04-30
U007983,赵梓萱7983,男,31,北京市,北京,黄金,2025-08-08
U007984,刘欣然7984,女,35,河北省,石家庄,黄金,2023-12-23
U007985,张子涵7985,男,31,广东省,佛山,白银,2025-09-19
U007986,高子涵7986,女,32,浙江省,嘉兴,黄金,2023-05-11
U007987,朱一诺7987,女,43,河南省,新乡,白银,2025-08-07
U007988,李思源7988,男,38,广东省,东莞,白银,2025-10-13
U007989,周雨桐7989,女,38,四川省,德阳,黄金,2023-01-06
U007990,朱浩然7990,男,22,上海市,上海,白银,2023-04-23
U007991,赵欣然7991,男,24,湖南省,岳阳,铂金,2024-12-04
U007992,陈明轩7992,女,29,河南省,南阳,黄金,2024-12-16
U007993,刘子涵7993,男,25,江苏省,苏州,普通,2023-08-04
U007994,李诗涵7994,男,34,河南省,新乡,黄金,2025-04-10
U007995,王欣然7995,男,25,广东省,佛山,普通,2025-04-17
U007996,黄明轩7996,女,38,福建省,厦门,铂金,2025-08-29
U007997,王子涵7997,女,23,湖北省,荆州,黄金,2025-09-02
U007998,周一诺7998,男,31,山东省,济南,普通,2023-07-12
U007999,黄佳怡7999,女,17,河南省,郑州,白银,2025-10-02
U008000,刘俊杰8000,男,31,上海市,上海,白银,2024-03-17
U008001,朱嘉诚8001,女,43,江苏省,苏州,普通,2023-02-11
U008002,朱雨桐8002,女,36,重庆市,重庆,普通,2025-12-27
U008003,吴俊杰8003,男,44,浙江省,嘉兴,普通,2026-04-27
U008004,张子涵8004,女,43,北京市,北京,普通,2026-02-27
U008005,吴佳怡8005,女,33,浙江省,嘉兴,白银,2024-12-12
U008006,李欣然8006,女,50,浙江省,温州,白银,2024-02-21
U008007,王思源8007,女,23,山东省,烟台,黄金,2023-06-10
U008008,杨一诺8008,女,33,安徽省,合肥,铂金,2026-03-27
U008009,李嘉诚8009,男,46,陕西省,咸阳,黄金,2023-12-03
U008010,朱欣然8010,女,34,北京市,北京,普通,2026-05-13
U008011,王明轩8011,男,24,广东省,珠海,黄金,2026-06-06
U008012,胡思源8012,女,20,广东省,东莞,普通,2023-08-03
U008013,张嘉诚8013,女,35,浙江省,温州,普通,2023-12-02
U008014,陈俊杰8014,男,25,广东省,东莞,普通,2025-09-16
U008015,王欣然8015,女,32,四川省,绵阳,普通,2026-05-30
U008016,孙子涵8016,女,30,河南省,郑州,黑金,2024-03-31
U008017,陈嘉诚8017,女,39,湖南省,常德,白银,2025-07-17
U008018,刘佳怡8018,女,38,湖北省,武汉,白银,2024-06-15
U008019,李明轩8019,女,42,浙江省,杭州,普通,2023-11-17
U008020,周嘉诚8020,女,16,河北省,唐山,普通,2026-02-10
U008021,吴嘉诚8021,男,37,河南省,洛阳,铂金,2026-04-11
U008022,孙俊杰8022,男,25,江苏省,常州,普通,2023-06-26
U008023,张嘉诚8023,女,37,重庆市,重庆,白银,2023-03-16
U008024,王欣然8024,男,33,河南省,郑州,白银,2023-07-21
U008025,刘佳怡8025,女,44,四川省,绵阳,白银,2024-11-22
U008026,朱诗涵8026,女,47,浙江省,宁波,普通,2026-05-06
U008027,孙浩然8027,女,45,陕西省,西安,白银,2025-10-18
U008028,周雨桐8028,女,44,重庆市,重庆,普通,2025-04-01
U008029,张明轩8029,女,33,广东省,珠海,黑金,2024-12-20
U008030,陈梓萱8030,女,50,福建省,莆田,普通,2024-08-17
U008031,周浩然8031,女,40,河南省,洛阳,普通,2023-08-11
U008032,杨明轩8032,男,35,重庆市,重庆,铂金,2025-02-04
U008033,张欣然8033,男,41,山东省,潍坊,普通,2025-10-04
U008034,周俊杰8034,男,35,广东省,佛山,普通,2023-10-19
U008035,王佳怡8035,女,42,湖北省,黄冈,白银,2023-02-19
U008036,黄嘉诚8036,男,42,四川省,成都,普通,2026-04-13
U008037,李一诺8037,男,38,山东省,临沂,普通,2024-01-20
U008038,陈欣然8038,男,39,陕西省,宝鸡,铂金,2024-07-24
U008039,周欣然8039,女,33,福建省,厦门,铂金,2024-03-29
U008040,徐浩然8040,女,28,浙江省,宁波,白银,2024-12-25
U008041,高梓萱8041,男,35,重庆市,重庆,普通,2025-03-17
U008042,刘子涵8042,男,35,浙江省,绍兴,普通,2025-07-05
U008043,王浩然8043,男,16,重庆市,重庆,普通,2025-10-28
U008044,徐思源8044,女,37,河北省,廊坊,普通,2024-01-20
U008045,杨佳怡8045,女,43,上海市,上海,白银,2024-08-16
U008046,刘俊杰8046,女,41,广东省,珠海,铂金,2026-02-14
U008047,杨嘉诚8047,女,35,山东省,潍坊,普通,2025-06-12
U008048,周欣然8048,女,36,湖南省,长沙,普通,2024-05-27
U008049,高嘉诚8049,女,35,江苏省,南通,普通,2023-04-12
U008050,陈梓萱8050,男,39,广东省,深圳,普通,2025-11-26
U008051,吴思源8051,女,42,四川省,德阳,普通,2025-03-23
U008052,黄俊杰8052,男,39,山东省,临沂,普通,2025-07-29
U008053,李子涵8053,女,29,广东省,广州,普通,2025-05-19
U008054,刘浩然8054,女,33,山东省,青岛,黄金,2026-05-18
U008055,高嘉诚8055,男,23,河北省,廊坊,普通,2025-08-29
U008056,黄浩然8056,女,20,河北省,石家庄,黄金,2024-06-24
U008057,高梓萱8057,女,20,福建省,福州,普通,2024-02-07
U008058,张嘉诚8058,女,39,浙江省,温州,黄金,2023-12-06
U008059,徐子涵8059,女,43,江苏省,南京,普通,2023-08-11
U008060,高佳怡8060,男,24,广东省,东莞,普通,2026-06-02
U008061,张俊杰8061,男,32,山东省,济南,黄金,2024-02-06
U008062,王诗涵8062,男,53,安徽省,阜阳,普通,2024-01-16
U008063,王俊杰8063,女,26,江苏省,苏州,普通,2023-08-20
U008064,胡子涵8064,男,43,湖北省,武汉,普通,2026-03-11
U008065,李俊杰8065,男,37,广东省,佛山,黄金,2024-03-22
U008066,刘雨桐8066,女,37,河北省,石家庄,黄金,2025-11-24
U008067,周浩然8067,男,29,江苏省,苏州,普通,2024-02-05
U008068,周俊杰8068,女,38,广东省,佛山,白银,2024-02-28
U008069,刘俊杰8069,女,28,江苏省,苏州,黄金,2024-02-05
U008070,王思源8070,女,17,浙江省,嘉兴,黄金,2023-06-29
U008071,刘俊杰8071,男,31,福建省,漳州,铂金,2023-07-09
U008072,王明轩8072,女,21,山东省,济南,普通,2023-04-12
U008073,陈俊杰8073,男,40,四川省,德阳,白银,2025-05-13
U008074,张诗涵8074,女,44,河北省,保定,普通,2025-02-22
U008075,李浩然8075,女,33,上海市,上海,普通,2025-10-13
U008076,高嘉诚8076,男,40,江苏省,无锡,白银,2025-03-21
U008077,周思源8077,女,16,江苏省,苏州,普通,2025-07-03
U008078,胡佳怡8078,男,16,河南省,洛阳,黄金,2025-01-29
U008079,朱佳怡8079,女,43,福建省,泉州,普通,2023-08-29
U008080,陈梓萱8080,女,34,北京市,北京,普通,2025-02-12
U008081,胡佳怡8081,女,25,广东省,东莞,黄金,2025-06-30
U008082,徐欣然8082,男,31,江苏省,苏州,白银,2024-04-30
U008083,胡佳怡8083,男,31,江苏省,南通,黄金,2023-09-29
U008084,李明轩8084,女,34,四川省,成都,普通,2023-05-02
U008085,李思源8085,女,34,北京市,北京,黄金,2025-04-11
U008086,周思源8086,女,29,福建省,漳州,普通,2024-06-16
U008087,胡俊杰8087,女,23,河北省,石家庄,白银,2024-05-25
U008088,高雨桐8088,男,36,山东省,临沂,黄金,2025-04-21
U008089,孙梓萱8089,男,22,广东省,佛山,白银,2025-04-18
U008090,张浩然8090,男,35,湖南省,岳阳,白银,2024-01-06
U008091,朱浩然8091,男,16,上海市,上海,白银,2024-05-21
U008092,高子涵8092,男,35,广东省,深圳,白银,2023-04-19
U008093,杨明轩8093,男,39,四川省,南充,黄金,2024-01-29
U008094,刘浩然8094,女,22,河南省,洛阳,普通,2023-05-27
U008095,王一诺8095,男,35,上海市,上海,普通,2024-10-04
U008096,陈雨桐8096,女,33,湖北省,荆州,白银,2026-01-25
U008097,吴雨桐8097,女,40,山东省,烟台,普通,2026-02-25
U008098,孙雨桐8098,女,33,河南省,新乡,普通,2024-02-10
U008099,胡浩然8099,男,24,安徽省,安庆,铂金,2025-04-16
U008100,朱雨桐8100,男,34,广东省,佛山,白银,2024-09-26
U008101,周佳怡8101,男,30,广东省,广州,普通,2026-06-09
U008102,周嘉诚8102,男,16,北京市,北京,铂金,2023-01-07
U008103,陈嘉诚8103,男,32,江苏省,苏州,黄金,2026-01-12
U008104,徐梓萱8104,男,30,重庆市,重庆,白银,2024-08-16
U008105,高俊杰8105,男,23,湖南省,衡阳,普通,2024-08-31
U008106,孙雨桐8106,女,23,北京市,北京,普通,2025-12-20
U008107,朱嘉诚8107,男,27,湖北省,宜昌,普通,2023-01-17
U008108,吴明轩8108,男,40,浙江省,绍兴,普通,2025-09-18
U008109,胡嘉诚8109,女,26,重庆市,重庆,白银,2023-12-26
U008110,张思源8110,男,23,四川省,南充,黄金,2025-01-21
U008111,徐梓萱8111,女,26,广东省,深圳,普通,2025-04-11
U008112,李浩然8112,女,21,湖北省,荆州,普通,2023-01-09
U008113,胡佳怡8113,女,29,广东省,东莞,黄金,2024-06-28
U008114,胡子涵8114,男,18,广东省,东莞,普通,2025-12-26
U008115,陈嘉诚8115,女,22,河北省,石家庄,铂金,2026-03-20
U008116,张雨桐8116,女,24,湖北省,宜昌,普通,2025-03-29
U008117,王浩然8117,女,32,河北省,廊坊,白银,2026-06-09
U008118,刘一诺8118,男,16,江苏省,南通,普通,2023-07-24
U008119,赵浩然8119,女,39,陕西省,宝鸡,普通,2024-04-15
U008120,李梓萱8120,男,50,湖南省,常德,普通,2024-05-12
U008121,周浩然8121,女,29,山东省,临沂,黑金,2023-05-15
U008122,王欣然8122,女,26,江苏省,苏州,白银,2025-05-06
U008123,黄欣然8123,女,37,浙江省,嘉兴,白银,2024-09-27
U008124,朱梓萱8124,男,26,河北省,唐山,黄金,2025-10-02
U008125,胡欣然8125,女,33,山东省,青岛,普通,2024-10-25
U008126,李明轩8126,女,32,广东省,珠海,黄金,2026-03-09
U008127,刘佳怡8127,女,41,河南省,新乡,普通,2024-01-20
U008128,张梓萱8128,女,24,河北省,石家庄,普通,2023-12-06
U008129,周欣然8129,女,35,重庆市,重庆,普通,2025-01-13
U008130,吴子涵8130,男,16,河南省,新乡,普通,2023-03-23
U008131,吴俊杰8131,女,28,上海市,上海,铂金,2025-02-21
U008132,周浩然8132,女,25,北京市,北京,普通,2025-06-20
U008133,胡浩然8133,男,16,陕西省,西安,铂金,2023-01-17
U008134,胡欣然8134,男,37,浙江省,嘉兴,黄金,2025-08-09
U008135,李佳怡8135,女,26,湖北省,宜昌,白银,2023-10-30
U008136,陈浩然8136,男,31,广东省,广州,白银,2024-06-20
U008137,陈诗涵8137,女,21,山东省,烟台,普通,2024-07-05
U008138,孙梓萱8138,男,32,广东省,深圳,黑金,2023-12-29
U008139,陈嘉诚8139,女,43,河南省,洛阳,白银,2024-06-10
U008140,王明轩8140,男,25,山东省,烟台,白银,2026-01-15
U008141,徐梓萱8141,女,34,江苏省,南京,白银,2025-01-25
U008142,胡思源8142,男,33,江苏省,南通,普通,2025-10-08
U008143,李佳怡8143,女,22,上海市,上海,铂金,2023-07-10
U008144,张欣然8144,女,31,湖北省,武汉,普通,2024-08-19
U008145,黄俊杰8145,女,24,浙江省,宁波,黄金,2025-03-31
U008146,刘诗涵8146,男,34,河南省,郑州,普通,2023-01-20
U008147,胡嘉诚8147,女,36,江苏省,南通,白银,2024-02-14
U008148,杨一诺8148,女,16,陕西省,西安,白银,2023-11-07
U008149,张一诺8149,女,28,湖北省,荆州,普通,2023-12-29
U008150,吴嘉诚8150,男,31,福建省,厦门,普通,2025-08-24
U008151,周梓萱8151,男,44,山东省,青岛,普通,2023-02-01
U008152,徐佳怡8152,男,34,上海市,上海,普通,2026-05-29
U008153,孙梓萱8153,女,49,江苏省,南京,普通,2024-02-05
U008154,胡明轩8154,女,49,江苏省,常州,普通,2025-12-05
U008155,高思源8155,女,28,福建省,泉州,普通,2024-10-17
U008156,周子涵8156,女,41,山东省,烟台,普通,2026-06-21
U008157,朱浩然8157,女,32,浙江省,温州,普通,2025-09-22
U008158,王欣然8158,男,30,河南省,南阳,黄金,2025-01-05
U008159,杨诗涵8159,男,30,广东省,佛山,白银,2025-04-21
U008160,周思源8160,男,24,陕西省,宝鸡,普通,2026-01-14
U008161,胡嘉诚8161,女,28,河北省,保定,普通,2024-11-19
U008162,王佳怡8162,男,33,山东省,青岛,普通,2024-07-20
U008163,徐浩然8163,女,33,江苏省,无锡,黄金,2024-11-28
U008164,陈佳怡8164,女,23,福建省,福州,普通,2023-01-20
U008165,高明轩8165,男,33,江苏省,常州,白银,2024-11-17
U008166,陈一诺8166,女,23,广东省,佛山,铂金,2024-04-17
U008167,高浩然8167,男,44,江苏省,无锡,普通,2024-05-06
U008168,孙佳怡8168,女,38,四川省,南充,普通,2023-06-02
U008169,王雨桐8169,男,41,陕西省,西安,普通,2026-04-02
U008170,胡梓萱8170,女,31,浙江省,温州,普通,2026-05-25
U008171,杨嘉诚8171,男,46,北京市,北京,白银,2024-03-03
U008172,杨欣然8172,男,28,浙江省,温州,普通,2025-04-01
U008173,胡一诺8173,女,38,福建省,莆田,白银,2026-02-05
U008174,黄嘉诚8174,男,42,浙江省,温州,白银,2023-06-12
U008175,李俊杰8175,女,26,上海市,上海,普通,2024-09-16
U008176,孙嘉诚8176,女,59,四川省,德阳,普通,2024-10-29
U008177,胡佳怡8177,男,31,陕西省,渭南,黄金,2024-11-25
U008178,王雨桐8178,女,33,山东省,潍坊,普通,2024-07-05
U008179,刘浩然8179,女,26,上海市,上海,黄金,2025-04-30
U008180,朱佳怡8180,男,40,江苏省,无锡,白银,2026-05-23
U008181,吴浩然8181,女,35,上海市,上海,普通,2024-10-04
U008182,王明轩8182,女,46,四川省,南充,白银,2025-03-26
U008183,孙浩然8183,男,27,湖北省,武汉,普通,2026-01-10
U008184,陈浩然8184,女,40,福建省,莆田,普通,2025-11-05
U008185,吴雨桐8185,女,20,广东省,佛山,铂金,2023-07-18
U008186,吴思源8186,男,34,湖南省,株洲,普通,2024-12-31
U008187,徐子涵8187,女,32,重庆市,重庆,白银,2026-01-23
U008188,张欣然8188,女,29,北京市,北京,普通,2023-03-05
U008189,赵雨桐8189,男,43,山东省,烟台,白银,2023-09-13
U008190,张雨桐8190,女,43,江苏省,苏州,普通,2024-04-18
U008191,黄嘉诚8191,女,36,河南省,许昌,黄金,2024-09-10
U008192,刘雨桐8192,女,30,山东省,青岛,铂金,2023-10-02
U008193,张欣然8193,男,40,上海市,上海,白银,2023-05-11
U008194,周梓萱8194,男,40,广东省,珠海,白银,2023-07-14
U008195,朱思源8195,男,35,江苏省,无锡,普通,2023-03-23
U008196,杨欣然8196,男,24,广东省,珠海,普通,2025-08-02
U008197,周雨桐8197,男,38,广东省,深圳,普通,2024-03-15
U008198,黄诗涵8198,女,39,四川省,南充,黄金,2025-12-11
U008199,李欣然8199,男,25,福建省,泉州,普通,2026-06-03
U008200,黄一诺8200,女,31,浙江省,宁波,普通,2025-04-10
U008201,陈明轩8201,女,31,江苏省,无锡,铂金,2023-10-20
U008202,李俊杰8202,女,26,湖南省,岳阳,白银,2025-01-18
U008203,朱梓萱8203,女,31,河南省,许昌,普通,2024-05-31
U008204,王嘉诚8204,女,47,河北省,廊坊,白银,2023-03-16
U008205,徐梓萱8205,女,46,北京市,北京,普通,2023-05-24
U008206,孙思源8206,男,31,湖北省,宜昌,普通,2025-07-31
U008207,杨欣然8207,女,35,江苏省,南京,白银,2024-01-24
U008208,刘俊杰8208,男,16,湖北省,黄冈,白银,2024-02-21
U008209,吴浩然8209,男,17,广东省,珠海,白银,2024-09-29
U008210,杨欣然8210,男,16,陕西省,渭南,普通,2025-01-10
U008211,朱梓萱8211,女,20,浙江省,绍兴,普通,2025-12-21
U008212,孙思源8212,女,25,浙江省,温州,普通,2023-02-04
U008213,杨诗涵8213,男,20,福建省,福州,黄金,2026-04-27
U008214,朱佳怡8214,男,28,河北省,石家庄,黄金,2023-03-27
U008215,朱思源8215,女,33,广东省,深圳,普通,2026-02-08
U008216,高俊杰8216,男,29,河南省,许昌,普通,2025-05-04
U008217,黄子涵8217,女,22,浙江省,温州,铂金,2026-01-21
U008218,赵梓萱8218,男,23,浙江省,宁波,普通,2025-05-08
U008219,黄子涵8219,男,31,广东省,佛山,普通,2025-11-10
U008220,陈思源8220,女,33,浙江省,杭州,黄金,2025-04-08
U008221,徐子涵8221,男,32,福建省,厦门,普通,2026-02-11
U008222,李佳怡8222,女,27,江苏省,常州,白银,2024-03-02
U008223,李思源8223,男,46,四川省,宜宾,普通,2025-07-31
U008224,周佳怡8224,男,18,湖南省,衡阳,黄金,2025-03-24
U008225,徐子涵8225,女,46,广东省,佛山,普通,2025-01-19
U008226,徐浩然8226,女,35,广东省,佛山,普通,2025-03-24
U008227,黄思源8227,男,34,四川省,绵阳,普通,2025-05-24
U008228,徐雨桐8228,男,44,福建省,泉州,白银,2025-01-05
U008229,孙子涵8229,男,32,湖北省,襄阳,铂金,2026-02-18
U008230,刘梓萱8230,男,36,湖北省,宜昌,普通,2026-01-18
U008231,赵浩然8231,男,16,浙江省,绍兴,普通,2023-12-22
U008232,周明轩8232,女,24,四川省,绵阳,白银,2023-04-29
U008233,刘子涵8233,女,32,上海市,上海,普通,2025-01-03
U008234,朱梓萱8234,女,24,湖北省,宜昌,普通,2024-03-27
U008235,吴佳怡8235,女,38,山东省,临沂,白银,2025-03-03
U008236,李嘉诚8236,男,16,陕西省,西安,普通,2024-01-31
U008237,孙诗涵8237,男,32,河南省,新乡,白银,2026-02-09
U008238,赵子涵8238,男,29,浙江省,温州,白银,2023-11-22
U008239,张雨桐8239,女,28,山东省,临沂,白银,2026-03-30
U008240,李子涵8240,女,33,重庆市,重庆,白银,2024-12-10
U008241,刘子涵8241,男,31,河北省,石家庄,铂金,2026-01-12
U008242,朱明轩8242,女,32,广东省,珠海,白银,2023-12-21
U008243,杨一诺8243,男,28,四川省,南充,普通,2024-08-07
U008244,徐思源8244,男,26,广东省,佛山,白银,2024-01-21
U008245,杨雨桐8245,女,40,河北省,唐山,铂金,2024-11-07
U008246,赵佳怡8246,女,35,江苏省,南通,普通,2025-09-01
U008247,高子涵8247,男,41,江苏省,苏州,普通,2023-09-10
U008248,孙雨桐8248,女,42,安徽省,阜阳,白银,2025-06-26
U008249,胡欣然8249,女,30,广东省,广州,普通,2024-06-27
U008250,吴明轩8250,男,18,北京市,北京,黄金,2026-01-02
U008251,张思源8251,男,28,浙江省,嘉兴,白银,2024-01-20
U008252,杨嘉诚8252,女,16,广东省,广州,普通,2023-03-14
U008253,张浩然8253,男,35,上海市,上海,黄金,2024-05-08
U008254,孙佳怡8254,女,27,广东省,广州,普通,2025-01-29
U008255,张明轩8255,男,35,广东省,佛山,白银,2025-01-21
U008256,张梓萱8256,女,44,四川省,绵阳,普通,2025-10-18
U008257,朱浩然8257,男,41,四川省,南充,白银,2023-06-15
U008258,刘思源8258,男,43,江苏省,南京,白银,2023-06-25
U008259,赵欣然8259,男,38,广东省,佛山,白银,2025-03-11
U008260,胡佳怡8260,女,19,浙江省,温州,普通,2025-12-10
U008261,吴明轩8261,男,38,山东省,济南,普通,2025-11-10
U008262,吴思源8262,女,39,河北省,廊坊,普通,2025-12-30
U008263,孙一诺8263,男,42,江苏省,南通,普通,2026-01-07
U008264,李俊杰8264,女,46,河南省,洛阳,白银,2026-04-27
U008265,徐明轩8265,女,30,山东省,烟台,普通,2025-11-01
U008266,周欣然8266,女,16,山东省,潍坊,普通,2026-01-11
U008267,陈俊杰8267,男,44,福建省,福州,白银,2024-05-28
U008268,陈雨桐8268,女,38,广东省,深圳,黄金,2023-03-09
U008269,孙佳怡8269,男,16,湖南省,长沙,白银,2023-04-15
U008270,刘子涵8270,男,37,重庆市,重庆,普通,2026-05-02
U008271,刘浩然8271,女,36,北京市,北京,铂金,2023-11-24
U008272,李诗涵8272,女,26,北京市,北京,白银,2023-06-27
U008273,张佳怡8273,女,25,福建省,福州,普通,2024-09-09
U008274,徐嘉诚8274,女,36,江苏省,常州,普通,2023-03-25
U008275,张俊杰8275,男,27,重庆市,重庆,普通,2025-01-09
U008276,朱俊杰8276,女,21,陕西省,西安,黄金,2024-06-28
U008277,杨诗涵8277,女,24,安徽省,合肥,普通,2023-12-12
U008278,黄浩然8278,男,41,陕西省,咸阳,铂金,2023-02-01
U008279,王欣然8279,女,37,广东省,东莞,普通,2024-09-09
U008280,陈佳怡8280,男,26,湖北省,宜昌,普通,2026-06-01
U008281,刘欣然8281,男,40,河南省,新乡,普通,2025-12-28
U008282,黄嘉诚8282,男,36,浙江省,绍兴,黄金,2024-07-14
U008283,赵雨桐8283,男,16,陕西省,咸阳,白银,2024-06-04
U008284,朱嘉诚8284,女,21,江苏省,苏州,白银,2024-06-17
U008285,李雨桐8285,男,34,浙江省,杭州,普通,2025-05-30
U008286,周明轩8286,男,31,湖南省,常德,白银,2026-01-31
U008287,周思源8287,男,25,广东省,深圳,普通,2025-07-29
U008288,周欣然8288,女,23,湖北省,武汉,普通,2023-02-13
U008289,张明轩8289,男,24,浙江省,绍兴,普通,2024-06-06
U008290,杨梓萱8290,男,30,广东省,珠海,普通,2024-02-10
U008291,刘一诺8291,男,33,北京市,北京,普通,2025-07-02
U008292,赵雨桐8292,男,39,浙江省,绍兴,普通,2023-08-15
U008293,杨梓萱8293,男,37,浙江省,绍兴,白银,2024-02-12
U008294,吴雨桐8294,女,28,江苏省,南通,普通,2025-09-03
U008295,刘思源8295,男,36,山东省,潍坊,普通,2025-11-27
U008296,孙一诺8296,男,42,重庆市,重庆,普通,2024-04-11
U008297,吴佳怡8297,女,37,广东省,东莞,普通,2023-03-23
U008298,吴嘉诚8298,男,25,山东省,潍坊,白银,2024-01-26
U008299,吴明轩8299,男,44,江苏省,南京,铂金,2024-03-26
U008300,刘浩然8300,男,35,山东省,青岛,白银,2024-01-30
U008301,刘一诺8301,女,45,湖南省,长沙,普通,2024-10-04
U008302,周梓萱8302,男,30,安徽省,阜阳,普通,2025-08-14
U008303,徐子涵8303,女,28,山东省,青岛,普通,2023-12-11
U008304,杨梓萱8304,男,39,北京市,北京,普通,2024-08-09
U008305,陈雨桐8305,男,33,山东省,潍坊,普通,2026-03-02
U008306,周子涵8306,男,48,山东省,济南,普通,2024-02-05
U008307,陈思源8307,男,36,重庆市,重庆,黑金,2025-08-02
U008308,黄诗涵8308,女,21,河南省,南阳,白银,2023-01-23
U008309,高思源8309,女,46,广东省,佛山,普通,2024-02-19
U008310,吴嘉诚8310,男,38,山东省,青岛,白银,2024-11-04
U008311,杨梓萱8311,男,16,浙江省,杭州,白银,2026-06-21
U008312,黄佳怡8312,男,42,陕西省,咸阳,黄金,2025-08-10
U008313,黄俊杰8313,女,37,江苏省,无锡,普通,2025-08-08
U008314,张雨桐8314,男,36,北京市,北京,铂金,2026-01-08
U008315,李欣然8315,女,34,浙江省,杭州,普通,2025-10-25
U008316,吴诗涵8316,女,17,陕西省,宝鸡,普通,2023-11-02
U008317,胡浩然8317,女,37,河北省,石家庄,黄金,2023-02-09
U008318,刘子涵8318,男,37,山东省,潍坊,普通,2023-03-24
U008319,杨明轩8319,男,19,浙江省,杭州,白银,2023-12-19
U008320,徐俊杰8320,女,23,重庆市,重庆,普通,2023-02-22
U008321,黄子涵8321,女,24,福建省,厦门,白银,2026-02-13
U008322,吴明轩8322,男,33,广东省,广州,白银,2024-05-30
U008323,赵梓萱8323,男,46,山东省,济南,白银,2023-02-26
U008324,刘佳怡8324,女,22,河南省,新乡,普通,2023-08-27
U008325,徐嘉诚8325,女,40,江苏省,常州,黄金,2024-08-29
U008326,杨子涵8326,女,39,上海市,上海,白银,2023-10-20
U008327,杨梓萱8327,男,35,广东省,深圳,白银,2023-08-03
U008328,杨一诺8328,女,35,重庆市,重庆,黄金,2024-07-02
U008329,陈雨桐8329,男,17,山东省,烟台,铂金,2023-10-22
U008330,朱浩然8330,男,35,上海市,上海,普通,2026-03-04
U008331,徐佳怡8331,女,23,浙江省,绍兴,普通,2025-10-21
U008332,徐嘉诚8332,女,19,湖南省,岳阳,铂金,2024-02-11
U008333,王子涵8333,男,20,山东省,烟台,普通,2026-03-29
U008334,高梓萱8334,男,40,上海市,上海,铂金,2024-03-30
U008335,张子涵8335,男,38,河北省,保定,普通,2025-11-27
U008336,胡欣然8336,女,22,重庆市,重庆,白银,2023-08-09
U008337,黄子涵8337,女,21,湖北省,襄阳,普通,2025-01-07
U008338,周梓萱8338,男,31,北京市,北京,白银,2024-07-05
U008339,刘梓萱8339,女,19,河北省,石家庄,白银,2024-12-15
U008340,陈明轩8340,男,25,四川省,德阳,铂金,2026-04-21
U008341,胡佳怡8341,男,33,上海市,上海,白银,2025-09-02
U008342,孙欣然8342,男,20,陕西省,咸阳,黑金,2023-05-09
U008343,王俊杰8343,女,32,四川省,宜宾,普通,2023-08-26
U008344,陈诗涵8344,女,45,广东省,东莞,黄金,2024-12-06
U008345,张欣然8345,女,20,山东省,临沂,普通,2025-09-13
U008346,陈雨桐8346,男,40,河南省,郑州,铂金,2024-08-01
U008347,周雨桐8347,女,16,重庆市,重庆,普通,2025-12-28
U008348,陈明轩8348,男,23,福建省,莆田,白银,2025-01-01
U008349,赵欣然8349,男,18,四川省,绵阳,白银,2026-03-19
U008350,张嘉诚8350,女,36,陕西省,宝鸡,黄金,2024-07-03
U008351,高俊杰8351,女,44,广东省,东莞,普通,2024-09-12
U008352,吴子涵8352,男,33,山东省,济南,黄金,2025-04-23
U008353,黄欣然8353,女,32,广东省,东莞,白银,2025-10-28
U008354,刘子涵8354,男,27,四川省,绵阳,铂金,2023-07-19
U008355,朱明轩8355,男,19,河南省,许昌,普通,2024-11-05
U008356,吴梓萱8356,女,18,河南省,南阳,普通,2023-05-17
U008357,徐子涵8357,男,30,广东省,深圳,黄金,2024-02-04
U008358,李梓萱8358,男,37,福建省,莆田,黄金,2025-07-04
U008359,张佳怡8359,女,48,安徽省,安庆,白银,2024-05-21
U008360,孙佳怡8360,女,29,浙江省,嘉兴,黄金,2025-02-17
U008361,胡俊杰8361,女,39,河南省,洛阳,黄金,2025-12-23
U008362,高子涵8362,男,25,河北省,石家庄,黄金,2025-07-21
U008363,黄子涵8363,男,45,上海市,上海,普通,2024-03-01
U008364,李子涵8364,男,24,浙江省,温州,普通,2025-10-19
U008365,李子涵8365,男,26,湖南省,常德,白银,2024-01-16
U008366,陈诗涵8366,男,16,安徽省,合肥,普通,2024-05-17
U008367,徐俊杰8367,男,30,陕西省,渭南,白银,2026-06-13
U008368,朱思源8368,女,19,重庆市,重庆,黑金,2026-01-16
U008369,高浩然8369,女,38,重庆市,重庆,普通,2024-01-30
U008370,高俊杰8370,男,38,北京市,北京,普通,2026-03-02
U008371,徐明轩8371,男,37,河南省,洛阳,普通,2025-12-29
U008372,黄一诺8372,女,40,山东省,烟台,普通,2024-11-22
U008373,朱嘉诚8373,男,16,江苏省,苏州,白银,2023-01-15
U008374,朱思源8374,女,30,福建省,厦门,黄金,2024-02-20
U008375,朱诗涵8375,女,54,江苏省,苏州,普通,2023-04-24
U008376,高雨桐8376,男,37,江苏省,常州,黄金,2023-12-14
U008377,孙明轩8377,女,49,河南省,许昌,黑金,2024-03-21
U008378,胡梓萱8378,女,45,重庆市,重庆,白银,2025-01-13
U008379,孙诗涵8379,女,30,江苏省,无锡,普通,2024-07-07
U008380,孙梓萱8380,男,35,北京市,北京,普通,2026-01-06
U008381,吴明轩8381,女,37,湖北省,襄阳,普通,2025-01-06
U008382,陈一诺8382,男,16,山东省,潍坊,普通,2026-01-20
U008383,陈明轩8383,男,47,广东省,佛山,白银,2024-12-09
U008384,吴浩然8384,女,30,河南省,洛阳,铂金,2025-05-27
U008385,杨诗涵8385,男,39,山东省,临沂,普通,2024-07-31
U008386,杨浩然8386,女,41,上海市,上海,白银,2023-01-24
U008387,赵佳怡8387,女,40,广东省,佛山,黑金,2024-06-08
U008388,王思源8388,男,25,山东省,青岛,白银,2025-04-11
U008389,李明轩8389,男,16,湖北省,襄阳,普通,2025-08-13
U008390,朱俊杰8390,男,31,山东省,潍坊,黄金,2024-12-18
U008391,刘梓萱8391,男,30,河南省,郑州,白银,2023-03-02
U008392,黄浩然8392,男,23,山东省,青岛,普通,2025-11-09
U008393,张嘉诚8393,女,17,浙江省,杭州,普通,2026-01-31
U008394,黄佳怡8394,男,33,上海市,上海,普通,2023-09-21
U008395,王诗涵8395,女,20,湖南省,株洲,黄金,2023-03-24
U008396,杨俊杰8396,男,35,江苏省,南通,普通,2024-07-27
U008397,王思源8397,男,54,河南省,洛阳,普通,2025-05-04
U008398,黄嘉诚8398,女,23,广东省,深圳,白银,2025-06-03
U008399,杨欣然8399,男,48,山东省,烟台,普通,2023-07-11
U008400,周俊杰8400,女,27,河北省,廊坊,普通,2024-09-12
U008401,孙浩然8401,女,40,浙江省,温州,黑金,2023-04-04
U008402,陈俊杰8402,女,38,浙江省,宁波,白银,2023-12-14
U008403,赵诗涵8403,男,37,福建省,福州,普通,2025-12-03
U008404,高子涵8404,女,42,山东省,青岛,普通,2025-02-06
U008405,陈梓萱8405,男,22,浙江省,杭州,普通,2024-10-21
U008406,张一诺8406,女,29,山东省,临沂,普通,2023-05-29
U008407,胡思源8407,男,34,北京市,北京,普通,2026-05-13
U008408,王明轩8408,女,18,江苏省,苏州,黑金,2023-09-30
U008409,吴俊杰8409,男,31,山东省,临沂,普通,2026-02-09
U008410,张梓萱8410,男,52,山东省,临沂,黄金,2025-08-03
U008411,黄浩然8411,男,33,江苏省,常州,普通,2024-01-24
U008412,李佳怡8412,男,36,湖北省,武汉,白银,2026-03-25
U008413,张诗涵8413,女,43,湖北省,武汉,普通,2025-02-05
U008414,陈梓萱8414,男,20,广东省,广州,黄金,2025-12-26
U008415,胡诗涵8415,男,35,广东省,深圳,普通,2024-09-30
U008416,朱子涵8416,女,40,湖北省,黄冈,黄金,2026-03-24
U008417,陈浩然8417,女,28,山东省,临沂,普通,2025-07-04
U008418,王俊杰8418,女,30,四川省,德阳,普通,2026-02-25
U008419,李梓萱8419,女,19,上海市,上海,普通,2023-06-03
U008420,杨俊杰8420,女,45,浙江省,嘉兴,白银,2025-10-11
U008421,李子涵8421,男,27,安徽省,芜湖,普通,2025-02-16
U008422,胡思源8422,女,19,浙江省,温州,白银,2023-03-15
U008423,陈雨桐8423,男,36,河南省,许昌,黄金,2023-05-08
U008424,陈浩然8424,女,47,湖南省,衡阳,普通,2023-08-14
U008425,黄嘉诚8425,男,24,江苏省,南京,黄金,2024-08-21
U008426,胡梓萱8426,男,36,上海市,上海,普通,2025-11-09
U008427,杨明轩8427,男,39,江苏省,南通,普通,2025-02-20
U008428,张诗涵8428,男,37,湖南省,岳阳,白银,2026-01-09
U008429,吴梓萱8429,男,23,四川省,南充,普通,2024-12-21
U008430,王明轩8430,男,29,福建省,福州,普通,2023-11-23
U008431,孙浩然8431,女,45,河北省,石家庄,普通,2024-10-29
U008432,王思源8432,男,20,江苏省,南通,普通,2023-10-01
U008433,赵欣然8433,女,42,广东省,珠海,普通,2024-10-31
U008434,杨浩然8434,女,36,广东省,东莞,普通,2023-01-24
U008435,徐嘉诚8435,女,27,山东省,临沂,普通,2024-04-13
U008436,王诗涵8436,男,28,山东省,济南,铂金,2026-03-06
U008437,吴思源8437,男,22,广东省,佛山,黑金,2023-07-24
U008438,黄梓萱8438,男,23,福建省,漳州,白银,2025-04-10
U008439,黄俊杰8439,女,26,江苏省,南京,普通,2025-04-16
U008440,张欣然8440,男,25,浙江省,温州,黑金,2025-06-12
U008441,黄子涵8441,女,30,广东省,佛山,铂金,2023-11-28
U008442,高梓萱8442,女,38,重庆市,重庆,白银,2024-10-05
U008443,孙佳怡8443,女,52,湖北省,荆州,普通,2025-09-13
U008444,胡嘉诚8444,男,16,浙江省,嘉兴,黄金,2023-03-19
U008445,孙俊杰8445,女,36,江苏省,苏州,普通,2025-02-10
U008446,孙明轩8446,男,51,湖南省,岳阳,普通,2026-04-05
U008447,刘雨桐8447,男,38,山东省,青岛,普通,2023-11-11
U008448,李浩然8448,男,37,山东省,潍坊,白银,2023-10-21
U008449,刘浩然8449,女,30,山东省,青岛,白银,2023-10-20
U008450,高明轩8450,男,16,福建省,莆田,普通,2023-07-05
U008451,周浩然8451,男,28,浙江省,绍兴,黄金,2024-11-11
U008452,李一诺8452,男,22,河北省,保定,普通,2023-05-15
U008453,张梓萱8453,男,25,浙江省,宁波,白银,2023-08-13
U008454,陈欣然8454,女,23,广东省,东莞,普通,2024-03-05
U008455,吴明轩8455,女,33,江苏省,南通,普通,2025-11-02
U008456,高雨桐8456,男,34,浙江省,绍兴,普通,2025-06-18
U008457,周梓萱8457,女,33,四川省,南充,普通,2024-03-06
U008458,周嘉诚8458,女,19,浙江省,宁波,白银,2024-11-21
U008459,陈诗涵8459,男,30,河南省,许昌,黄金,2025-01-05
U008460,赵欣然8460,女,47,湖北省,宜昌,普通,2024-12-31
U008461,徐佳怡8461,女,32,湖南省,长沙,白银,2024-07-02
U008462,孙梓萱8462,女,21,湖南省,衡阳,白银,2023-08-30
U008463,吴梓萱8463,男,29,浙江省,温州,铂金,2025-10-24
U008464,朱梓萱8464,男,30,河南省,郑州,普通,2023-04-02
U008465,陈子涵8465,男,33,北京市,北京,普通,2024-11-26
U008466,张佳怡8466,男,30,湖南省,衡阳,普通,2024-02-05
U008467,孙明轩8467,男,32,江苏省,常州,白银,2023-10-14
U008468,孙一诺8468,女,39,陕西省,宝鸡,普通,2026-05-29
U008469,张嘉诚8469,女,33,上海市,上海,普通,2025-02-02
U008470,徐思源8470,男,43,山东省,青岛,普通,2023-12-11
U008471,李雨桐8471,女,38,广东省,珠海,黄金,2025-06-09
U008472,孙梓萱8472,男,41,山东省,济南,铂金,2025-04-09
U008473,徐浩然8473,女,24,广东省,佛山,普通,2026-04-02
U008474,王明轩8474,男,31,江苏省,常州,普通,2024-07-02
U008475,杨雨桐8475,女,31,北京市,北京,普通,2023-02-25
U008476,胡一诺8476,女,39,浙江省,杭州,白银,2026-05-11
U008477,杨嘉诚8477,女,36,陕西省,咸阳,白银,2024-02-16
U008478,王嘉诚8478,女,19,浙江省,嘉兴,黄金,2024-12-24
U008479,黄思源8479,女,37,江苏省,常州,白银,2025-01-18
U008480,胡佳怡8480,男,31,广东省,佛山,白银,2025-10-21
U008481,徐明轩8481,女,30,湖北省,宜昌,普通,2024-10-17
U008482,刘诗涵8482,女,38,广东省,珠海,白银,2024-12-07
U008483,杨浩然8483,女,22,广东省,东莞,铂金,2023-08-06
U008484,黄思源8484,女,16,北京市,北京,黄金,2024-11-11
U008485,王思源8485,女,43,湖南省,衡阳,普通,2025-05-14
U008486,杨欣然8486,女,36,浙江省,杭州,黄金,2023-08-06
U008487,王诗涵8487,女,32,浙江省,宁波,普通,2026-05-27
U008488,陈欣然8488,男,24,浙江省,宁波,黑金,2025-06-01
U008489,吴佳怡8489,男,26,广东省,东莞,普通,2025-10-31
U008490,胡雨桐8490,男,25,上海市,上海,普通,2023-08-02
U008491,朱俊杰8491,女,26,福建省,莆田,普通,2023-04-12
U008492,李梓萱8492,女,29,北京市,北京,铂金,2023-06-24
U008493,胡浩然8493,女,39,浙江省,嘉兴,普通,2025-01-17
U008494,张子涵8494,男,33,河南省,新乡,普通,2023-03-01
U008495,王雨桐8495,男,35,浙江省,嘉兴,黄金,2026-04-14
U008496,杨诗涵8496,男,31,浙江省,绍兴,普通,2024-01-24
U008497,胡佳怡8497,男,37,河南省,郑州,黑金,2024-06-21
U008498,刘明轩8498,男,35,四川省,德阳,白银,2025-06-23
U008499,刘一诺8499,女,38,湖北省,武汉,普通,2026-01-16
U008500,孙诗涵8500,男,21,湖北省,荆州,普通,2023-10-01
U008501,孙浩然8501,男,34,山东省,烟台,黄金,2023-10-17
U008502,胡浩然8502,男,31,河南省,郑州,普通,2024-01-12
U008503,张一诺8503,女,21,河南省,洛阳,白银,2023-05-15
U008504,孙俊杰8504,女,33,江苏省,南通,普通,2025-03-14
U008505,徐嘉诚8505,男,25,河南省,南阳,普通,2023-12-14
U008506,赵一诺8506,男,40,安徽省,合肥,白银,2023-09-06
U008507,徐明轩8507,女,33,陕西省,咸阳,普通,2023-07-22
U008508,孙佳怡8508,男,30,山东省,潍坊,普通,2025-06-09
U008509,陈一诺8509,女,35,山东省,临沂,黑金,2024-02-07
U008510,周一诺8510,男,26,广东省,广州,普通,2023-06-09
U008511,杨思源8511,女,30,河南省,南阳,普通,2025-07-26
U008512,杨梓萱8512,男,19,江苏省,常州,普通,2023-08-27
U008513,黄思源8513,男,16,浙江省,杭州,普通,2025-06-27
U008514,孙思源8514,男,29,上海市,上海,普通,2024-11-16
U008515,吴俊杰8515,女,35,北京市,北京,普通,2023-11-01
U008516,高梓萱8516,男,42,广东省,深圳,黑金,2024-01-24
U008517,张梓萱8517,男,45,四川省,德阳,白银,2025-05-30
U008518,刘思源8518,女,36,广东省,广州,白银,2023-12-29
U008519,周一诺8519,男,23,重庆市,重庆,普通,2026-02-21
U008520,徐佳怡8520,女,16,浙江省,杭州,普通,2024-12-18
U008521,胡欣然8521,男,21,浙江省,宁波,普通,2023-07-24
U008522,胡雨桐8522,男,20,山东省,临沂,普通,2025-03-29
U008523,王明轩8523,男,39,广东省,深圳,普通,2024-03-28
U008524,高雨桐8524,男,32,江苏省,苏州,普通,2023-04-17
U008525,高思源8525,男,25,福建省,泉州,普通,2024-11-12
U008526,黄嘉诚8526,女,24,上海市,上海,黄金,2024-01-07
U008527,赵佳怡8527,男,31,浙江省,温州,铂金,2023-10-10
U008528,吴雨桐8528,女,22,浙江省,绍兴,白银,2023-11-26
U008529,李诗涵8529,男,41,浙江省,嘉兴,普通,2025-10-22
U008530,刘一诺8530,女,41,河南省,洛阳,普通,2025-03-21
U008531,陈俊杰8531,女,37,江苏省,南京,白银,2024-10-09
U008532,杨梓萱8532,女,24,广东省,珠海,普通,2024-10-30
U008533,刘浩然8533,女,16,江苏省,南京,黑金,2025-05-18
U008534,王思源8534,女,16,湖南省,岳阳,黄金,2025-08-21
U008535,周梓萱8535,女,42,四川省,南充,铂金,2025-07-22
U008536,赵俊杰8536,男,33,河北省,廊坊,白银,2023-12-20
U008537,吴子涵8537,男,24,广东省,佛山,白银,2024-11-07
U008538,张诗涵8538,女,24,四川省,德阳,白银,2025-01-04
U008539,李一诺8539,女,30,河北省,保定,普通,2023-05-10
U008540,刘浩然8540,女,33,上海市,上海,铂金,2026-03-25
U008541,吴俊杰8541,女,27,山东省,潍坊,普通,2023-02-28
U008542,张思源8542,女,29,江苏省,苏州,白银,2023-09-25
U008543,高欣然8543,女,38,广东省,珠海,黄金,2023-09-27
U008544,黄一诺8544,女,25,河北省,保定,黄金,2023-03-07
U008545,周明轩8545,女,49,广东省,佛山,白银,2024-02-04
U008546,高雨桐8546,女,36,广东省,佛山,黄金,2024-04-13
U008547,孙欣然8547,男,29,山东省,临沂,白银,2026-04-13
U008548,高梓萱8548,男,16,山东省,临沂,黄金,2024-07-29
U008549,赵佳怡8549,女,41,四川省,德阳,普通,2023-09-11
U008550,张子涵8550,女,17,广东省,深圳,白银,2025-08-13
U008551,徐子涵8551,女,19,陕西省,渭南,普通,2025-10-07
U008552,杨思源8552,女,50,重庆市,重庆,白银,2023-12-06
U008553,陈梓萱8553,女,21,江苏省,南通,白银,2025-05-03
U008554,刘俊杰8554,女,16,重庆市,重庆,普通,2024-06-17
U008555,周俊杰8555,男,28,四川省,宜宾,普通,2026-04-26
U008556,陈欣然8556,女,29,重庆市,重庆,普通,2025-04-14
U008557,刘佳怡8557,男,40,福建省,泉州,普通,2024-10-14
U008558,高浩然8558,女,35,广东省,东莞,普通,2023-08-21
U008559,刘思源8559,男,34,湖南省,株洲,普通,2024-05-09
U008560,周诗涵8560,男,24,广东省,广州,白银,2024-06-21
U008561,孙雨桐8561,男,32,湖南省,岳阳,普通,2025-06-30
U008562,周佳怡8562,男,36,浙江省,温州,普通,2025-05-19
U008563,孙一诺8563,男,29,上海市,上海,黄金,2023-11-23
U008564,赵雨桐8564,男,36,湖南省,衡阳,铂金,2025-11-06
U008565,朱一诺8565,男,25,福建省,漳州,白银,2023-08-12
U008566,王子涵8566,男,27,广东省,广州,普通,2023-01-15
U008567,徐雨桐8567,女,32,河北省,廊坊,黄金,2024-08-04
U008568,杨思源8568,男,36,重庆市,重庆,黄金,2023-08-04
U008569,高梓萱8569,男,42,四川省,绵阳,普通,2025-11-05
U008570,张嘉诚8570,男,34,广东省,佛山,白银,2026-01-07
U008571,高梓萱8571,女,35,上海市,上海,普通,2025-01-28
U008572,高思源8572,女,40,广东省,深圳,黄金,2024-08-21
U008573,徐雨桐8573,女,50,山东省,青岛,普通,2025-09-17
U008574,张俊杰8574,女,20,河北省,保定,普通,2025-11-25
U008575,刘嘉诚8575,男,16,江苏省,南京,白银,2024-03-21
U008576,李雨桐8576,男,31,陕西省,西安,黄金,2023-03-24
U008577,朱欣然8577,女,29,上海市,上海,黄金,2025-08-30
U008578,赵诗涵8578,男,31,浙江省,温州,普通,2025-02-18
U008579,杨诗涵8579,男,32,广东省,深圳,普通,2023-05-22
U008580,胡欣然8580,女,29,河南省,南阳,铂金,2023-07-06
U008581,高诗涵8581,女,39,上海市,上海,白银,2025-06-18
U008582,朱俊杰8582,男,25,江苏省,南京,普通,2025-01-02
U008583,李嘉诚8583,女,39,上海市,上海,白银,2026-03-31
U008584,朱明轩8584,女,39,山东省,青岛,黄金,2025-11-10
U008585,黄欣然8585,女,16,四川省,宜宾,普通,2025-01-20
U008586,杨子涵8586,女,40,重庆市,重庆,白银,2023-02-25
U008587,杨梓萱8587,男,33,湖南省,常德,普通,2026-04-15
U008588,朱嘉诚8588,女,16,江苏省,苏州,黄金,2025-12-24
U008589,朱浩然8589,男,27,江苏省,南通,白银,2026-06-20
U008590,孙雨桐8590,女,52,浙江省,宁波,普通,2024-09-06
U008591,王嘉诚8591,男,22,湖北省,黄冈,普通,2025-02-27
U008592,孙子涵8592,男,40,河北省,唐山,铂金,2026-01-29
U008593,吴浩然8593,男,42,上海市,上海,普通,2024-05-25
U008594,胡思源8594,男,32,河南省,新乡,普通,2023-01-25
U008595,朱嘉诚8595,女,26,浙江省,嘉兴,白银,2023-03-07
U008596,张诗涵8596,女,36,北京市,北京,白银,2024-11-20
U008597,高梓萱8597,男,47,安徽省,安庆,普通,2025-05-02
U008598,赵佳怡8598,男,32,重庆市,重庆,普通,2023-02-03
U008599,周俊杰8599,男,34,浙江省,温州,白银,2026-05-29
U008600,孙思源8600,男,16,上海市,上海,普通,2025-01-21
U008601,赵诗涵8601,女,46,重庆市,重庆,白银,2025-10-03
U008602,李梓萱8602,男,20,浙江省,嘉兴,普通,2024-07-22
U008603,王子涵8603,男,43,江苏省,无锡,普通,2025-05-17
U008604,刘子涵8604,女,29,四川省,南充,铂金,2026-06-23
U008605,黄明轩8605,男,16,山东省,临沂,普通,2025-12-23
U008606,李子涵8606,女,39,福建省,漳州,白银,2024-04-11
U008607,朱浩然8607,女,29,江苏省,常州,普通,2025-07-04
U008608,杨佳怡8608,女,22,湖北省,荆州,普通,2023-03-08
U008609,赵诗涵8609,男,24,湖北省,荆州,普通,2025-01-25
U008610,赵一诺8610,男,35,山东省,潍坊,黄金,2025-09-01
U008611,黄思源8611,女,24,河北省,保定,黄金,2023-05-19
U008612,李明轩8612,男,19,上海市,上海,白银,2025-07-25
U008613,吴明轩8613,男,25,重庆市,重庆,白银,2026-05-07
U008614,高子涵8614,女,31,广东省,深圳,普通,2026-05-19
U008615,陈诗涵8615,女,27,山东省,潍坊,普通,2026-02-21
U008616,徐嘉诚8616,女,28,湖北省,武汉,白银,2025-09-01
U008617,王思源8617,男,33,江苏省,无锡,普通,2024-04-07
U008618,吴雨桐8618,女,24,福建省,厦门,白银,2026-03-04
U008619,高浩然8619,女,19,江苏省,南通,普通,2025-12-01
U008620,孙雨桐8620,女,21,浙江省,温州,白银,2026-02-21
U008621,胡明轩8621,男,38,四川省,南充,铂金,2024-10-29
U008622,徐浩然8622,女,24,湖南省,长沙,铂金,2025-06-26
U008623,吴浩然8623,女,34,山东省,青岛,黄金,2026-04-09
U008624,胡子涵8624,男,51,浙江省,温州,普通,2024-12-20
U008625,徐子涵8625,男,25,四川省,绵阳,普通,2023-12-10
U008626,刘雨桐8626,男,16,广东省,佛山,普通,2023-01-16
U008627,赵一诺8627,女,40,山东省,临沂,普通,2024-09-14
U008628,赵一诺8628,女,25,福建省,漳州,白银,2025-02-16
U008629,赵欣然8629,女,21,山东省,济南,白银,2023-12-07
U008630,吴梓萱8630,男,20,江苏省,南京,铂金,2025-11-05
U008631,周雨桐8631,女,40,江苏省,无锡,黄金,2025-02-15
U008632,黄诗涵8632,男,24,江苏省,无锡,白银,2025-08-28
U008633,赵明轩8633,女,41,广东省,珠海,黄金,2024-09-11
U008634,王浩然8634,男,31,上海市,上海,黄金,2023-09-04
U008635,陈子涵8635,女,16,湖北省,黄冈,普通,2024-11-03
U008636,孙佳怡8636,女,40,广东省,深圳,白银,2024-05-17
U008637,杨一诺8637,男,40,广东省,深圳,黄金,2024-06-02
U008638,刘俊杰8638,男,30,湖南省,常德,普通,2025-05-08
U008639,王明轩8639,男,25,北京市,北京,普通,2024-11-07
U008640,吴雨桐8640,女,16,浙江省,温州,普通,2024-06-26
U008641,高俊杰8641,男,26,江苏省,无锡,普通,2025-03-25
U008642,黄俊杰8642,女,44,广东省,珠海,普通,2026-01-21
U008643,黄佳怡8643,女,36,陕西省,渭南,黄金,2025-09-08
U008644,黄子涵8644,男,42,山东省,青岛,普通,2025-01-30
U008645,刘明轩8645,男,24,江苏省,南京,普通,2023-10-04
U008646,孙一诺8646,男,32,湖南省,衡阳,普通,2025-03-16
U008647,李子涵8647,女,17,广东省,广州,普通,2023-03-29
U008648,杨明轩8648,男,20,广东省,东莞,黄金,2026-03-14
U008649,吴浩然8649,男,29,江苏省,常州,普通,2024-02-17
U008650,赵欣然8650,女,35,浙江省,杭州,白银,2024-12-18
U008651,杨诗涵8651,男,36,浙江省,杭州,普通,2024-05-30
U008652,高嘉诚8652,女,16,安徽省,阜阳,普通,2023-08-07
U008653,李欣然8653,男,35,山东省,济南,铂金,2025-09-14
U008654,刘子涵8654,女,18,福建省,厦门,普通,2023-10-19
U008655,赵明轩8655,女,38,江苏省,南通,普通,2025-11-25
U008656,陈子涵8656,男,47,河北省,石家庄,白银,2026-06-05
U008657,王俊杰8657,男,31,广东省,东莞,白银,2026-06-06
U008658,赵明轩8658,男,32,安徽省,阜阳,黄金,2024-06-05
U008659,张佳怡8659,男,21,四川省,成都,黄金,2024-10-14
U008660,张思源8660,女,40,四川省,绵阳,白银,2024-08-07
U008661,赵嘉诚8661,男,60,湖北省,武汉,白银,2025-10-26
U008662,张梓萱8662,女,27,四川省,南充,普通,2025-03-02
U008663,孙一诺8663,女,26,上海市,上海,黄金,2025-09-28
U008664,杨子涵8664,女,45,陕西省,渭南,白银,2025-09-23
U008665,孙明轩8665,女,41,四川省,南充,白银,2024-05-16
U008666,高梓萱8666,女,16,福建省,福州,普通,2023-05-10
U008667,张雨桐8667,男,36,四川省,德阳,黄金,2024-10-04
U008668,张诗涵8668,女,26,江苏省,南京,普通,2026-03-17
U008669,徐浩然8669,男,25,广东省,佛山,白银,2025-01-24
U008670,李明轩8670,女,16,安徽省,芜湖,白银,2025-03-04
U008671,黄思源8671,男,36,河南省,洛阳,普通,2023-11-19
U008672,刘俊杰8672,女,35,山东省,济南,白银,2024-01-26
U008673,黄浩然8673,女,26,山东省,青岛,黑金,2024-09-22
U008674,赵子涵8674,女,21,安徽省,阜阳,普通,2023-09-01
U008675,杨浩然8675,女,50,四川省,德阳,普通,2023-03-30
U008676,刘诗涵8676,男,28,江苏省,南通,普通,2024-10-21
U008677,胡诗涵8677,男,36,河北省,保定,黄金,2025-08-17
U008678,王梓萱8678,女,27,重庆市,重庆,普通,2024-02-27
U008679,陈嘉诚8679,女,27,浙江省,嘉兴,普通,2024-12-01
U008680,吴诗涵8680,女,34,湖南省,株洲,普通,2023-10-22
U008681,孙欣然8681,男,31,广东省,佛山,普通,2024-08-27
U008682,赵梓萱8682,男,38,山东省,潍坊,普通,2025-01-17
U008683,胡一诺8683,男,27,浙江省,温州,普通,2024-05-15
U008684,徐一诺8684,女,27,河北省,唐山,黑金,2023-07-13
U008685,陈浩然8685,男,37,湖北省,武汉,白银,2025-03-13
U008686,吴梓萱8686,男,16,广东省,东莞,白银,2025-09-15
U008687,赵浩然8687,男,35,湖南省,长沙,白银,2024-08-22
U008688,陈一诺8688,女,23,四川省,绵阳,黄金,2025-12-10
U008689,胡子涵8689,男,33,四川省,南充,普通,2024-02-28
U008690,高梓萱8690,女,33,河南省,洛阳,普通,2024-08-30
U008691,朱子涵8691,女,39,陕西省,宝鸡,黄金,2023-11-01
U008692,吴佳怡8692,女,26,广东省,广州,白银,2023-04-17
U008693,孙思源8693,男,38,山东省,潍坊,普通,2025-09-20
U008694,陈雨桐8694,女,43,浙江省,绍兴,普通,2024-08-09
U008695,杨思源8695,女,40,四川省,成都,普通,2024-08-05
U008696,周思源8696,女,28,湖南省,衡阳,普通,2025-11-22
U008697,周诗涵8697,男,35,北京市,北京,普通,2023-12-30
U008698,刘欣然8698,女,32,北京市,北京,黄金,2023-02-03
U008699,杨俊杰8699,男,42,山东省,潍坊,普通,2025-08-11
U008700,朱浩然8700,女,20,广东省,东莞,普通,2026-04-05
U008701,黄嘉诚8701,男,22,四川省,绵阳,普通,2023-03-07
U008702,周欣然8702,男,28,广东省,珠海,普通,2025-03-30
U008703,陈浩然8703,女,28,广东省,东莞,普通,2024-10-19
U008704,吴浩然8704,女,35,湖北省,武汉,白银,2024-12-04
U008705,胡一诺8705,女,28,浙江省,嘉兴,普通,2023-01-16
U008706,孙浩然8706,女,32,山东省,烟台,普通,2024-04-10
U008707,吴俊杰8707,女,24,广东省,珠海,铂金,2024-11-03
U008708,刘明轩8708,男,33,四川省,绵阳,黄金,2023-01-15
U008709,黄思源8709,男,33,广东省,珠海,普通,2023-04-05
U008710,刘思源8710,男,32,江苏省,常州,普通,2026-04-14
U008711,孙思源8711,男,24,陕西省,渭南,白银,2024-01-24
U008712,赵诗涵8712,男,34,上海市,上海,普通,2023-01-25
U008713,刘雨桐8713,男,23,江苏省,南通,白银,2023-12-14
U008714,徐俊杰8714,男,31,江苏省,南京,铂金,2023-10-13
U008715,刘嘉诚8715,女,16,山东省,烟台,普通,2024-08-16
U008716,胡诗涵8716,男,44,北京市,北京,黄金,2023-09-29
U008717,胡梓萱8717,男,17,江苏省,南通,普通,2025-09-16
U008718,王欣然8718,女,27,浙江省,嘉兴,白银,2023-11-16
U008719,张嘉诚8719,男,31,四川省,德阳,白银,2023-06-27
U008720,张佳怡8720,男,47,江苏省,南通,黄金,2024-05-04
U008721,刘浩然8721,男,35,江苏省,常州,普通,2025-11-30
U008722,周一诺8722,女,24,湖北省,宜昌,黄金,2023-07-01
U008723,徐子涵8723,女,41,广东省,深圳,普通,2023-10-02
U008724,黄子涵8724,女,36,广东省,佛山,普通,2024-04-30
U008725,孙佳怡8725,男,34,山东省,临沂,普通,2023-08-08
U008726,吴俊杰8726,女,39,福建省,漳州,普通,2024-01-11
U008727,李一诺8727,男,33,广东省,深圳,普通,2023-05-28
U008728,杨思源8728,男,29,湖南省,长沙,铂金,2025-04-18
U008729,赵雨桐8729,男,27,湖南省,长沙,黄金,2023-04-22
U008730,陈佳怡8730,男,19,上海市,上海,普通,2024-04-28
U008731,杨子涵8731,男,46,陕西省,渭南,黄金,2024-09-05
U008732,徐浩然8732,男,28,浙江省,嘉兴,普通,2025-08-12
U008733,黄思源8733,男,38,安徽省,阜阳,白银,2023-01-13
U008734,胡雨桐8734,女,16,福建省,泉州,普通,2024-01-22
U008735,黄思源8735,女,28,江苏省,常州,普通,2024-04-14
U008736,刘俊杰8736,男,18,河南省,郑州,黄金,2025-03-30
U008737,赵一诺8737,男,36,重庆市,重庆,黄金,2024-09-04
U008738,黄子涵8738,女,24,山东省,济南,铂金,2023-12-05
U008739,徐梓萱8739,女,26,四川省,德阳,普通,2025-06-23
U008740,吴俊杰8740,男,25,广东省,佛山,普通,2026-04-03
U008741,孙佳怡8741,男,33,河南省,南阳,普通,2024-06-25
U008742,高子涵8742,男,34,安徽省,芜湖,白银,2025-01-23
U008743,徐佳怡8743,女,37,河北省,石家庄,黄金,2024-11-24
U008744,胡梓萱8744,女,37,福建省,厦门,黄金,2023-12-10
U008745,张雨桐8745,男,36,江苏省,苏州,黄金,2025-12-31
U008746,胡明轩8746,女,39,浙江省,绍兴,普通,2024-12-27
U008747,周明轩8747,男,26,湖北省,荆州,普通,2025-01-01
U008748,胡雨桐8748,男,30,山东省,烟台,普通,2025-02-13
U008749,刘子涵8749,女,23,广东省,珠海,黄金,2023-08-21
U008750,孙明轩8750,女,31,陕西省,渭南,普通,2024-08-08
U008751,高明轩8751,女,34,山东省,潍坊,普通,2023-08-12
U008752,高一诺8752,女,16,上海市,上海,白银,2025-07-22
U008753,刘子涵8753,女,31,江苏省,南通,铂金,2023-06-30
U008754,吴浩然8754,女,39,四川省,南充,黄金,2023-06-05
U008755,高梓萱8755,女,56,浙江省,绍兴,白银,2025-01-02
U008756,张佳怡8756,男,18,浙江省,温州,普通,2026-03-08
U008757,赵梓萱8757,男,28,四川省,宜宾,白银,2023-11-19
U008758,胡梓萱8758,男,23,北京市,北京,普通,2024-04-23
U008759,李嘉诚8759,男,47,四川省,德阳,黄金,2025-11-11
U008760,徐一诺8760,男,43,河南省,郑州,普通,2023-11-03
U008761,赵明轩8761,男,37,广东省,佛山,白银,2024-09-29
U008762,徐梓萱8762,女,27,江苏省,苏州,黄金,2024-12-17
U008763,陈欣然8763,女,42,江苏省,苏州,白银,2025-09-08
U008764,徐雨桐8764,女,30,河北省,石家庄,普通,2025-12-01
U008765,李嘉诚8765,女,21,四川省,成都,普通,2026-03-14
U008766,李佳怡8766,男,28,广东省,珠海,黄金,2023-07-10
U008767,高俊杰8767,男,33,河北省,石家庄,白银,2023-05-24
U008768,陈一诺8768,女,45,湖南省,岳阳,白银,2023-07-07
U008769,徐梓萱8769,女,20,福建省,厦门,白银,2026-05-13
U008770,李浩然8770,男,17,浙江省,杭州,普通,2026-04-19
U008771,赵欣然8771,男,36,浙江省,嘉兴,普通,2025-06-13
U008772,杨一诺8772,女,52,北京市,北京,白银,2024-07-27
U008773,赵浩然8773,男,40,湖南省,常德,白银,2024-09-18
U008774,吴俊杰8774,男,36,重庆市,重庆,普通,2023-06-14
U008775,陈欣然8775,女,24,江苏省,南通,普通,2023-04-01
U008776,赵浩然8776,男,16,重庆市,重庆,普通,2025-11-15
U008777,王佳怡8777,女,24,广东省,深圳,普通,2023-10-24
U008778,朱佳怡8778,女,28,广东省,佛山,白银,2024-11-29
U008779,朱嘉诚8779,男,21,浙江省,杭州,普通,2023-01-18
U008780,高梓萱8780,女,31,浙江省,温州,普通,2024-02-01
U008781,陈诗涵8781,女,22,江苏省,南通,普通,2024-06-10
U008782,王浩然8782,女,29,河南省,郑州,普通,2024-06-29
U008783,周梓萱8783,男,35,江苏省,苏州,黄金,2023-03-06
U008784,孙明轩8784,男,44,广东省,广州,白银,2025-10-05
U008785,黄佳怡8785,男,41,河北省,廊坊,铂金,2024-06-25
U008786,徐雨桐8786,男,42,广东省,珠海,白银,2023-07-27
U008787,李嘉诚8787,女,28,浙江省,绍兴,黑金,2023-06-19
U008788,吴诗涵8788,女,38,陕西省,西安,普通,2024-09-04
U008789,张诗涵8789,女,21,安徽省,芜湖,黄金,2023-08-31
U008790,张佳怡8790,女,19,陕西省,西安,普通,2023-02-12
U008791,杨雨桐8791,女,35,上海市,上海,白银,2024-03-17
U008792,李明轩8792,女,28,江苏省,南通,普通,2024-08-04
U008793,刘浩然8793,男,36,河北省,廊坊,白银,2024-06-05
U008794,徐思源8794,男,29,陕西省,西安,普通,2023-12-17
U008795,胡欣然8795,男,32,上海市,上海,普通,2024-02-03
U008796,王雨桐8796,女,40,四川省,成都,白银,2026-04-06
U008797,胡一诺8797,女,39,浙江省,温州,普通,2023-01-06
U008798,孙诗涵8798,女,17,浙江省,嘉兴,普通,2024-10-06
U008799,李一诺8799,男,31,广东省,珠海,普通,2023-08-16
U008800,李嘉诚8800,女,16,陕西省,西安,黑金,2024-10-17
U008801,赵明轩8801,女,20,河南省,许昌,普通,2025-07-17
U008802,杨子涵8802,女,29,河南省,南阳,白银,2025-07-30
U008803,陈明轩8803,男,30,河北省,石家庄,普通,2023-08-18
U008804,高浩然8804,男,27,湖北省,武汉,黄金,2024-12-29
U008805,黄梓萱8805,男,28,山东省,临沂,铂金,2023-06-29
U008806,刘佳怡8806,男,41,河南省,洛阳,普通,2025-12-09
U008807,黄思源8807,男,34,浙江省,杭州,普通,2023-10-06
U008808,高子涵8808,男,32,浙江省,绍兴,白银,2023-03-18
U008809,李思源8809,女,29,北京市,北京,白银,2023-05-15
U008810,胡欣然8810,男,38,广东省,东莞,黄金,2025-09-14
U008811,周俊杰8811,男,19,广东省,广州,普通,2024-09-13
U008812,徐诗涵8812,女,30,广东省,深圳,黄金,2026-06-14
U008813,刘诗涵8813,男,43,北京市,北京,普通,2024-10-09
U008814,陈明轩8814,男,38,河南省,郑州,普通,2024-07-17
U008815,杨俊杰8815,女,34,山东省,烟台,白银,2024-12-12
U008816,朱欣然8816,女,39,广东省,佛山,铂金,2023-05-24
U008817,刘欣然8817,女,52,江苏省,常州,普通,2024-12-04
U008818,朱梓萱8818,男,50,江苏省,苏州,铂金,2024-08-04
U008819,胡子涵8819,女,23,广东省,佛山,白银,2025-07-14
U008820,周子涵8820,女,43,安徽省,合肥,白银,2025-04-02
U008821,李俊杰8821,男,28,福建省,泉州,普通,2025-06-08
U008822,吴一诺8822,男,33,江苏省,苏州,铂金,2026-03-02
U008823,张诗涵8823,女,32,北京市,北京,白银,2026-02-01
U008824,陈佳怡8824,男,26,广东省,佛山,黑金,2026-01-15
U008825,张诗涵8825,女,27,湖北省,宜昌,铂金,2023-09-15
U008826,周明轩8826,男,40,山东省,烟台,白银,2023-10-02
U008827,朱佳怡8827,男,43,江苏省,南京,黄金,2025-02-15
U008828,胡思源8828,女,16,江苏省,常州,普通,2024-07-24
U008829,李浩然8829,男,43,湖北省,宜昌,普通,2023-09-02
U008830,吴梓萱8830,女,44,山东省,济南,黄金,2023-11-12
U008831,黄佳怡8831,男,24,安徽省,合肥,普通,2025-06-13
U008832,李嘉诚8832,女,47,广东省,广州,普通,2024-12-15
U008833,杨一诺8833,男,24,江苏省,南京,普通,2025-11-24
U008834,吴浩然8834,男,16,四川省,成都,普通,2025-07-17
U008835,杨佳怡8835,女,37,江苏省,南京,普通,2023-06-12
U008836,徐子涵8836,男,27,湖北省,荆州,普通,2023-11-15
U008837,徐雨桐8837,女,38,上海市,上海,普通,2024-01-05
U008838,吴嘉诚8838,女,35,浙江省,杭州,普通,2025-04-18
U008839,杨一诺8839,女,16,江苏省,南通,普通,2025-10-25
U008840,杨俊杰8840,女,25,北京市,北京,普通,2025-08-16
U008841,张俊杰8841,男,35,重庆市,重庆,黄金,2026-06-16
U008842,孙子涵8842,女,31,广东省,广州,黄金,2023-12-30
U008843,杨思源8843,男,36,湖北省,荆州,普通,2024-01-03
U008844,杨子涵8844,女,38,上海市,上海,黄金,2024-12-13
U008845,胡子涵8845,男,46,广东省,广州,铂金,2023-04-22
U008846,陈梓萱8846,男,22,重庆市,重庆,普通,2024-08-30
U008847,杨明轩8847,女,39,江苏省,无锡,普通,2024-09-30
U008848,胡佳怡8848,女,22,四川省,成都,普通,2026-02-04
U008849,黄浩然8849,女,28,四川省,南充,黄金,2025-03-02
U008850,徐诗涵8850,男,28,上海市,上海,普通,2026-03-06
U008851,陈佳怡8851,女,41,河南省,郑州,普通,2025-01-28
U008852,孙思源8852,女,35,浙江省,宁波,普通,2023-08-31
U008853,杨浩然8853,男,26,广东省,广州,白银,2024-04-18
U008854,王明轩8854,男,35,湖南省,株洲,普通,2024-02-06
U008855,高浩然8855,女,26,广东省,广州,普通,2025-07-30
U008856,吴欣然8856,男,43,浙江省,宁波,普通,2023-11-09
U008857,朱嘉诚8857,女,43,湖北省,黄冈,白银,2025-10-17
U008858,胡浩然8858,男,34,四川省,南充,铂金,2025-09-17
U008859,刘雨桐8859,女,30,河南省,郑州,普通,2025-12-07
U008860,孙雨桐8860,男,29,山东省,济南,普通,2023-06-19
U008861,孙梓萱8861,女,37,河北省,廊坊,普通,2023-03-16
U008862,黄一诺8862,男,19,山东省,潍坊,铂金,2026-04-27
U008863,吴俊杰8863,女,23,浙江省,嘉兴,铂金,2024-11-15
U008864,胡嘉诚8864,男,45,福建省,福州,普通,2025-01-05
U008865,高俊杰8865,男,51,江苏省,常州,黄金,2023-06-04
U008866,张雨桐8866,男,24,上海市,上海,普通,2023-08-25
U008867,杨俊杰8867,男,23,河南省,南阳,普通,2025-09-06
U008868,吴嘉诚8868,男,33,江苏省,苏州,普通,2023-03-13
U008869,吴俊杰8869,女,28,广东省,东莞,普通,2023-07-26
U008870,徐梓萱8870,男,21,河北省,石家庄,普通,2023-03-04
U008871,张浩然8871,女,56,湖南省,株洲,普通,2024-06-05
U008872,刘明轩8872,男,34,山东省,临沂,普通,2023-06-28
U008873,胡思源8873,女,22,重庆市,重庆,普通,2024-05-01
U008874,黄思源8874,男,20,上海市,上海,普通,2026-02-17
U008875,刘一诺8875,女,37,陕西省,咸阳,黑金,2025-03-23
U008876,李梓萱8876,男,33,广东省,东莞,普通,2023-08-14
U008877,张子涵8877,女,23,山东省,潍坊,白银,2023-11-17
U008878,杨雨桐8878,女,29,湖南省,衡阳,白银,2025-09-12
U008879,杨子涵8879,男,35,山东省,济南,普通,2024-02-22
U008880,朱诗涵8880,男,18,江苏省,无锡,黄金,2026-03-16
U008881,张雨桐8881,女,19,广东省,深圳,普通,2025-08-31
U008882,吴梓萱8882,女,17,河北省,石家庄,普通,2025-05-17
U008883,陈明轩8883,男,37,浙江省,杭州,普通,2025-07-05
U008884,赵欣然8884,男,32,浙江省,宁波,普通,2023-08-19
U008885,高明轩8885,女,45,北京市,北京,白银,2024-11-01
U008886,李欣然8886,女,29,河北省,廊坊,普通,2024-03-08
U008887,王思源8887,男,38,山东省,临沂,普通,2024-04-19
U008888,王诗涵8888,女,21,湖北省,宜昌,铂金,2025-11-02
U008889,孙明轩8889,男,34,北京市,北京,白银,2023-04-30
U008890,周一诺8890,男,34,江苏省,南京,白银,2025-07-10
U008891,张明轩8891,男,34,福建省,泉州,白银,2024-10-08
U008892,刘一诺8892,男,35,北京市,北京,普通,2024-09-23
U008893,黄俊杰8893,女,43,广东省,东莞,普通,2023-04-28
U008894,王思源8894,男,26,湖北省,荆州,普通,2025-06-10
U008895,刘一诺8895,男,29,广东省,广州,普通,2026-01-18
U008896,陈梓萱8896,男,51,重庆市,重庆,普通,2026-03-13
U008897,吴佳怡8897,男,21,广东省,广州,黑金,2025-03-31
U008898,赵明轩8898,女,29,福建省,泉州,白银,2024-04-11
U008899,胡梓萱8899,男,37,河南省,新乡,普通,2025-01-19
U008900,杨梓萱8900,女,43,安徽省,阜阳,普通,2024-05-28
U008901,孙浩然8901,女,46,北京市,北京,白银,2024-02-06
U008902,吴欣然8902,女,40,广东省,佛山,普通,2025-07-23
U008903,徐思源8903,男,31,北京市,北京,普通,2023-04-11
U008904,李一诺8904,女,21,湖北省,武汉,白银,2026-03-01
U008905,王思源8905,男,30,浙江省,温州,铂金,2023-08-22
U008906,杨梓萱8906,女,30,上海市,上海,黄金,2023-07-15
U008907,李嘉诚8907,女,37,河北省,唐山,白银,2023-04-19
U008908,徐佳怡8908,女,36,广东省,东莞,白银,2025-04-02
U008909,陈佳怡8909,女,28,江苏省,常州,普通,2024-04-21
U008910,陈雨桐8910,女,23,上海市,上海,黄金,2025-08-22
U008911,张梓萱8911,男,27,福建省,莆田,普通,2026-01-28
U008912,杨一诺8912,女,36,江苏省,南通,普通,2024-04-01
U008913,刘诗涵8913,女,30,四川省,绵阳,白银,2024-02-21
U008914,徐明轩8914,女,37,江苏省,苏州,普通,2023-10-02
U008915,刘梓萱8915,男,31,浙江省,杭州,铂金,2025-12-26
U008916,高诗涵8916,男,43,广东省,广州,普通,2025-02-26
U008917,刘俊杰8917,女,38,北京市,北京,白银,2025-03-02
U008918,吴明轩8918,女,35,江苏省,苏州,普通,2025-07-20
U008919,张一诺8919,女,35,福建省,莆田,白银,2024-07-20
U008920,吴诗涵8920,男,29,河南省,南阳,普通,2023-04-17
U008921,孙佳怡8921,男,40,浙江省,温州,铂金,2026-05-31
U008922,周明轩8922,男,24,福建省,泉州,普通,2024-12-30
U008923,王雨桐8923,女,36,广东省,珠海,普通,2025-06-29
U008924,赵佳怡8924,男,39,浙江省,杭州,黄金,2023-12-13
U008925,赵浩然8925,男,33,安徽省,芜湖,普通,2023-10-17
U008926,吴俊杰8926,女,16,湖北省,荆州,普通,2023-02-18
U008927,周一诺8927,男,34,福建省,莆田,白银,2024-01-06
U008928,孙诗涵8928,男,21,江苏省,无锡,普通,2023-08-20
U008929,赵子涵8929,女,32,山东省,临沂,白银,2023-01-24
U008930,杨俊杰8930,女,34,浙江省,绍兴,普通,2024-11-22
U008931,杨佳怡8931,男,34,山东省,临沂,普通,2023-05-26
U008932,杨嘉诚8932,男,16,河北省,石家庄,白银,2023-03-25
U008933,高嘉诚8933,女,24,上海市,上海,铂金,2023-09-22
U008934,朱欣然8934,女,26,浙江省,杭州,黑金,2025-07-22
U008935,胡嘉诚8935,男,38,安徽省,阜阳,黑金,2025-01-01
U008936,高雨桐8936,女,16,湖北省,荆州,普通,2024-08-02
U008937,杨雨桐8937,男,22,重庆市,重庆,黄金,2024-01-20
U008938,李诗涵8938,女,39,浙江省,绍兴,普通,2025-03-28
U008939,朱子涵8939,男,22,重庆市,重庆,黄金,2024-08-13
U008940,李梓萱8940,女,26,山东省,青岛,普通,2026-02-01
U008941,张梓萱8941,男,24,浙江省,嘉兴,白银,2026-05-06
U008942,徐嘉诚8942,女,21,湖南省,岳阳,普通,2024-11-26
U008943,杨一诺8943,男,34,浙江省,温州,普通,2025-08-23
U008944,徐嘉诚8944,女,30,江苏省,南京,黄金,2025-01-14
U008945,赵俊杰8945,女,26,江苏省,苏州,普通,2023-11-15
U008946,赵浩然8946,男,38,浙江省,温州,黄金,2026-05-13
U008947,李明轩8947,男,38,安徽省,阜阳,白银,2023-03-08
U008948,张俊杰8948,女,24,北京市,北京,白银,2024-07-08
U008949,刘梓萱8949,男,32,广东省,东莞,普通,2024-06-18
U008950,张浩然8950,男,31,江苏省,无锡,白银,2023-07-17
U008951,王子涵8951,女,43,江苏省,无锡,普通,2024-03-20
U008952,胡诗涵8952,女,28,河北省,唐山,普通,2023-08-02
U008953,陈浩然8953,女,30,广东省,佛山,普通,2023-11-24
U008954,高思源8954,男,35,浙江省,宁波,铂金,2025-11-24
U008955,孙一诺8955,男,39,陕西省,渭南,普通,2026-06-19
U008956,黄俊杰8956,女,16,河南省,郑州,白银,2024-01-16
U008957,黄明轩8957,女,33,浙江省,嘉兴,普通,2026-05-21
U008958,杨欣然8958,男,42,重庆市,重庆,白银,2024-08-21
U008959,朱思源8959,女,36,重庆市,重庆,白银,2023-04-14
U008960,黄雨桐8960,女,27,浙江省,绍兴,普通,2024-05-29
U008961,徐思源8961,女,34,河南省,许昌,普通,2025-02-28
U008962,朱明轩8962,女,27,湖南省,株洲,普通,2023-07-13
U008963,吴梓萱8963,女,53,河南省,新乡,普通,2024-12-06
U008964,刘佳怡8964,女,42,山东省,烟台,普通,2025-01-25
U008965,朱梓萱8965,女,39,广东省,珠海,白银,2026-02-06
U008966,张俊杰8966,女,30,河南省,洛阳,普通,2024-08-06
U008967,赵子涵8967,女,35,湖南省,株洲,黄金,2023-05-30
U008968,高诗涵8968,男,42,广东省,深圳,普通,2025-02-15
U008969,王子涵8969,男,18,江苏省,常州,普通,2025-03-10
U008970,周嘉诚8970,女,27,河南省,许昌,黑金,2026-02-19
U008971,赵一诺8971,女,37,湖南省,岳阳,普通,2025-11-15
U008972,孙梓萱8972,女,35,浙江省,嘉兴,黑金,2023-07-01
U008973,朱欣然8973,男,47,湖北省,宜昌,黄金,2024-10-14
U008974,王明轩8974,女,38,湖南省,长沙,普通,2023-05-21
U008975,王嘉诚8975,男,29,河南省,郑州,黄金,2023-01-06
U008976,李诗涵8976,男,25,上海市,上海,白银,2025-07-30
U008977,吴佳怡8977,女,32,广东省,珠海,普通,2026-02-17
U008978,高佳怡8978,女,20,河北省,保定,黄金,2025-05-20
U008979,赵嘉诚8979,女,28,浙江省,绍兴,白银,2026-04-25
U008980,朱子涵8980,女,40,湖南省,长沙,普通,2023-05-23
U008981,李佳怡8981,男,27,河南省,郑州,黄金,2026-05-21
U008982,刘梓萱8982,男,31,福建省,厦门,白银,2023-06-08
U008983,陈一诺8983,男,25,江苏省,常州,普通,2023-08-17
U008984,高诗涵8984,男,19,河北省,唐山,白银,2024-03-16
U008985,李诗涵8985,男,29,安徽省,合肥,普通,2025-07-14
U008986,张俊杰8986,女,48,陕西省,西安,普通,2023-08-05
U008987,赵欣然8987,女,41,浙江省,杭州,黄金,2026-05-09
U008988,陈诗涵8988,女,23,江苏省,苏州,普通,2025-08-23
U008989,朱俊杰8989,女,22,广东省,广州,白银,2023-06-02
U008990,黄嘉诚8990,女,37,四川省,德阳,铂金,2024-09-20
U008991,周欣然8991,男,32,河南省,郑州,白银,2025-08-12
U008992,胡一诺8992,男,32,广东省,东莞,普通,2025-03-07
U008993,王浩然8993,男,36,北京市,北京,普通,2026-03-15
U008994,徐诗涵8994,男,41,四川省,宜宾,白银,2023-04-15
U008995,李诗涵8995,男,16,陕西省,西安,普通,2025-08-05
U008996,黄子涵8996,女,26,广东省,东莞,普通,2024-11-06
U008997,徐思源8997,男,37,山东省,烟台,普通,2025-08-11
U008998,朱俊杰8998,男,16,山东省,济南,白银,2023-08-21
U008999,王诗涵8999,女,28,陕西省,渭南,普通,2025-07-20
U009000,高一诺9000,男,47,浙江省,杭州,普通,2025-08-25
U009001,王嘉诚9001,男,34,湖南省,常德,白银,2025-07-02
U009002,徐佳怡9002,女,16,广东省,佛山,普通,2023-11-17
U009003,杨嘉诚9003,男,23,山东省,济南,白银,2024-06-07
U009004,周一诺9004,女,22,广东省,珠海,白银,2023-03-01
U009005,徐明轩9005,女,24,北京市,北京,普通,2023-09-22
U009006,徐诗涵9006,男,16,安徽省,阜阳,普通,2026-05-05
U009007,高雨桐9007,女,28,重庆市,重庆,普通,2025-09-22
U009008,孙梓萱9008,女,31,北京市,北京,普通,2026-03-26
U009009,吴诗涵9009,男,17,上海市,上海,普通,2026-05-24
U009010,赵俊杰9010,女,34,北京市,北京,普通,2024-06-23
U009011,周梓萱9011,女,36,广东省,珠海,铂金,2026-01-29
U009012,陈明轩9012,男,34,浙江省,绍兴,白银,2023-04-08
U009013,刘佳怡9013,女,31,湖南省,长沙,普通,2023-06-08
U009014,吴梓萱9014,女,16,四川省,成都,普通,2024-01-11
U009015,吴一诺9015,女,34,四川省,德阳,铂金,2024-02-27
U009016,张明轩9016,男,41,山东省,潍坊,普通,2026-01-20
U009017,黄梓萱9017,男,31,陕西省,宝鸡,普通,2024-05-14
U009018,朱思源9018,女,40,山东省,济南,白银,2023-06-11
U009019,徐梓萱9019,男,22,浙江省,嘉兴,铂金,2023-02-14
U009020,杨嘉诚9020,男,16,山东省,临沂,白银,2023-10-20
U009021,王思源9021,女,22,福建省,福州,普通,2023-06-24
U009022,吴浩然9022,女,22,河北省,廊坊,普通,2023-03-09
U009023,朱雨桐9023,女,25,河南省,许昌,普通,2025-11-28
U009024,刘一诺9024,男,33,四川省,宜宾,黑金,2024-04-02
U009025,黄雨桐9025,女,28,浙江省,绍兴,白银,2023-03-08
U009026,高欣然9026,男,29,湖南省,岳阳,普通,2024-05-18
U009027,张欣然9027,男,43,福建省,福州,普通,2023-05-17
U009028,高明轩9028,女,28,河南省,新乡,黑金,2023-02-14
U009029,胡子涵9029,男,43,湖北省,宜昌,黄金,2023-05-14
U009030,李子涵9030,男,32,上海市,上海,普通,2024-01-28
U009031,陈欣然9031,男,46,山东省,烟台,普通,2024-08-19
U009032,陈梓萱9032,女,33,浙江省,绍兴,普通,2025-07-25
U009033,周浩然9033,男,32,四川省,宜宾,普通,2023-09-22
U009034,朱佳怡9034,男,25,浙江省,嘉兴,普通,2025-04-07
U009035,王嘉诚9035,女,41,江苏省,苏州,白银,2023-08-16
U009036,杨诗涵9036,女,16,福建省,莆田,普通,2024-06-21
U009037,王雨桐9037,男,21,陕西省,宝鸡,普通,2024-01-20
U009038,吴雨桐9038,男,31,江苏省,常州,白银,2025-09-16
U009039,王浩然9039,男,50,浙江省,杭州,普通,2024-06-20
U009040,赵诗涵9040,男,24,湖北省,宜昌,普通,2025-05-08
U009041,陈子涵9041,女,44,山东省,烟台,黄金,2023-02-28
U009042,朱佳怡9042,男,31,上海市,上海,普通,2024-04-28
U009043,杨欣然9043,女,32,河南省,许昌,白银,2023-12-26
U009044,刘明轩9044,女,24,北京市,北京,普通,2024-07-13
U009045,朱诗涵9045,男,31,广东省,佛山,普通,2024-02-06
U009046,胡嘉诚9046,男,22,湖北省,武汉,普通,2023-03-17
U009047,黄梓萱9047,男,52,陕西省,西安,铂金,2025-01-18
U009048,徐思源9048,女,28,湖南省,衡阳,白银,2026-03-10
U009049,周浩然9049,女,36,广东省,珠海,铂金,2024-08-28
U009050,黄俊杰9050,男,26,北京市,北京,白银,2023-01-03
U009051,黄明轩9051,女,24,浙江省,绍兴,普通,2026-01-16
U009052,赵梓萱9052,女,37,河南省,南阳,黄金,2023-11-14
U009053,孙浩然9053,男,43,广东省,珠海,黄金,2024-06-28
U009054,李梓萱9054,男,29,山东省,潍坊,黑金,2025-02-05
U009055,周诗涵9055,男,29,上海市,上海,白银,2023-07-27
U009056,黄诗涵9056,男,28,上海市,上海,普通,2024-03-14
U009057,陈梓萱9057,女,58,重庆市,重庆,黄金,2026-05-02
U009058,孙诗涵9058,男,43,北京市,北京,白银,2023-07-02
U009059,朱明轩9059,男,38,广东省,广州,普通,2024-09-29
U009060,徐佳怡9060,男,38,河南省,洛阳,黄金,2024-07-20
U009061,孙思源9061,女,21,湖南省,株洲,普通,2024-11-24
U009062,周诗涵9062,男,32,广东省,深圳,普通,2025-08-17
U009063,赵嘉诚9063,男,35,福建省,厦门,黄金,2026-01-29
U009064,陈一诺9064,男,38,湖北省,襄阳,普通,2024-10-15
U009065,张诗涵9065,男,34,浙江省,宁波,普通,2025-12-03
U009066,吴一诺9066,男,23,山东省,潍坊,普通,2025-10-03
U009067,胡浩然9067,女,25,湖北省,荆州,铂金,2023-11-07
U009068,王俊杰9068,男,29,广东省,佛山,白银,2024-12-20
U009069,赵雨桐9069,男,39,江苏省,常州,铂金,2025-03-18
U009070,王雨桐9070,女,16,浙江省,杭州,黄金,2025-07-07
U009071,胡浩然9071,男,35,山东省,济南,铂金,2025-03-11
U009072,孙一诺9072,女,21,广东省,广州,普通,2024-02-09
U009073,王嘉诚9073,男,25,浙江省,温州,普通,2025-12-23
U009074,周俊杰9074,女,38,浙江省,宁波,普通,2024-07-03
U009075,徐梓萱9075,男,37,江苏省,南京,黄金,2023-06-09
U009076,周欣然9076,女,44,广东省,珠海,普通,2025-05-30
U009077,赵一诺9077,女,41,江苏省,南通,铂金,2023-02-03
U009078,周诗涵9078,男,34,安徽省,阜阳,铂金,2024-09-21
U009079,高子涵9079,女,34,四川省,宜宾,普通,2025-10-19
U009080,王子涵9080,男,43,山东省,临沂,普通,2025-02-09
U009081,高雨桐9081,男,37,浙江省,杭州,黄金,2026-01-12
U009082,刘浩然9082,男,37,湖南省,衡阳,普通,2026-06-08
U009083,周雨桐9083,男,43,浙江省,杭州,普通,2025-01-27
U009084,朱明轩9084,男,16,陕西省,宝鸡,普通,2025-09-18
U009085,徐明轩9085,男,30,四川省,成都,普通,2023-02-06
U009086,朱一诺9086,男,37,湖南省,衡阳,普通,2024-04-07
U009087,胡佳怡9087,女,17,上海市,上海,普通,2023-06-02
U009088,朱佳怡9088,男,37,江苏省,南京,黄金,2023-11-11
U009089,陈明轩9089,女,20,湖北省,武汉,黄金,2025-07-06
U009090,赵梓萱9090,女,49,浙江省,杭州,普通,2026-05-16
U009091,李佳怡9091,女,32,江苏省,南京,普通,2023-11-14
U009092,周诗涵9092,男,21,四川省,绵阳,黄金,2024-02-23
U009093,徐佳怡9093,男,28,江苏省,无锡,普通,2024-06-16
U009094,吴明轩9094,女,22,上海市,上海,白银,2025-09-03
U009095,陈诗涵9095,女,33,湖北省,荆州,白银,2024-01-19
U009096,杨思源9096,男,38,江苏省,常州,铂金,2024-09-22
U009097,吴明轩9097,男,16,山东省,潍坊,普通,2024-11-23
U009098,黄子涵9098,女,16,江苏省,苏州,普通,2023-07-11
U009099,朱明轩9099,女,28,福建省,福州,黄金,2023-12-30
U009100,吴思源9100,男,23,安徽省,安庆,黄金,2024-01-28
U009101,胡嘉诚9101,女,42,河南省,新乡,普通,2023-02-06
U009102,陈一诺9102,男,20,江苏省,苏州,普通,2024-06-21
U009103,杨雨桐9103,男,25,北京市,北京,白银,2026-04-02
U009104,赵梓萱9104,男,41,广东省,深圳,普通,2025-01-04
U009105,徐一诺9105,女,42,山东省,临沂,普通,2025-05-13
U009106,刘俊杰9106,女,19,上海市,上海,黄金,2023-02-09
U009107,徐浩然9107,女,31,北京市,北京,黄金,2024-11-26
U009108,张佳怡9108,女,42,山东省,烟台,普通,2025-08-27
U009109,刘诗涵9109,男,24,浙江省,嘉兴,普通,2024-06-04
U009110,周嘉诚9110,男,44,北京市,北京,铂金,2025-11-01
U009111,李俊杰9111,女,33,广东省,深圳,普通,2025-01-20
U009112,吴浩然9112,女,25,安徽省,合肥,黑金,2024-03-08
U009113,王诗涵9113,男,23,陕西省,宝鸡,黄金,2025-12-26
U009114,胡梓萱9114,男,40,四川省,成都,普通,2024-12-31
U009115,朱一诺9115,女,31,山东省,临沂,普通,2023-11-20
U009116,王思源9116,男,32,上海市,上海,白银,2023-11-06
U009117,周欣然9117,女,25,湖南省,衡阳,黄金,2025-01-17
U009118,高雨桐9118,女,35,重庆市,重庆,黑金,2025-06-27
U009119,吴一诺9119,男,37,广东省,佛山,白银,2024-06-18
U009120,刘雨桐9120,男,32,安徽省,芜湖,普通,2025-02-27
U009121,高嘉诚9121,男,32,山东省,临沂,普通,2023-08-12
U009122,周思源9122,男,32,重庆市,重庆,白银,2024-09-02
U009123,胡俊杰9123,男,43,上海市,上海,铂金,2023-03-29
U009124,王思源9124,男,37,山东省,烟台,普通,2024-03-17
U009125,徐俊杰9125,女,17,江苏省,南京,普通,2025-01-25
U009126,朱浩然9126,女,30,河南省,新乡,铂金,2026-03-24
U009127,张梓萱9127,女,26,湖北省,荆州,普通,2024-10-05
U009128,李思源9128,男,41,山东省,临沂,黄金,2024-09-19
U009129,李梓萱9129,女,30,河北省,廊坊,黑金,2025-07-13
U009130,赵梓萱9130,男,33,山东省,青岛,白银,2023-03-19
U009131,朱俊杰9131,男,26,北京市,北京,黄金,2023-12-13
U009132,吴明轩9132,男,28,浙江省,温州,普通,2024-10-06
U009133,王佳怡9133,女,27,广东省,佛山,普通,2026-06-17
U009134,李嘉诚9134,男,19,四川省,成都,普通,2025-08-18
U009135,孙梓萱9135,女,19,上海市,上海,白银,2023-04-12
U009136,孙诗涵9136,男,27,陕西省,渭南,白银,2025-04-20
U009137,朱子涵9137,女,49,湖南省,岳阳,普通,2023-08-09
U009138,张思源9138,男,31,河南省,郑州,普通,2024-12-16
U009139,朱一诺9139,男,33,四川省,成都,普通,2025-06-18
U009140,徐梓萱9140,女,23,广东省,东莞,普通,2025-06-14
U009141,赵雨桐9141,女,41,河南省,新乡,铂金,2026-01-04
U009142,吴嘉诚9142,女,45,四川省,绵阳,白银,2024-11-04
U009143,李佳怡9143,女,45,江苏省,南京,黄金,2025-03-17
U009144,周明轩9144,女,39,江苏省,南通,白银,2023-09-28
U009145,朱子涵9145,男,19,广东省,东莞,普通,2025-08-20
U009146,高一诺9146,女,16,河南省,许昌,黄金,2023-06-18
U009147,孙雨桐9147,女,24,广东省,深圳,普通,2025-02-07
U009148,孙一诺9148,女,29,浙江省,温州,普通,2025-06-03
U009149,朱梓萱9149,女,39,湖南省,常德,白银,2025-03-22
U009150,李明轩9150,女,29,浙江省,温州,黄金,2025-06-23
U009151,张子涵9151,女,42,重庆市,重庆,普通,2023-05-19
U009152,高明轩9152,男,32,江苏省,无锡,白银,2025-02-09
U009153,杨雨桐9153,男,24,浙江省,杭州,普通,2026-03-31
U009154,黄嘉诚9154,女,33,河南省,新乡,普通,2023-08-18
U009155,张俊杰9155,女,32,广东省,珠海,普通,2024-04-05
U009156,孙思源9156,男,27,江苏省,常州,普通,2024-07-11
U009157,杨梓萱9157,女,21,河南省,新乡,白银,2024-09-12
U009158,陈诗涵9158,女,44,陕西省,咸阳,白银,2024-09-27
U009159,徐佳怡9159,女,30,上海市,上海,黄金,2025-09-30
U009160,刘子涵9160,女,38,安徽省,安庆,普通,2024-03-19
U009161,周浩然9161,女,22,上海市,上海,普通,2023-02-16
U009162,刘一诺9162,女,29,河南省,许昌,普通,2025-07-17
U009163,赵诗涵9163,女,16,山东省,青岛,普通,2024-01-16
U009164,孙一诺9164,男,37,河北省,唐山,普通,2025-01-19
U009165,朱诗涵9165,男,21,河北省,石家庄,普通,2023-04-12
U009166,张一诺9166,女,38,福建省,福州,普通,2024-11-15
U009167,朱佳怡9167,男,30,广东省,东莞,普通,2024-01-10
U009168,朱嘉诚9168,男,25,北京市,北京,铂金,2025-09-20
U009169,朱浩然9169,男,32,北京市,北京,普通,2025-01-09
U009170,陈欣然9170,女,22,浙江省,嘉兴,普通,2023-07-29
U009171,高思源9171,女,16,浙江省,温州,黄金,2025-06-29
U009172,陈思源9172,男,28,广东省,珠海,普通,2026-04-18
U009173,李梓萱9173,男,46,陕西省,西安,普通,2023-04-20
U009174,朱佳怡9174,男,29,山东省,济南,普通,2024-05-08
U009175,杨诗涵9175,女,25,江苏省,无锡,铂金,2023-06-22
U009176,黄欣然9176,男,34,江苏省,常州,白银,2024-09-25
U009177,朱俊杰9177,女,19,浙江省,温州,白银,2025-02-06
U009178,陈明轩9178,男,34,广东省,东莞,普通,2023-07-20
U009179,胡梓萱9179,女,23,重庆市,重庆,普通,2023-01-10
U009180,赵浩然9180,男,29,江苏省,常州,普通,2026-05-09
U009181,张诗涵9181,女,37,湖北省,襄阳,普通,2024-01-27
U009182,黄明轩9182,女,36,陕西省,渭南,黑金,2025-06-11
U009183,孙子涵9183,女,21,北京市,北京,普通,2025-04-06
U009184,杨俊杰9184,男,40,广东省,东莞,普通,2023-01-06
U009185,陈俊杰9185,男,30,山东省,济南,黑金,2024-08-30
U009186,张佳怡9186,男,40,四川省,绵阳,黑金,2025-10-24
U009187,黄子涵9187,男,36,河北省,保定,白银,2025-07-09
U009188,赵佳怡9188,男,33,广东省,深圳,普通,2023-10-25
U009189,陈佳怡9189,男,36,重庆市,重庆,白银,2023-04-08
U009190,刘嘉诚9190,男,29,陕西省,咸阳,普通,2024-09-06
U009191,李子涵9191,女,24,上海市,上海,普通,2026-05-15
U009192,王思源9192,女,22,湖北省,武汉,普通,2025-08-05
U009193,李诗涵9193,男,22,浙江省,杭州,白银,2024-02-05
U009194,高俊杰9194,女,34,广东省,佛山,普通,2023-11-15
U009195,张俊杰9195,男,25,重庆市,重庆,黄金,2024-03-20
U009196,赵嘉诚9196,女,29,安徽省,阜阳,普通,2024-04-06
U009197,张佳怡9197,女,22,广东省,珠海,白银,2024-02-06
U009198,朱浩然9198,女,23,北京市,北京,普通,2025-09-24
U009199,胡思源9199,男,25,江苏省,常州,白银,2024-02-16
U009200,杨欣然9200,女,34,陕西省,宝鸡,普通,2024-11-13
U009201,吴嘉诚9201,女,49,浙江省,宁波,普通,2023-03-24
U009202,张俊杰9202,女,37,河南省,许昌,普通,2025-06-10
U009203,赵思源9203,男,23,河北省,石家庄,普通,2025-03-02
U009204,孙思源9204,女,24,浙江省,温州,普通,2026-04-12
U009205,孙嘉诚9205,女,35,福建省,泉州,普通,2024-05-01
U009206,张俊杰9206,男,21,山东省,潍坊,黑金,2025-07-02
U009207,刘佳怡9207,女,17,福建省,泉州,铂金,2023-10-09
U009208,杨诗涵9208,男,42,重庆市,重庆,普通,2024-12-09
U009209,刘思源9209,女,32,广东省,广州,普通,2023-02-19
U009210,黄思源9210,女,23,河南省,新乡,普通,2023-09-28
U009211,周欣然9211,女,30,浙江省,嘉兴,白银,2023-02-16
U009212,陈俊杰9212,男,26,福建省,漳州,普通,2026-03-26
U009213,王诗涵9213,女,37,湖南省,株洲,白银,2026-03-08
U009214,刘佳怡9214,男,16,陕西省,西安,普通,2026-03-21
U009215,孙子涵9215,男,49,江苏省,苏州,普通,2023-12-04
U009216,王一诺9216,男,31,重庆市,重庆,白银,2024-03-09
U009217,朱一诺9217,女,42,江苏省,无锡,白银,2023-11-24
U009218,刘子涵9218,女,30,广东省,深圳,普通,2023-08-25
U009219,李思源9219,女,37,湖南省,岳阳,普通,2024-02-01
U009220,陈佳怡9220,女,34,广东省,东莞,普通,2024-02-01
U009221,赵梓萱9221,女,22,福建省,厦门,黄金,2026-01-14
U009222,朱子涵9222,女,23,湖北省,荆州,普通,2023-10-10
U009223,吴思源9223,女,17,湖北省,黄冈,普通,2026-01-21
U009224,吴一诺9224,男,19,湖南省,常德,白银,2025-09-17
U009225,李佳怡9225,女,16,江苏省,常州,普通,2024-09-24
U009226,黄明轩9226,男,16,上海市,上海,普通,2023-09-03
U009227,高子涵9227,男,36,江苏省,苏州,普通,2024-11-17
U009228,孙雨桐9228,男,37,北京市,北京,普通,2024-08-14
U009229,徐梓萱9229,男,37,山东省,潍坊,普通,2026-06-23
U009230,孙诗涵9230,男,22,河北省,廊坊,普通,2023-12-03
U009231,张思源9231,女,43,湖北省,宜昌,普通,2024-03-10
U009232,赵浩然9232,女,43,湖南省,长沙,黄金,2023-07-27
U009233,徐思源9233,女,22,四川省,德阳,普通,2025-03-12
U009234,胡诗涵9234,男,51,广东省,深圳,铂金,2025-10-22
U009235,徐明轩9235,男,27,重庆市,重庆,黄金,2024-05-16
U009236,胡子涵9236,女,26,陕西省,西安,白银,2025-08-06
U009237,赵佳怡9237,女,40,江苏省,南京,普通,2026-04-03
U009238,孙俊杰9238,男,41,浙江省,绍兴,普通,2023-01-16
U009239,孙浩然9239,男,18,江苏省,南通,白银,2023-09-06
U009240,吴嘉诚9240,男,16,河南省,许昌,普通,2025-05-11
U009241,徐嘉诚9241,女,16,山东省,济南,白银,2025-05-12
U009242,王明轩9242,男,28,江苏省,常州,白银,2023-04-27
U009243,王思源9243,女,42,湖南省,长沙,普通,2025-07-04
U009244,赵子涵9244,女,43,江苏省,常州,黑金,2024-02-09
U009245,胡子涵9245,女,40,浙江省,宁波,普通,2025-08-22
U009246,徐俊杰9246,女,41,重庆市,重庆,普通,2024-06-16
U009247,李明轩9247,男,17,陕西省,咸阳,普通,2026-02-02
U009248,杨思源9248,男,28,江苏省,南通,铂金,2023-02-23
U009249,李嘉诚9249,男,27,浙江省,杭州,黄金,2025-04-28
U009250,李雨桐9250,女,29,浙江省,宁波,黄金,2026-02-12
U009251,高佳怡9251,女,32,湖南省,长沙,白银,2025-09-15
U009252,张诗涵9252,女,25,广东省,佛山,白银,2025-12-24
U009253,徐俊杰9253,女,16,广东省,珠海,白银,2023-03-28
U009254,孙欣然9254,男,37,福建省,厦门,普通,2026-04-03
U009255,高浩然9255,男,30,江苏省,苏州,普通,2025-10-26
U009256,胡明轩9256,女,37,北京市,北京,白银,2023-10-09
U009257,高明轩9257,女,44,江苏省,常州,白银,2025-01-21
U009258,高明轩9258,男,44,河南省,郑州,普通,2024-02-12
U009259,陈思源9259,男,35,四川省,德阳,普通,2023-02-10
U009260,陈雨桐9260,女,26,浙江省,温州,黄金,2023-11-16
U009261,王雨桐9261,男,26,河北省,唐山,白银,2023-08-03
U009262,杨思源9262,女,24,重庆市,重庆,普通,2024-05-01
U009263,孙浩然9263,男,40,广东省,佛山,铂金,2024-12-09
U009264,高思源9264,男,38,河南省,郑州,白银,2023-08-16
U009265,朱欣然9265,女,32,广东省,佛山,普通,2023-11-12
U009266,王一诺9266,女,21,江苏省,南京,白银,2025-10-12
U009267,朱诗涵9267,女,25,广东省,深圳,普通,2023-05-23
U009268,高俊杰9268,男,41,江苏省,南京,普通,2026-03-11
U009269,杨子涵9269,男,38,福建省,莆田,黄金,2023-07-05
U009270,赵雨桐9270,男,35,北京市,北京,普通,2024-07-20
U009271,王思源9271,男,21,江苏省,南通,铂金,2024-06-09
U009272,李明轩9272,女,35,广东省,佛山,普通,2023-03-03
U009273,李嘉诚9273,男,45,安徽省,合肥,普通,2023-04-19
U009274,吴浩然9274,男,36,山东省,临沂,普通,2025-12-15
U009275,孙子涵9275,男,41,四川省,南充,普通,2023-12-12
U009276,徐雨桐9276,女,45,江苏省,常州,黄金,2024-09-17
U009277,刘欣然9277,男,33,浙江省,杭州,普通,2025-11-07
U009278,李雨桐9278,女,18,安徽省,芜湖,普通,2023-10-21
U009279,孙思源9279,男,36,山东省,潍坊,铂金,2024-05-31
U009280,张思源9280,女,26,湖南省,株洲,普通,2025-06-01
U009281,周俊杰9281,女,42,山东省,潍坊,黄金,2024-12-12
U009282,孙明轩9282,男,36,山东省,潍坊,白银,2023-07-14
U009283,吴欣然9283,女,25,福建省,莆田,黄金,2024-12-27
U009284,陈一诺9284,女,44,广东省,深圳,黄金,2026-05-01
U009285,孙雨桐9285,男,37,山东省,青岛,普通,2025-11-16
U009286,陈诗涵9286,女,45,河北省,唐山,白银,2024-11-30
U009287,王欣然9287,女,25,浙江省,绍兴,普通,2025-11-12
U009288,周浩然9288,女,19,浙江省,宁波,普通,2023-09-16
U009289,李一诺9289,女,19,广东省,东莞,普通,2023-10-26
U009290,胡子涵9290,男,25,浙江省,宁波,白银,2024-06-26
U009291,吴欣然9291,男,23,浙江省,杭州,白银,2023-04-13
U009292,王雨桐9292,男,20,山东省,临沂,普通,2023-01-03
U009293,孙思源9293,男,20,福建省,厦门,白银,2024-12-22
U009294,刘梓萱9294,男,22,北京市,北京,铂金,2025-03-01
U009295,胡嘉诚9295,女,25,四川省,宜宾,黄金,2025-08-19
U009296,赵俊杰9296,女,29,河北省,廊坊,普通,2023-11-01
U009297,徐明轩9297,男,28,江苏省,苏州,普通,2023-09-09
U009298,孙佳怡9298,男,27,四川省,绵阳,铂金,2023-05-01
U009299,孙明轩9299,女,20,上海市,上海,白银,2025-07-31
U009300,孙俊杰9300,女,35,重庆市,重庆,普通,2025-10-25
U009301,黄浩然9301,男,26,山东省,青岛,普通,2023-08-07
U009302,吴嘉诚9302,女,36,浙江省,温州,普通,2024-01-17
U009303,周嘉诚9303,男,16,广东省,深圳,白银,2023-08-22
U009304,孙欣然9304,女,27,河南省,洛阳,普通,2023-11-07
U009305,刘雨桐9305,女,18,重庆市,重庆,白银,2025-05-07
U009306,孙雨桐9306,女,42,江苏省,南京,黄金,2023-07-09
U009307,李思源9307,男,38,湖南省,株洲,普通,2025-06-29
U009308,李一诺9308,女,28,河南省,南阳,普通,2024-01-09
U009309,吴嘉诚9309,女,36,广东省,深圳,普通,2024-03-21
U009310,周明轩9310,男,43,江苏省,常州,普通,2025-03-07
U009311,杨梓萱9311,女,44,浙江省,嘉兴,铂金,2025-11-15
U009312,朱一诺9312,男,43,浙江省,绍兴,白银,2024-08-24
U009313,孙明轩9313,女,17,上海市,上海,普通,2023-06-14
U009314,孙佳怡9314,男,40,江苏省,常州,白银,2023-04-15
U009315,高佳怡9315,女,29,福建省,泉州,黄金,2025-10-25
U009316,陈佳怡9316,女,38,山东省,青岛,黄金,2023-09-28
U009317,孙嘉诚9317,女,20,北京市,北京,白银,2024-01-04
U009318,李雨桐9318,女,55,山东省,济南,普通,2025-11-28
U009319,陈欣然9319,男,31,广东省,珠海,白银,2026-03-20
U009320,徐嘉诚9320,男,24,河北省,唐山,黑金,2025-08-26
U009321,杨嘉诚9321,女,33,山东省,潍坊,普通,2024-05-20
U009322,黄欣然9322,女,26,山东省,烟台,黄金,2023-07-01
U009323,孙诗涵9323,男,40,河北省,廊坊,黄金,2023-12-05
U009324,徐欣然9324,女,31,浙江省,绍兴,黄金,2024-02-23
U009325,黄嘉诚9325,男,44,浙江省,温州,普通,2025-05-23
U009326,李明轩9326,男,39,浙江省,宁波,普通,2023-08-04
U009327,刘欣然9327,男,31,江苏省,常州,普通,2025-09-03
U009328,杨子涵9328,女,28,广东省,广州,白银,2024-11-28
U009329,刘雨桐9329,女,40,陕西省,咸阳,黄金,2024-03-04
U009330,吴梓萱9330,男,43,江苏省,南通,黄金,2023-04-25
U009331,黄佳怡9331,男,16,四川省,南充,普通,2024-12-17
U009332,陈俊杰9332,女,40,江苏省,南通,黄金,2025-10-05
U009333,黄思源9333,男,36,河北省,廊坊,普通,2024-08-26
U009334,杨浩然9334,女,26,广东省,广州,普通,2026-06-22
U009335,杨浩然9335,男,48,湖北省,武汉,普通,2023-03-20
U009336,王雨桐9336,女,32,北京市,北京,普通,2026-04-12
U009337,杨诗涵9337,男,36,重庆市,重庆,普通,2024-07-14
U009338,杨思源9338,女,36,重庆市,重庆,普通,2023-03-11
U009339,孙一诺9339,男,28,河南省,新乡,白银,2026-05-19
U009340,王欣然9340,男,20,江苏省,南京,普通,2025-12-06
U009341,徐浩然9341,男,39,安徽省,阜阳,普通,2026-02-13
U009342,朱明轩9342,女,18,湖南省,株洲,普通,2026-01-18
U009343,高浩然9343,女,39,江苏省,常州,普通,2023-11-22
U009344,黄一诺9344,女,41,广东省,广州,普通,2025-12-20
U009345,刘思源9345,女,37,四川省,南充,普通,2023-02-19
U009346,吴嘉诚9346,男,25,四川省,宜宾,黄金,2025-09-30
U009347,吴佳怡9347,女,40,山东省,潍坊,普通,2023-02-26
U009348,周俊杰9348,男,46,湖北省,荆州,普通,2024-10-06
U009349,周欣然9349,男,16,湖南省,长沙,普通,2026-02-21
U009350,吴一诺9350,男,26,湖北省,襄阳,普通,2023-09-07
U009351,王明轩9351,男,40,山东省,临沂,白银,2025-12-06
U009352,周子涵9352,女,42,浙江省,杭州,普通,2024-08-23
U009353,朱浩然9353,男,36,广东省,东莞,普通,2023-02-05
U009354,徐一诺9354,女,37,陕西省,宝鸡,普通,2023-02-23
U009355,吴俊杰9355,男,32,江苏省,常州,普通,2024-07-16
U009356,赵雨桐9356,男,32,山东省,临沂,白银,2024-10-29
U009357,朱一诺9357,男,39,河北省,石家庄,白银,2023-05-30
U009358,高诗涵9358,女,35,河南省,南阳,普通,2026-05-16
U009359,张一诺9359,女,16,四川省,宜宾,铂金,2025-03-07
U009360,王雨桐9360,女,25,广东省,佛山,白银,2026-04-16
U009361,徐一诺9361,女,40,安徽省,阜阳,白银,2026-01-16
U009362,李子涵9362,女,28,广东省,东莞,黄金,2023-11-21
U009363,张梓萱9363,女,26,湖北省,襄阳,白银,2024-06-01
U009364,高欣然9364,女,31,山东省,烟台,普通,2024-11-07
U009365,孙浩然9365,女,40,广东省,珠海,白银,2024-12-28
U009366,朱梓萱9366,男,32,浙江省,嘉兴,白银,2025-02-20
U009367,王佳怡9367,女,49,河北省,石家庄,普通,2025-06-14
U009368,胡一诺9368,男,34,广东省,广州,白银,2026-03-19
U009369,吴浩然9369,女,26,河北省,唐山,白银,2024-09-18
U009370,黄一诺9370,女,32,浙江省,绍兴,普通,2024-10-01
U009371,张俊杰9371,男,29,浙江省,嘉兴,白银,2025-02-11
U009372,陈思源9372,男,26,广东省,广州,普通,2026-06-12
U009373,赵欣然9373,女,35,湖南省,岳阳,白银,2024-04-03
U009374,刘明轩9374,男,24,江苏省,南京,白银,2023-12-15
U009375,杨明轩9375,男,17,广东省,广州,普通,2026-03-16
U009376,赵一诺9376,男,26,江苏省,无锡,普通,2026-03-06
U009377,朱子涵9377,男,24,浙江省,绍兴,普通,2026-01-09
U009378,吴一诺9378,女,21,湖南省,株洲,黄金,2023-01-04
U009379,张诗涵9379,女,41,浙江省,杭州,铂金,2024-09-17
U009380,李嘉诚9380,女,24,河南省,新乡,铂金,2023-03-14
U009381,王子涵9381,女,27,河南省,许昌,普通,2025-08-25
U009382,黄欣然9382,女,31,河南省,南阳,白银,2024-08-06
U009383,胡一诺9383,男,17,湖北省,宜昌,黄金,2025-02-22
U009384,杨子涵9384,男,48,江苏省,南通,黄金,2023-09-03
U009385,朱欣然9385,男,37,山东省,济南,普通,2025-06-21
U009386,胡俊杰9386,男,37,陕西省,西安,普通,2023-04-12
U009387,张浩然9387,女,40,广东省,珠海,普通,2025-06-17
U009388,杨明轩9388,男,35,广东省,广州,普通,2023-04-03
U009389,黄思源9389,女,22,四川省,宜宾,普通,2024-02-10
U009390,高欣然9390,女,31,浙江省,温州,普通,2025-12-08
U009391,陈雨桐9391,男,29,福建省,莆田,普通,2023-01-18
U009392,王雨桐9392,男,35,广东省,佛山,普通,2025-03-01
U009393,朱梓萱9393,男,26,山东省,潍坊,黄金,2025-09-18
U009394,徐诗涵9394,女,16,河北省,廊坊,普通,2023-10-19
U009395,赵思源9395,男,16,北京市,北京,白银,2025-01-28
U009396,孙一诺9396,女,34,河南省,南阳,白银,2025-09-04
U009397,吴雨桐9397,男,46,湖南省,常德,白银,2026-04-24
U009398,赵俊杰9398,男,16,浙江省,嘉兴,普通,2024-05-30
U009399,高一诺9399,女,35,河南省,郑州,普通,2023-04-16
U009400,刘浩然9400,女,44,江苏省,南通,黄金,2024-07-21
U009401,周子涵9401,男,36,河南省,郑州,普通,2023-02-11
U009402,王诗涵9402,男,44,湖南省,株洲,普通,2026-04-02
U009403,李嘉诚9403,男,44,四川省,德阳,普通,2023-10-23
U009404,高明轩9404,女,28,浙江省,绍兴,白银,2024-11-23
U009405,吴雨桐9405,女,42,河南省,洛阳,普通,2023-10-18
U009406,朱浩然9406,男,39,四川省,宜宾,黄金,2025-09-15
U009407,孙雨桐9407,男,25,广东省,广州,普通,2024-10-10
U009408,朱子涵9408,女,36,北京市,北京,白银,2026-05-08
U009409,孙俊杰9409,女,29,陕西省,宝鸡,白银,2023-06-03
U009410,吴俊杰9410,男,27,广东省,东莞,白银,2026-05-16
U009411,朱明轩9411,女,29,广东省,深圳,普通,2023-12-01
U009412,黄雨桐9412,女,34,上海市,上海,普通,2025-04-16
U009413,李思源9413,男,28,上海市,上海,普通,2025-08-20
U009414,张思源9414,男,33,上海市,上海,白银,2026-03-16
U009415,张子涵9415,男,36,河北省,保定,普通,2026-05-09
U009416,周梓萱9416,女,45,河南省,南阳,普通,2023-11-17
U009417,孙子涵9417,女,22,安徽省,阜阳,普通,2023-07-13
U009418,吴嘉诚9418,男,24,四川省,南充,黄金,2024-01-29
U009419,赵雨桐9419,女,27,重庆市,重庆,白银,2023-05-16
U009420,张思源9420,女,29,山东省,济南,普通,2024-01-17
U009421,高明轩9421,女,33,河北省,保定,普通,2025-10-20
U009422,刘诗涵9422,男,24,江苏省,南京,普通,2025-03-03
U009423,陈雨桐9423,女,38,福建省,漳州,白银,2023-09-17
U009424,杨一诺9424,男,38,江苏省,南京,普通,2023-02-13
U009425,赵雨桐9425,女,42,浙江省,宁波,普通,2024-07-29
U009426,吴嘉诚9426,男,34,湖南省,长沙,普通,2026-06-16
U009427,张浩然9427,男,50,四川省,绵阳,普通,2025-04-17
U009428,刘思源9428,女,27,四川省,成都,黄金,2024-11-16
U009429,高明轩9429,男,35,山东省,潍坊,黄金,2024-09-28
U009430,吴一诺9430,女,32,广东省,珠海,白银,2023-04-09
U009431,周佳怡9431,女,37,河南省,洛阳,普通,2026-02-14
U009432,杨梓萱9432,女,48,福建省,厦门,普通,2025-08-30
U009433,赵诗涵9433,男,33,重庆市,重庆,黄金,2025-05-23
U009434,高梓萱9434,男,19,江苏省,南京,普通,2025-09-04
U009435,吴思源9435,男,44,广东省,东莞,普通,2023-04-02
U009436,王佳怡9436,女,21,浙江省,嘉兴,普通,2024-05-10
U009437,杨子涵9437,男,35,湖北省,黄冈,黄金,2023-08-06
U009438,高一诺9438,女,22,江苏省,无锡,白银,2025-06-14
U009439,徐梓萱9439,女,36,山东省,临沂,普通,2025-04-27
U009440,王浩然9440,女,26,广东省,东莞,黄金,2023-11-20
U009441,朱佳怡9441,女,28,浙江省,杭州,黄金,2023-04-06
U009442,朱欣然9442,女,21,江苏省,常州,普通,2024-06-14
U009443,徐欣然9443,男,30,广东省,广州,白银,2025-06-28
U009444,王一诺9444,女,33,湖北省,宜昌,普通,2026-03-02
U009445,李诗涵9445,女,33,四川省,成都,普通,2024-07-09
U009446,陈明轩9446,女,26,重庆市,重庆,普通,2023-01-11
U009447,张思源9447,女,29,广东省,佛山,普通,2024-06-30
U009448,张子涵9448,男,38,广东省,东莞,黑金,2023-12-16
U009449,高欣然9449,女,25,福建省,厦门,白银,2024-04-22
U009450,吴浩然9450,男,19,江苏省,常州,铂金,2023-11-16
U009451,李思源9451,女,27,浙江省,温州,普通,2026-04-24
U009452,刘明轩9452,女,16,广东省,珠海,黄金,2025-09-18
U009453,杨思源9453,男,32,安徽省,合肥,白银,2025-02-07
U009454,刘明轩9454,女,41,广东省,佛山,黄金,2024-11-25
U009455,杨浩然9455,男,23,广东省,深圳,普通,2024-10-15
U009456,胡思源9456,男,24,上海市,上海,普通,2024-04-23
U009457,杨梓萱9457,男,25,湖北省,武汉,普通,2024-08-06
U009458,李嘉诚9458,女,29,江苏省,常州,普通,2026-01-02
U009459,杨佳怡9459,女,43,广东省,珠海,黄金,2023-03-12
U009460,周浩然9460,男,23,北京市,北京,普通,2025-05-09
U009461,李浩然9461,男,36,上海市,上海,普通,2025-10-09
U009462,刘俊杰9462,女,29,河南省,洛阳,黄金,2024-10-29
U009463,张明轩9463,女,41,江苏省,南通,铂金,2023-01-03
U009464,刘佳怡9464,男,16,陕西省,宝鸡,白银,2025-03-30
U009465,孙佳怡9465,男,23,河北省,唐山,黄金,2023-03-06
U009466,黄思源9466,男,35,上海市,上海,黄金,2025-10-04
U009467,陈俊杰9467,女,36,重庆市,重庆,普通,2024-03-01
U009468,周一诺9468,女,26,上海市,上海,普通,2025-07-29
U009469,朱俊杰9469,女,33,安徽省,芜湖,黄金,2024-08-06
U009470,刘欣然9470,女,38,广东省,珠海,普通,2025-02-02
U009471,赵诗涵9471,男,30,浙江省,宁波,普通,2026-01-25
U009472,赵梓萱9472,女,30,江苏省,苏州,铂金,2026-03-01
U009473,李诗涵9473,男,16,湖南省,株洲,普通,2025-04-19
U009474,赵浩然9474,男,39,江苏省,常州,黄金,2023-08-17
U009475,陈梓萱9475,男,34,北京市,北京,普通,2023-11-20
U009476,王欣然9476,女,31,浙江省,嘉兴,普通,2023-04-12
U009477,王一诺9477,女,41,广东省,广州,普通,2023-12-01
U009478,杨诗涵9478,女,44,山东省,青岛,普通,2025-04-21
U009479,陈欣然9479,男,38,河北省,廊坊,普通,2025-08-07
U009480,陈一诺9480,男,26,山东省,烟台,普通,2025-03-24
U009481,吴雨桐9481,女,20,安徽省,安庆,白银,2023-03-08
U009482,徐欣然9482,女,25,上海市,上海,普通,2024-12-21
U009483,徐浩然9483,男,36,河北省,唐山,白银,2023-11-01
U009484,高思源9484,女,40,湖南省,长沙,普通,2024-08-18
U009485,吴俊杰9485,女,43,广东省,佛山,普通,2024-02-03
U009486,张嘉诚9486,女,29,福建省,泉州,普通,2023-11-07
U009487,徐梓萱9487,男,28,浙江省,绍兴,普通,2024-05-15
U009488,王子涵9488,女,19,广东省,佛山,白银,2026-02-05
U009489,孙佳怡9489,女,27,湖南省,岳阳,普通,2024-09-05
U009490,孙思源9490,女,29,安徽省,合肥,普通,2026-06-19
U009491,吴一诺9491,女,28,山东省,烟台,普通,2024-08-09
U009492,胡俊杰9492,男,16,湖北省,宜昌,白银,2024-10-09
U009493,周嘉诚9493,男,41,福建省,漳州,普通,2024-06-17
U009494,徐浩然9494,男,30,浙江省,杭州,普通,2024-03-19
U009495,杨诗涵9495,女,19,湖北省,荆州,普通,2023-09-04
U009496,李思源9496,女,55,上海市,上海,普通,2025-03-20
U009497,吴子涵9497,男,23,湖南省,常德,普通,2025-01-19
U009498,李俊杰9498,男,21,河北省,廊坊,白银,2023-02-19
U009499,朱嘉诚9499,男,32,湖南省,衡阳,普通,2026-06-05
U009500,李雨桐9500,男,24,福建省,漳州,白银,2025-09-28
U009501,朱诗涵9501,女,32,山东省,青岛,铂金,2026-05-01
U009502,孙子涵9502,女,40,河南省,南阳,普通,2026-01-03
U009503,刘俊杰9503,男,33,浙江省,宁波,黄金,2025-09-15
U009504,黄思源9504,男,18,北京市,北京,黄金,2023-05-12
U009505,张嘉诚9505,女,20,四川省,宜宾,普通,2023-10-08
U009506,张诗涵9506,男,39,湖南省,岳阳,白银,2024-05-18
U009507,赵梓萱9507,女,40,湖北省,荆州,普通,2025-09-23
U009508,徐思源9508,男,39,北京市,北京,普通,2025-05-05
U009509,刘明轩9509,女,24,江苏省,南通,普通,2026-06-19
U009510,朱一诺9510,男,36,河北省,保定,白银,2025-11-20
U009511,吴嘉诚9511,女,16,安徽省,合肥,普通,2025-10-25
U009512,高梓萱9512,男,33,江苏省,苏州,黄金,2024-05-07
U009513,胡梓萱9513,女,19,浙江省,杭州,普通,2023-08-05
U009514,吴俊杰9514,女,24,广东省,广州,普通,2024-10-05
U009515,周思源9515,女,31,山东省,济南,普通,2023-03-31
U009516,吴思源9516,女,54,山东省,济南,普通,2024-11-30
U009517,朱佳怡9517,女,28,重庆市,重庆,白银,2024-07-26
U009518,黄明轩9518,男,17,安徽省,阜阳,普通,2024-06-26
U009519,李俊杰9519,女,41,湖北省,武汉,白银,2023-09-15
U009520,刘嘉诚9520,男,52,重庆市,重庆,普通,2023-05-23
U009521,杨一诺9521,女,19,江苏省,南京,普通,2026-05-09
U009522,赵雨桐9522,女,26,河南省,郑州,普通,2026-04-04
U009523,王俊杰9523,男,25,山东省,烟台,白银,2025-09-30
U009524,孙梓萱9524,女,29,河北省,保定,普通,2024-03-26
U009525,黄思源9525,女,40,广东省,深圳,普通,2025-01-26
U009526,徐子涵9526,女,39,北京市,北京,普通,2023-10-26
U009527,王雨桐9527,女,18,山东省,潍坊,普通,2024-01-14
U009528,周诗涵9528,男,23,上海市,上海,普通,2024-06-12
U009529,高诗涵9529,男,42,山东省,青岛,普通,2023-07-07
U009530,高思源9530,女,32,山东省,济南,白银,2024-10-03
U009531,徐浩然9531,男,23,河南省,郑州,普通,2025-01-31
U009532,陈子涵9532,男,21,江苏省,无锡,白银,2023-07-02
U009533,黄浩然9533,女,27,安徽省,安庆,白银,2025-12-05
U009534,赵一诺9534,女,53,河南省,洛阳,普通,2025-07-20
U009535,胡思源9535,男,35,江苏省,南京,白银,2025-11-17
U009536,刘梓萱9536,女,36,安徽省,安庆,白银,2025-08-07
U009537,周雨桐9537,男,29,广东省,珠海,普通,2026-05-26
U009538,孙雨桐9538,男,18,江苏省,南京,普通,2024-08-26
U009539,陈浩然9539,女,33,四川省,成都,普通,2023-08-22
U009540,朱一诺9540,男,32,江苏省,无锡,普通,2025-05-14
U009541,周欣然9541,男,30,福建省,漳州,普通,2023-11-15
U009542,刘子涵9542,男,52,重庆市,重庆,普通,2024-04-18
U009543,黄梓萱9543,女,24,上海市,上海,白银,2025-03-31
U009544,张佳怡9544,女,29,浙江省,杭州,普通,2025-09-20
U009545,朱嘉诚9545,男,32,湖北省,荆州,普通,2023-07-15
U009546,李梓萱9546,女,34,广东省,东莞,普通,2023-11-24
U009547,周俊杰9547,男,41,重庆市,重庆,白银,2023-12-07
U009548,高雨桐9548,男,32,山东省,济南,普通,2023-04-22
U009549,陈佳怡9549,女,28,广东省,广州,普通,2026-03-20
U009550,胡明轩9550,女,40,重庆市,重庆,普通,2023-08-16
U009551,陈子涵9551,男,36,浙江省,杭州,普通,2025-09-14
U009552,赵诗涵9552,男,18,浙江省,宁波,白银,2025-12-02
U009553,刘诗涵9553,女,19,浙江省,绍兴,普通,2024-11-17
U009554,张嘉诚9554,男,27,广东省,佛山,黄金,2023-06-03
U009555,陈梓萱9555,女,27,山东省,临沂,普通,2023-07-27
U009556,孙雨桐9556,女,16,重庆市,重庆,黄金,2024-11-13
U009557,张诗涵9557,男,39,浙江省,温州,铂金,2024-06-27
U009558,徐诗涵9558,男,16,四川省,南充,普通,2025-10-06
U009559,孙诗涵9559,男,32,上海市,上海,黄金,2025-02-27
U009560,吴嘉诚9560,女,22,广东省,东莞,普通,2024-09-25
U009561,徐梓萱9561,男,36,江苏省,无锡,白银,2024-08-24
U009562,李诗涵9562,男,32,河南省,许昌,普通,2023-11-13
U009563,王思源9563,男,38,浙江省,嘉兴,白银,2023-06-24
U009564,刘梓萱9564,女,32,山东省,青岛,普通,2026-04-22
U009565,高欣然9565,男,37,陕西省,渭南,普通,2026-03-08
U009566,吴浩然9566,女,21,广东省,珠海,白银,2025-10-13
U009567,陈欣然9567,男,39,广东省,深圳,白银,2025-12-04
U009568,王梓萱9568,女,37,北京市,北京,白银,2023-11-04
U009569,王思源9569,女,34,江苏省,南京,普通,2023-07-18
U009570,周雨桐9570,女,36,山东省,潍坊,普通,2023-03-14
U009571,李一诺9571,男,32,重庆市,重庆,白银,2024-06-22
U009572,胡嘉诚9572,女,16,广东省,佛山,普通,2025-06-29
U009573,高雨桐9573,女,30,四川省,德阳,普通,2023-08-01
U009574,胡子涵9574,女,37,福建省,漳州,黑金,2025-06-02
U009575,张嘉诚9575,女,45,河北省,唐山,黄金,2025-06-30
U009576,胡明轩9576,男,40,湖南省,株洲,白银,2023-07-21
U009577,朱浩然9577,女,47,河南省,郑州,普通,2024-06-25
U009578,陈俊杰9578,男,16,河北省,廊坊,普通,2024-08-01
U009579,朱梓萱9579,男,43,广东省,珠海,普通,2025-09-28
U009580,吴子涵9580,女,27,陕西省,渭南,普通,2023-04-11
U009581,张浩然9581,男,21,上海市,上海,白银,2023-08-19
U009582,吴梓萱9582,女,28,广东省,广州,黄金,2026-06-01
U009583,孙诗涵9583,男,26,江苏省,苏州,黑金,2023-03-28
U009584,徐子涵9584,女,36,广东省,深圳,黄金,2026-04-10
U009585,高浩然9585,男,30,北京市,北京,普通,2024-12-30
U009586,赵明轩9586,女,36,湖南省,株洲,普通,2025-01-13
U009587,朱浩然9587,男,55,广东省,广州,铂金,2024-11-13
U009588,刘佳怡9588,女,40,浙江省,嘉兴,普通,2023-10-18
U009589,王梓萱9589,男,25,北京市,北京,普通,2025-01-02
U009590,朱一诺9590,女,20,浙江省,嘉兴,普通,2023-11-05
U009591,孙子涵9591,男,35,广东省,深圳,铂金,2024-08-19
U009592,徐欣然9592,男,16,河南省,洛阳,白银,2024-10-04
U009593,刘佳怡9593,男,35,四川省,南充,普通,2026-05-01
U009594,胡梓萱9594,女,40,湖北省,武汉,普通,2023-02-21
U009595,李梓萱9595,男,22,福建省,厦门,普通,2025-07-19
U009596,吴欣然9596,女,35,四川省,南充,普通,2025-04-06
U009597,周俊杰9597,男,22,广东省,深圳,普通,2024-02-02
U009598,赵佳怡9598,男,33,湖北省,黄冈,黑金,2023-05-17
U009599,王浩然9599,男,21,安徽省,安庆,普通,2025-10-10
U009600,杨欣然9600,男,37,广东省,珠海,白银,2026-06-06
U009601,刘子涵9601,男,16,四川省,南充,普通,2024-10-23
U009602,吴欣然9602,男,26,江苏省,南京,白银,2025-07-04
U009603,张思源9603,男,24,广东省,广州,普通,2025-04-11
U009604,赵诗涵9604,男,47,广东省,广州,黄金,2026-04-27
U009605,朱俊杰9605,女,19,北京市,北京,白银,2024-07-09
U009606,赵明轩9606,男,22,浙江省,绍兴,普通,2024-11-12
U009607,胡诗涵9607,女,35,四川省,德阳,普通,2026-06-16
U009608,陈雨桐9608,女,21,广东省,佛山,白银,2025-02-11
U009609,黄浩然9609,男,25,福建省,厦门,白银,2024-11-27
U009610,杨欣然9610,女,34,广东省,佛山,铂金,2023-05-29
U009611,刘雨桐9611,男,22,湖南省,长沙,黄金,2023-04-15
U009612,孙欣然9612,女,38,上海市,上海,普通,2023-12-28
U009613,胡诗涵9613,男,35,安徽省,芜湖,白银,2023-03-23
U009614,朱浩然9614,女,23,广东省,深圳,普通,2024-05-28
U009615,王浩然9615,女,29,广东省,珠海,黄金,2026-03-11
U009616,胡雨桐9616,女,27,广东省,珠海,普通,2026-02-01
U009617,王梓萱9617,男,45,浙江省,宁波,黄金,2024-06-23
U009618,张梓萱9618,男,28,安徽省,合肥,黄金,2023-01-26
U009619,赵明轩9619,男,26,浙江省,宁波,黄金,2024-10-29
U009620,赵诗涵9620,男,34,上海市,上海,白银,2024-04-21
U009621,朱明轩9621,女,33,四川省,成都,白银,2025-03-30
U009622,赵佳怡9622,男,28,广东省,东莞,黄金,2024-07-21
U009623,高佳怡9623,女,34,广东省,深圳,白银,2023-12-16
U009624,张梓萱9624,女,22,河南省,洛阳,黄金,2024-02-24
U009625,张欣然9625,男,23,北京市,北京,普通,2023-10-07
U009626,周梓萱9626,女,43,北京市,北京,普通,2023-07-12
U009627,李嘉诚9627,女,24,上海市,上海,普通,2023-03-30
U009628,李欣然9628,女,44,福建省,漳州,普通,2023-10-21
U009629,刘诗涵9629,男,35,江苏省,南通,黄金,2023-07-28
U009630,刘欣然9630,男,23,重庆市,重庆,普通,2024-08-03
U009631,胡浩然9631,男,31,河南省,南阳,铂金,2024-05-23
U009632,胡俊杰9632,女,29,北京市,北京,普通,2023-11-08
U009633,徐嘉诚9633,女,33,上海市,上海,普通,2024-11-11
U009634,赵子涵9634,女,32,广东省,东莞,普通,2023-05-18
U009635,高欣然9635,男,34,江苏省,苏州,普通,2026-05-10
U009636,黄思源9636,男,16,湖南省,株洲,白银,2023-03-22
U009637,周梓萱9637,女,19,江苏省,南京,白银,2025-11-02
U009638,李明轩9638,男,23,江苏省,南京,普通,2025-01-26
U009639,徐思源9639,女,27,山东省,烟台,白银,2023-04-03
U009640,陈思源9640,女,21,山东省,潍坊,白银,2025-10-06
U009641,赵明轩9641,男,32,广东省,珠海,铂金,2024-06-20
U009642,胡诗涵9642,女,33,重庆市,重庆,白银,2023-10-18
U009643,孙雨桐9643,女,26,广东省,佛山,白银,2026-03-11
U009644,赵诗涵9644,女,48,山东省,潍坊,铂金,2024-10-28
U009645,朱诗涵9645,男,33,广东省,深圳,铂金,2023-12-25
U009646,李雨桐9646,女,25,湖北省,黄冈,白银,2025-07-14
U009647,刘一诺9647,男,40,广东省,广州,普通,2026-03-24
U009648,胡浩然9648,女,27,河南省,郑州,普通,2025-08-01
U009649,孙诗涵9649,女,32,安徽省,合肥,普通,2024-03-02
U009650,王佳怡9650,女,24,陕西省,咸阳,白银,2024-08-17
U009651,周俊杰9651,男,37,浙江省,杭州,铂金,2026-04-21
U009652,吴诗涵9652,女,37,福建省,泉州,白银,2026-05-21
U009653,张思源9653,女,46,浙江省,嘉兴,黄金,2025-01-12
U009654,赵梓萱9654,女,30,安徽省,安庆,普通,2026-04-29
U009655,徐雨桐9655,男,30,山东省,潍坊,普通,2024-05-21
U009656,王浩然9656,男,40,湖北省,宜昌,普通,2023-07-15
U009657,孙一诺9657,男,32,北京市,北京,黄金,2023-04-05
U009658,张浩然9658,男,38,湖北省,荆州,白银,2024-07-09
U009659,孙雨桐9659,男,30,浙江省,杭州,普通,2026-05-18
U009660,孙俊杰9660,男,31,江苏省,苏州,铂金,2023-02-23
U009661,赵嘉诚9661,女,29,河南省,南阳,普通,2023-05-09
U009662,刘一诺9662,男,25,四川省,成都,普通,2023-06-04
U009663,赵佳怡9663,女,44,广东省,佛山,普通,2023-11-21
U009664,赵俊杰9664,女,35,广东省,佛山,普通,2023-04-16
U009665,赵梓萱9665,女,35,重庆市,重庆,白银,2023-01-15
U009666,李诗涵9666,男,47,河南省,郑州,普通,2025-01-30
U009667,刘俊杰9667,女,22,广东省,深圳,黄金,2024-08-25
U009668,周浩然9668,男,27,河南省,新乡,黄金,2025-12-03
U009669,刘欣然9669,女,24,安徽省,安庆,普通,2025-08-11
U009670,王嘉诚9670,男,30,山东省,临沂,普通,2025-12-27
U009671,刘明轩9671,男,46,河南省,郑州,铂金,2024-01-26
U009672,周佳怡9672,男,20,河北省,保定,普通,2025-02-22
U009673,孙俊杰9673,男,28,河北省,保定,白银,2025-06-07
U009674,高诗涵9674,女,28,湖北省,荆州,普通,2024-03-03
U009675,李思源9675,女,38,北京市,北京,普通,2024-10-10
U009676,张明轩9676,男,32,安徽省,合肥,普通,2023-01-11
U009677,张一诺9677,女,30,江苏省,常州,普通,2026-04-22
U009678,赵思源9678,男,30,江苏省,苏州,普通,2025-06-17
U009679,周浩然9679,女,35,河南省,南阳,铂金,2023-08-05
U009680,刘欣然9680,男,31,安徽省,阜阳,普通,2026-06-19
U009681,周子涵9681,男,32,上海市,上海,普通,2023-11-20
U009682,吴梓萱9682,男,41,福建省,漳州,普通,2025-05-31
U009683,赵梓萱9683,男,31,广东省,深圳,白银,2024-08-14
U009684,黄佳怡9684,女,40,四川省,绵阳,普通,2024-01-21
U009685,李欣然9685,女,22,江苏省,常州,白银,2023-05-03
U009686,王一诺9686,女,24,四川省,绵阳,普通,2025-07-05
U009687,王思源9687,女,36,河北省,廊坊,普通,2024-07-24
U009688,李欣然9688,女,47,上海市,上海,普通,2026-02-16
U009689,高雨桐9689,女,29,上海市,上海,白银,2026-03-18
U009690,黄欣然9690,女,26,湖北省,黄冈,普通,2025-06-19
U009691,王诗涵9691,女,32,山东省,潍坊,黄金,2024-05-23
U009692,徐一诺9692,女,33,江苏省,南京,铂金,2025-11-18
U009693,胡子涵9693,女,43,山东省,青岛,铂金,2024-05-23
U009694,张雨桐9694,男,25,广东省,深圳,白银,2025-03-16
U009695,孙雨桐9695,女,34,河南省,郑州,普通,2023-04-27
U009696,徐浩然9696,男,27,河南省,洛阳,普通,2025-06-16
U009697,陈嘉诚9697,女,29,浙江省,杭州,普通,2024-10-21
U009698,张雨桐9698,男,28,广东省,佛山,普通,2023-03-14
U009699,周明轩9699,女,32,广东省,珠海,白银,2024-08-20
U009700,刘佳怡9700,女,31,湖北省,宜昌,白银,2024-09-03
U009701,李梓萱9701,女,42,广东省,珠海,普通,2023-10-08
U009702,胡梓萱9702,男,27,江苏省,常州,白银,2023-03-25
U009703,张欣然9703,男,33,广东省,广州,普通,2023-06-23
U009704,李诗涵9704,男,26,广东省,广州,黄金,2024-10-10
U009705,王佳怡9705,男,22,重庆市,重庆,普通,2025-09-29
U009706,张欣然9706,男,16,上海市,上海,普通,2025-06-13
U009707,黄梓萱9707,女,46,安徽省,安庆,普通,2025-06-10
U009708,张思源9708,女,35,山东省,烟台,白银,2025-03-12
U009709,刘俊杰9709,男,40,河南省,郑州,黄金,2023-04-19
U009710,黄诗涵9710,女,31,四川省,绵阳,普通,2025-04-16
U009711,赵浩然9711,女,40,重庆市,重庆,普通,2025-03-17
U009712,陈一诺9712,女,33,河北省,保定,黄金,2024-10-13
U009713,孙一诺9713,男,21,北京市,北京,黄金,2025-01-06
U009714,朱浩然9714,女,23,福建省,漳州,白银,2024-09-21
U009715,黄明轩9715,女,38,湖北省,武汉,普通,2023-04-16
U009716,杨浩然9716,女,25,江苏省,常州,黄金,2024-10-28
U009717,李佳怡9717,男,36,北京市,北京,普通,2024-05-15
U009718,徐明轩9718,男,28,福建省,泉州,铂金,2026-05-08
U009719,吴明轩9719,男,49,浙江省,杭州,普通,2025-10-16
U009720,周子涵9720,女,27,四川省,绵阳,普通,2025-01-22
U009721,周梓萱9721,女,33,安徽省,合肥,普通,2025-01-12
U009722,张明轩9722,男,29,四川省,南充,普通,2026-01-20
U009723,杨子涵9723,女,40,广东省,深圳,普通,2023-12-15
U009724,杨诗涵9724,女,29,山东省,济南,白银,2023-12-13
U009725,陈俊杰9725,女,33,北京市,北京,普通,2025-09-29
U009726,吴浩然9726,男,49,江苏省,南通,黑金,2023-03-22
U009727,黄思源9727,男,50,山东省,潍坊,黑金,2023-05-16
U009728,赵浩然9728,男,18,湖北省,武汉,普通,2023-01-31
U009729,王梓萱9729,男,21,广东省,佛山,白银,2023-08-29
U009730,张一诺9730,女,20,福建省,漳州,白银,2026-02-27
U009731,刘诗涵9731,男,19,北京市,北京,白银,2024-12-25
U009732,朱子涵9732,女,31,山东省,烟台,黄金,2026-02-07
U009733,李嘉诚9733,男,22,湖北省,武汉,普通,2026-03-31
U009734,杨诗涵9734,男,28,湖南省,常德,普通,2026-02-16
U009735,黄思源9735,女,26,四川省,成都,普通,2026-06-23
U009736,周一诺9736,女,32,山东省,烟台,普通,2024-06-29
U009737,刘雨桐9737,男,26,河北省,石家庄,普通,2025-12-11
U009738,赵欣然9738,女,38,湖南省,长沙,普通,2024-01-11
U009739,赵梓萱9739,男,27,河北省,唐山,普通,2024-11-01
U009740,张思源9740,女,37,山东省,青岛,普通,2025-12-26
U009741,周俊杰9741,女,26,福建省,福州,普通,2023-01-30
U009742,王俊杰9742,男,45,江苏省,南京,普通,2023-10-11
U009743,高诗涵9743,女,32,重庆市,重庆,普通,2024-03-28
U009744,陈佳怡9744,男,27,广东省,佛山,黄金,2023-01-13
U009745,李一诺9745,女,29,浙江省,杭州,黄金,2026-04-29
U009746,徐俊杰9746,女,18,江苏省,苏州,黄金,2025-05-27
U009747,吴明轩9747,女,36,江苏省,无锡,白银,2025-10-24
U009748,吴思源9748,女,37,湖南省,常德,普通,2023-09-24
U009749,陈俊杰9749,女,23,江苏省,常州,普通,2025-06-29
U009750,刘明轩9750,男,44,四川省,德阳,普通,2023-06-17
U009751,吴诗涵9751,男,16,江苏省,无锡,黑金,2023-03-20
U009752,赵俊杰9752,男,27,江苏省,南京,铂金,2025-10-03
U009753,朱梓萱9753,男,32,河南省,新乡,白银,2025-04-15
U009754,徐俊杰9754,男,36,河北省,保定,黄金,2024-08-03
U009755,陈思源9755,男,37,陕西省,渭南,普通,2023-08-29
U009756,吴俊杰9756,男,30,福建省,泉州,普通,2024-12-26
U009757,刘浩然9757,女,34,安徽省,合肥,普通,2025-03-27
U009758,赵浩然9758,男,28,湖南省,衡阳,普通,2024-07-08
U009759,胡浩然9759,女,38,上海市,上海,黄金,2024-01-13
U009760,高一诺9760,女,24,陕西省,渭南,铂金,2024-12-20
U009761,赵雨桐9761,男,37,北京市,北京,白银,2024-10-03
U009762,吴思源9762,男,43,浙江省,嘉兴,普通,2024-07-26
U009763,杨子涵9763,女,31,安徽省,合肥,普通,2024-12-16
U009764,吴嘉诚9764,女,40,福建省,莆田,白银,2025-02-02
U009765,李佳怡9765,男,44,山东省,潍坊,普通,2024-04-03
U009766,刘思源9766,女,27,河南省,新乡,黑金,2026-03-10
U009767,周雨桐9767,女,29,广东省,佛山,白银,2024-11-29
U009768,李思源9768,女,40,江苏省,常州,白银,2023-09-06
U009769,徐一诺9769,女,31,福建省,莆田,黄金,2023-03-10
U009770,朱嘉诚9770,男,37,河北省,唐山,铂金,2026-06-03
U009771,杨梓萱9771,男,31,浙江省,温州,黑金,2025-01-03
U009772,黄明轩9772,女,27,四川省,绵阳,白银,2024-12-13
U009773,杨思源9773,女,21,广东省,广州,白银,2025-01-17
U009774,陈嘉诚9774,女,23,重庆市,重庆,普通,2023-04-19
U009775,赵子涵9775,男,26,广东省,东莞,黄金,2026-03-19
U009776,张俊杰9776,男,45,广东省,深圳,白银,2026-02-25
U009777,王佳怡9777,男,18,河南省,南阳,黄金,2025-10-01
U009778,刘诗涵9778,女,38,陕西省,宝鸡,普通,2025-08-12
U009779,孙佳怡9779,男,24,浙江省,温州,普通,2026-03-18
U009780,王雨桐9780,男,42,江苏省,南通,黄金,2026-03-05
U009781,李嘉诚9781,女,29,上海市,上海,白银,2026-02-21
U009782,陈雨桐9782,女,16,安徽省,阜阳,普通,2024-11-17
U009783,徐思源9783,女,42,福建省,福州,普通,2023-04-13
U009784,黄嘉诚9784,女,33,山东省,潍坊,普通,2025-03-23
U009785,吴雨桐9785,男,26,山东省,潍坊,黄金,2025-12-05
U009786,高梓萱9786,男,43,江苏省,南通,普通,2023-12-04
U009787,李欣然9787,男,32,浙江省,杭州,白银,2025-08-02
U009788,陈子涵9788,女,39,江苏省,南通,普通,2025-10-12
U009789,孙子涵9789,女,30,江苏省,南京,白银,2023-09-11
U009790,高明轩9790,女,50,江苏省,无锡,白银,2025-10-10
U009791,王诗涵9791,女,43,山东省,临沂,普通,2025-02-22
U009792,朱子涵9792,男,32,陕西省,西安,普通,2024-06-05
U009793,高思源9793,男,32,上海市,上海,黄金,2025-01-28
U009794,刘明轩9794,女,44,陕西省,西安,普通,2026-01-27
U009795,吴诗涵9795,女,35,上海市,上海,普通,2023-05-31
U009796,李欣然9796,男,33,广东省,珠海,黄金,2023-10-06
U009797,黄嘉诚9797,男,38,山东省,青岛,普通,2025-02-05
U009798,陈俊杰9798,女,16,山东省,青岛,黄金,2023-05-18
U009799,黄雨桐9799,女,16,山东省,潍坊,普通,2025-07-10
U009800,张雨桐9800,男,19,广东省,佛山,普通,2023-08-15
U009801,赵明轩9801,男,31,江苏省,苏州,白银,2023-04-16
U009802,徐佳怡9802,女,25,湖北省,荆州,黄金,2023-07-28
U009803,吴梓萱9803,男,30,上海市,上海,普通,2024-02-19
U009804,朱诗涵9804,女,29,湖南省,衡阳,白银,2026-04-01
U009805,黄浩然9805,男,34,湖北省,武汉,黄金,2025-07-08
U009806,王浩然9806,女,28,安徽省,安庆,普通,2023-12-31
U009807,刘明轩9807,女,33,浙江省,嘉兴,普通,2024-02-16
U009808,高子涵9808,女,40,四川省,成都,普通,2024-05-12
U009809,赵子涵9809,女,16,上海市,上海,白银,2026-01-24
U009810,陈欣然9810,女,29,江苏省,苏州,普通,2026-01-12
U009811,杨俊杰9811,男,25,江苏省,常州,白银,2023-10-11
U009812,李思源9812,男,21,江苏省,无锡,普通,2025-12-19
U009813,王梓萱9813,男,39,河南省,南阳,白银,2024-09-17
U009814,周一诺9814,男,28,四川省,德阳,普通,2026-01-29
U009815,周梓萱9815,女,39,安徽省,阜阳,黄金,2025-03-04
U009816,孙诗涵9816,男,34,广东省,广州,普通,2024-12-05
U009817,赵诗涵9817,男,34,湖北省,荆州,黄金,2025-10-16
U009818,张诗涵9818,女,20,江苏省,南京,黄金,2024-12-13
U009819,胡佳怡9819,男,51,上海市,上海,白银,2025-06-02
U009820,赵俊杰9820,男,16,上海市,上海,普通,2024-10-19
U009821,陈嘉诚9821,男,16,湖南省,衡阳,普通,2025-06-08
U009822,王思源9822,女,21,河北省,保定,普通,2024-08-25
U009823,杨佳怡9823,女,26,山东省,青岛,普通,2026-05-04
U009824,黄一诺9824,男,35,河北省,石家庄,普通,2023-09-16
U009825,徐梓萱9825,男,16,山东省,临沂,普通,2026-06-10
U009826,朱嘉诚9826,女,20,山东省,济南,普通,2025-01-13
U009827,徐嘉诚9827,男,23,江苏省,无锡,铂金,2023-03-31
U009828,黄佳怡9828,女,21,江苏省,常州,普通,2023-07-01
U009829,赵嘉诚9829,男,40,山东省,潍坊,白银,2025-08-04
U009830,孙一诺9830,女,36,广东省,珠海,黄金,2024-09-25
U009831,刘明轩9831,女,27,上海市,上海,普通,2023-05-17
U009832,黄子涵9832,男,44,山东省,潍坊,白银,2026-04-16
U009833,徐梓萱9833,男,36,陕西省,宝鸡,普通,2023-07-20
U009834,王雨桐9834,女,39,广东省,广州,普通,2025-08-31
U009835,王明轩9835,男,33,湖北省,襄阳,普通,2026-03-30
U009836,高诗涵9836,男,38,江苏省,苏州,黄金,2025-05-21
U009837,王浩然9837,男,28,四川省,德阳,铂金,2024-04-09
U009838,王浩然9838,女,22,四川省,宜宾,白银,2026-01-10
U009839,周浩然9839,男,25,浙江省,绍兴,普通,2023-12-13
U009840,周浩然9840,男,21,江苏省,无锡,普通,2025-03-12
U009841,张俊杰9841,男,18,江苏省,常州,普通,2024-06-04
U009842,王梓萱9842,男,30,重庆市,重庆,普通,2023-07-12
U009843,杨浩然9843,女,36,广东省,深圳,黄金,2023-01-15
U009844,吴一诺9844,男,38,湖北省,黄冈,黄金,2024-01-30
U009845,徐一诺9845,女,20,福建省,厦门,普通,2024-05-10
U009846,黄明轩9846,女,33,陕西省,渭南,黄金,2023-02-05
U009847,徐思源9847,男,22,广东省,深圳,黄金,2023-11-14
U009848,李子涵9848,女,39,浙江省,宁波,普通,2024-02-10
U009849,陈嘉诚9849,男,44,浙江省,绍兴,普通,2023-05-18
U009850,陈子涵9850,女,30,上海市,上海,黄金,2024-10-12
U009851,黄一诺9851,男,45,江苏省,常州,白银,2025-05-02
U009852,赵俊杰9852,女,19,湖北省,宜昌,普通,2025-07-27
U009853,王浩然9853,男,23,湖南省,长沙,黄金,2025-10-14
U009854,胡嘉诚9854,女,32,河南省,洛阳,普通,2023-07-23
U009855,张一诺9855,男,17,浙江省,杭州,普通,2026-03-26
U009856,周明轩9856,男,26,山东省,烟台,普通,2025-12-02
U009857,吴思源9857,男,35,江苏省,常州,普通,2023-11-22
U009858,吴雨桐9858,男,39,广东省,广州,普通,2025-05-19
U009859,王子涵9859,女,25,上海市,上海,黄金,2024-05-16
U009860,徐佳怡9860,女,26,广东省,广州,普通,2023-11-04
U009861,徐佳怡9861,女,36,浙江省,宁波,黄金,2025-10-09
U009862,王诗涵9862,女,27,福建省,福州,普通,2025-04-04
U009863,黄欣然9863,女,24,北京市,北京,普通,2024-08-29
U009864,朱思源9864,男,44,广东省,东莞,白银,2025-04-20
U009865,徐俊杰9865,男,27,广东省,深圳,白银,2023-01-26
U009866,徐明轩9866,女,16,四川省,绵阳,黄金,2026-02-22
U009867,高诗涵9867,女,33,四川省,成都,铂金,2023-12-02
U009868,李俊杰9868,女,33,四川省,德阳,普通,2023-04-20
U009869,张一诺9869,男,36,广东省,深圳,白银,2023-10-26
U009870,徐佳怡9870,男,31,山东省,青岛,普通,2024-08-14
U009871,孙佳怡9871,男,19,江苏省,常州,普通,2023-09-19
U009872,张明轩9872,男,47,江苏省,南通,黄金,2023-09-24
U009873,胡佳怡9873,男,23,广东省,珠海,黄金,2024-01-28
U009874,周思源9874,女,33,陕西省,西安,普通,2024-01-18
U009875,陈嘉诚9875,男,33,上海市,上海,黄金,2024-11-25
U009876,周一诺9876,男,38,北京市,北京,黄金,2023-02-06
U009877,陈佳怡9877,女,26,江苏省,南通,铂金,2024-11-23
U009878,赵思源9878,男,31,山东省,青岛,普通,2024-11-18
U009879,黄雨桐9879,女,43,浙江省,嘉兴,黄金,2025-12-30
U009880,黄思源9880,女,16,上海市,上海,普通,2026-04-05
U009881,高浩然9881,女,27,湖北省,襄阳,白银,2025-11-07
U009882,吴佳怡9882,女,34,广东省,东莞,黄金,2023-08-15
U009883,徐子涵9883,女,36,广东省,深圳,普通,2024-11-30
U009884,周浩然9884,女,33,河北省,廊坊,白银,2023-03-31
U009885,刘梓萱9885,男,34,江苏省,无锡,普通,2025-11-23
U009886,高诗涵9886,女,39,江苏省,苏州,黄金,2023-08-24
U009887,王欣然9887,女,34,江苏省,南通,白银,2024-10-13
U009888,王一诺9888,男,38,上海市,上海,黄金,2023-04-04
U009889,高一诺9889,女,30,湖北省,黄冈,普通,2025-04-22
U009890,朱俊杰9890,女,35,浙江省,宁波,黄金,2024-06-03
U009891,黄子涵9891,女,22,重庆市,重庆,普通,2024-11-01
U009892,赵雨桐9892,男,34,山东省,青岛,普通,2023-06-14
U009893,徐一诺9893,女,24,河南省,新乡,普通,2024-03-09
U009894,张欣然9894,男,51,福建省,福州,普通,2023-11-17
U009895,朱浩然9895,男,44,重庆市,重庆,白银,2025-05-18
U009896,李明轩9896,男,36,江苏省,常州,普通,2026-06-04
U009897,孙佳怡9897,女,26,江苏省,苏州,普通,2025-10-08
U009898,李嘉诚9898,男,32,河南省,南阳,白银,2024-12-15
U009899,徐佳怡9899,女,48,河南省,郑州,铂金,2024-10-16
U009900,吴诗涵9900,女,33,湖南省,衡阳,普通,2024-08-24
U009901,赵思源9901,男,27,湖南省,岳阳,普通,2023-09-14
U009902,黄嘉诚9902,女,34,山东省,青岛,黄金,2023-04-16
U009903,胡欣然9903,男,27,河南省,新乡,白银,2025-12-26
U009904,刘雨桐9904,男,31,河南省,南阳,普通,2026-01-26
U009905,高子涵9905,男,24,山东省,烟台,普通,2024-06-23
U009906,张浩然9906,女,36,河南省,许昌,黄金,2025-08-03
U009907,朱欣然9907,女,16,江苏省,南京,普通,2025-02-13
U009908,周子涵9908,女,17,上海市,上海,白银,2023-07-17
U009909,王思源9909,男,17,河南省,郑州,黄金,2025-08-16
U009910,高浩然9910,女,35,广东省,东莞,普通,2024-02-21
U009911,黄诗涵9911,女,41,湖北省,襄阳,普通,2023-10-09
U009912,张子涵9912,男,34,广东省,广州,白银,2024-01-13
U009913,朱雨桐9913,女,29,广东省,珠海,白银,2025-12-31
U009914,杨子涵9914,女,29,山东省,烟台,黄金,2023-07-26
U009915,赵雨桐9915,女,26,北京市,北京,白银,2024-06-23
U009916,刘嘉诚9916,女,19,安徽省,芜湖,普通,2023-02-15
U009917,朱思源9917,男,31,山东省,济南,黑金,2025-11-12
U009918,高欣然9918,女,24,山东省,临沂,白银,2023-07-18
U009919,陈子涵9919,女,31,湖北省,武汉,普通,2024-05-20
U009920,张俊杰9920,男,35,江苏省,南通,白银,2026-03-04
U009921,张诗涵9921,男,23,四川省,南充,普通,2024-01-30
U009922,胡俊杰9922,女,35,陕西省,渭南,普通,2025-05-05
U009923,黄雨桐9923,男,31,湖北省,黄冈,铂金,2024-04-17
U009924,王梓萱9924,女,31,广东省,深圳,黄金,2023-09-16
U009925,胡雨桐9925,男,47,河北省,唐山,黄金,2023-07-10
U009926,高诗涵9926,男,35,河南省,南阳,普通,2023-09-10
U009927,吴浩然9927,女,38,四川省,南充,白银,2026-01-03
U009928,王俊杰9928,女,27,湖南省,常德,普通,2025-08-06
U009929,陈雨桐9929,女,36,浙江省,嘉兴,黄金,2026-01-07
U009930,孙欣然9930,女,45,湖南省,岳阳,普通,2026-03-18
U009931,孙欣然9931,女,24,广东省,珠海,普通,2026-05-07
U009932,胡佳怡9932,男,30,江苏省,无锡,普通,2024-10-24
U009933,徐诗涵9933,女,41,河南省,南阳,黄金,2025-10-18
U009934,朱明轩9934,男,19,江苏省,无锡,白银,2023-10-01
U009935,陈嘉诚9935,女,28,安徽省,合肥,普通,2023-02-15
U009936,胡雨桐9936,男,36,河北省,廊坊,普通,2026-01-25
U009937,高子涵9937,男,27,陕西省,咸阳,黄金,2025-07-26
U009938,张嘉诚9938,男,18,浙江省,温州,普通,2024-07-15
U009939,胡思源9939,女,16,四川省,德阳,黄金,2024-12-06
U009940,陈明轩9940,男,29,广东省,珠海,白银,2025-01-02
U009941,赵俊杰9941,男,35,江苏省,苏州,普通,2024-12-05
U009942,吴佳怡9942,男,40,浙江省,嘉兴,普通,2026-02-22
U009943,朱诗涵9943,女,25,福建省,泉州,黄金,2026-03-21
U009944,张诗涵9944,女,33,河北省,廊坊,普通,2023-05-17
U009945,朱梓萱9945,女,37,北京市,北京,普通,2023-09-17
U009946,陈思源9946,男,43,河南省,新乡,普通,2025-01-19
U009947,周浩然9947,女,29,山东省,烟台,白银,2023-11-16
U009948,吴一诺9948,女,28,山东省,潍坊,普通,2023-11-19
U009949,胡一诺9949,男,20,湖北省,武汉,普通,2024-05-03
U009950,赵思源9950,女,25,四川省,成都,普通,2025-05-24
U009951,周明轩9951,男,27,江苏省,常州,铂金,2025-01-17
U009952,王诗涵9952,女,32,山东省,济南,黄金,2024-07-11
U009953,朱俊杰9953,女,21,广东省,广州,白银,2024-01-11
U009954,张欣然9954,男,29,上海市,上海,普通,2025-04-14
U009955,李一诺9955,男,44,浙江省,杭州,普通,2023-09-07
U009956,胡诗涵9956,男,31,上海市,上海,白银,2024-07-05
U009957,刘嘉诚9957,男,27,广东省,东莞,普通,2024-04-02
U009958,周一诺9958,男,41,河北省,石家庄,白银,2023-08-27
U009959,王诗涵9959,女,34,江苏省,苏州,普通,2025-01-25
U009960,周诗涵9960,女,18,北京市,北京,普通,2023-07-16
U009961,王佳怡9961,男,31,湖南省,常德,白银,2023-09-04
U009962,吴诗涵9962,男,35,山东省,青岛,普通,2023-09-12
U009963,赵欣然9963,女,16,安徽省,芜湖,普通,2024-07-14
U009964,刘佳怡9964,男,53,江苏省,南京,普通,2023-09-13
U009965,高梓萱9965,男,32,山东省,潍坊,普通,2025-06-19
U009966,陈雨桐9966,女,44,河南省,洛阳,白银,2023-03-22
U009967,赵一诺9967,男,31,江苏省,无锡,白银,2023-05-22
U009968,徐俊杰9968,女,36,河北省,廊坊,黄金,2024-12-31
U009969,刘欣然9969,女,36,湖南省,株洲,黄金,2024-01-24
U009970,赵欣然9970,男,37,北京市,北京,黑金,2024-04-26
U009971,吴子涵9971,男,21,河南省,洛阳,普通,2023-09-18
U009972,杨思源9972,男,38,广东省,珠海,普通,2023-09-09
U009973,杨浩然9973,女,29,安徽省,安庆,普通,2024-12-08
U009974,张一诺9974,女,38,江苏省,常州,普通,2024-05-01
U009975,刘俊杰9975,男,40,江苏省,南京,白银,2023-12-02
U009976,吴诗涵9976,女,37,江苏省,南京,普通,2023-07-31
U009977,徐思源9977,男,23,广东省,佛山,普通,2025-12-11
U009978,周浩然9978,男,25,北京市,北京,普通,2025-07-04
U009979,张明轩9979,男,39,陕西省,宝鸡,普通,2023-07-14
U009980,赵子涵9980,男,20,广东省,珠海,普通,2023-01-27
U009981,刘诗涵9981,女,21,湖北省,武汉,黄金,2024-12-31
U009982,朱佳怡9982,女,47,湖北省,黄冈,普通,2023-10-31
U009983,高佳怡9983,男,25,江苏省,常州,普通,2023-08-18
U009984,刘明轩9984,女,41,浙江省,嘉兴,黄金,2026-05-09
U009985,陈梓萱9985,女,25,浙江省,杭州,白银,2026-01-04
U009986,刘明轩9986,男,33,山东省,烟台,白银,2026-01-14
U009987,王俊杰9987,男,29,浙江省,宁波,普通,2023-07-20
U009988,朱浩然9988,男,28,河北省,廊坊,黄金,2023-07-25
U009989,徐子涵9989,女,26,湖南省,常德,黄金,2024-03-11
U009990,孙一诺9990,男,45,浙江省,绍兴,普通,2025-12-28
U009991,胡梓萱9991,女,43,四川省,南充,普通,2025-09-05
U009992,黄思源9992,男,24,山东省,烟台,黄金,2024-12-04
U009993,王思源9993,男,28,河北省,唐山,普通,2024-12-06
U009994,李嘉诚9994,女,47,广东省,佛山,黄金,2026-02-27
U009995,赵浩然9995,女,28,广东省,佛山,普通,2025-07-23
U009996,胡诗涵9996,女,24,上海市,上海,白银,2026-03-27
U009997,徐浩然9997,女,16,四川省,南充,普通,2023-09-16
U009998,张浩然9998,男,37,北京市,北京,黑金,2023-08-14
U009999,朱欣然9999,男,46,山东省,烟台,普通,2025-11-23
U010000,孙明轩10000,男,33,江苏省,无锡,铂金,2025-04-30
U010001,杨欣然10001,女,16,广东省,广州,普通,2025-09-26
U010002,杨雨桐10002,男,43,河南省,许昌,普通,2025-02-27
U010003,刘思源10003,女,22,河南省,许昌,白银,2024-07-05
U010004,朱嘉诚10004,男,26,重庆市,重庆,白银,2026-04-17
U010005,陈嘉诚10005,男,19,浙江省,温州,普通,2025-06-04
U010006,杨子涵10006,男,40,广东省,佛山,普通,2023-06-22
U010007,朱一诺10007,男,29,重庆市,重庆,黄金,2024-11-04
U010008,张欣然10008,女,52,湖南省,株洲,普通,2025-07-17
U010009,刘明轩10009,男,41,湖南省,岳阳,普通,2023-02-12
U010010,黄俊杰10010,男,36,江苏省,南通,黄金,2025-02-24
U010011,王梓萱10011,男,18,重庆市,重庆,普通,2023-02-27
U010012,高诗涵10012,男,31,广东省,珠海,普通,2026-02-08
U010013,赵俊杰10013,男,28,河南省,新乡,普通,2024-09-22
U010014,吴嘉诚10014,女,16,福建省,漳州,黄金,2025-01-23
U010015,孙雨桐10015,女,41,福建省,泉州,白银,2026-05-14
U010016,刘明轩10016,女,32,江苏省,常州,普通,2024-02-29
U010017,刘一诺10017,女,32,山东省,青岛,普通,2026-06-14
U010018,高佳怡10018,女,30,江苏省,苏州,铂金,2025-05-15
U010019,张一诺10019,男,39,浙江省,温州,普通,2023-05-10
U010020,李浩然10020,男,16,北京市,北京,普通,2025-05-07
U010021,吴雨桐10021,男,32,四川省,绵阳,普通,2024-06-29
U010022,赵诗涵10022,女,54,山东省,青岛,普通,2023-09-13
U010023,高明轩10023,女,25,江苏省,无锡,普通,2024-05-14
U010024,孙诗涵10024,女,35,广东省,佛山,普通,2025-03-28
U010025,高诗涵10025,女,21,四川省,成都,普通,2025-11-26
U010026,赵梓萱10026,女,31,江苏省,南京,普通,2024-02-03
U010027,张子涵10027,女,33,四川省,宜宾,黑金,2024-02-01
U010028,孙思源10028,女,20,广东省,东莞,普通,2024-05-17
U010029,张子涵10029,女,21,江苏省,常州,白银,2025-07-19
U010030,孙明轩10030,男,45,安徽省,阜阳,普通,2026-05-11
U010031,刘浩然10031,男,45,浙江省,杭州,铂金,2024-04-25
U010032,陈子涵10032,男,25,北京市,北京,普通,2023-05-07
U010033,黄佳怡10033,女,27,福建省,莆田,普通,2026-02-23
U010034,吴思源10034,女,23,四川省,德阳,白银,2024-02-03
U010035,周嘉诚10035,男,37,江苏省,南通,白银,2025-07-13
U010036,刘子涵10036,男,31,上海市,上海,普通,2026-04-22
U010037,徐明轩10037,女,25,安徽省,芜湖,普通,2026-04-23
U010038,黄诗涵10038,女,26,福建省,福州,普通,2024-05-02
U010039,徐诗涵10039,男,26,湖北省,宜昌,普通,2024-02-18
U010040,吴佳怡10040,女,40,福建省,泉州,普通,2023-07-25
U010041,吴欣然10041,女,19,山东省,济南,普通,2024-12-19
U010042,高明轩10042,男,23,湖南省,衡阳,白银,2025-10-12
U010043,黄佳怡10043,女,34,重庆市,重庆,普通,2023-08-25
U010044,吴欣然10044,女,54,湖北省,宜昌,黄金,2024-02-05
U010045,孙思源10045,女,16,广东省,广州,白银,2024-04-02
U010046,杨欣然10046,女,19,湖南省,株洲,黄金,2023-02-04
U010047,李俊杰10047,男,34,浙江省,嘉兴,白银,2023-07-25
U010048,张梓萱10048,女,23,湖北省,宜昌,普通,2024-12-30
U010049,赵浩然10049,女,29,浙江省,宁波,白银,2023-02-26
U010050,高佳怡10050,男,27,广东省,深圳,普通,2024-09-04
U010051,高雨桐10051,男,38,广东省,深圳,黄金,2025-12-02
U010052,朱俊杰10052,男,16,浙江省,杭州,普通,2024-05-17
U010053,陈明轩10053,男,35,河南省,许昌,白银,2025-10-05
U010054,王一诺10054,女,29,河北省,石家庄,铂金,2023-04-07
U010055,赵欣然10055,男,28,安徽省,安庆,铂金,2024-06-10
U010056,黄浩然10056,女,26,河北省,廊坊,普通,2024-07-12
U010057,赵梓萱10057,男,40,江苏省,常州,普通,2024-05-20
U010058,黄俊杰10058,男,31,陕西省,西安,普通,2024-04-03
U010059,吴俊杰10059,女,47,湖南省,常德,普通,2026-04-25
U010060,孙梓萱10060,女,18,四川省,南充,黄金,2024-08-13
U010061,孙梓萱10061,男,31,浙江省,嘉兴,普通,2023-06-25
U010062,李一诺10062,男,37,四川省,宜宾,普通,2023-02-13
U010063,周梓萱10063,女,23,湖南省,岳阳,普通,2023-01-23
U010064,张嘉诚10064,女,37,河南省,郑州,普通,2024-08-16
U010065,吴嘉诚10065,男,46,浙江省,绍兴,普通,2026-03-23
U010066,高欣然10066,女,45,重庆市,重庆,普通,2024-11-26
U010067,黄诗涵10067,女,31,山东省,临沂,普通,2024-09-21
U010068,张子涵10068,男,33,河南省,许昌,普通,2023-11-09
U010069,李浩然10069,女,41,陕西省,西安,普通,2023-07-22
U010070,张诗涵10070,男,24,陕西省,咸阳,白银,2024-12-28
U010071,朱佳怡10071,女,17,河南省,许昌,普通,2023-11-09
U010072,赵梓萱10072,男,50,河北省,廊坊,普通,2026-01-02
U010073,朱一诺10073,女,34,山东省,潍坊,白银,2025-09-24
U010074,赵嘉诚10074,男,44,福建省,厦门,普通,2024-06-07
U010075,王雨桐10075,男,27,湖南省,岳阳,铂金,2025-02-02
U010076,李浩然10076,男,29,北京市,北京,普通,2023-03-01
U010077,李欣然10077,男,27,山东省,潍坊,普通,2023-04-02
U010078,胡明轩10078,男,36,山东省,青岛,普通,2026-01-15
U010079,徐欣然10079,女,28,河北省,石家庄,普通,2026-05-10
U010080,吴俊杰10080,男,25,安徽省,阜阳,普通,2025-02-02
U010081,吴雨桐10081,男,38,山东省,潍坊,铂金,2023-09-06
U010082,孙俊杰10082,女,29,陕西省,西安,普通,2025-07-22
U010083,孙佳怡10083,女,35,上海市,上海,普通,2025-09-19
U010084,周思源10084,女,16,浙江省,杭州,普通,2023-05-02
U010085,刘雨桐10085,女,37,山东省,烟台,铂金,2026-06-22
U010086,张俊杰10086,女,17,河南省,许昌,普通,2024-06-13
U010087,陈浩然10087,男,65,安徽省,阜阳,普通,2025-03-25
U010088,赵一诺10088,女,18,广东省,东莞,普通,2026-06-13
U010089,张一诺10089,女,37,广东省,东莞,铂金,2023-05-09
U010090,刘浩然10090,女,41,陕西省,渭南,普通,2024-09-09
U010091,王欣然10091,女,22,湖南省,常德,普通,2026-03-04
U010092,赵明轩10092,男,40,湖南省,岳阳,普通,2024-07-04
U010093,杨佳怡10093,女,20,广东省,深圳,白银,2024-01-25
U010094,黄子涵10094,女,43,广东省,深圳,黄金,2024-06-18
U010095,杨子涵10095,女,29,广东省,佛山,普通,2023-03-21
U010096,李一诺10096,女,30,北京市,北京,黄金,2026-03-19
U010097,周诗涵10097,女,21,河北省,石家庄,普通,2025-04-06
U010098,王佳怡10098,男,44,重庆市,重庆,白银,2023-09-30
U010099,王雨桐10099,男,43,重庆市,重庆,白银,2026-05-27
U010100,孙佳怡10100,女,38,广东省,深圳,白银,2023-10-30
U010101,孙浩然10101,男,32,上海市,上海,普通,2026-03-20
U010102,徐思源10102,女,38,北京市,北京,黄金,2025-01-31
U010103,周思源10103,女,24,广东省,佛山,普通,2023-10-07
U010104,张雨桐10104,女,36,浙江省,杭州,普通,2024-10-25
U010105,张浩然10105,男,45,四川省,宜宾,铂金,2026-05-14
U010106,张嘉诚10106,女,30,重庆市,重庆,普通,2026-04-10
U010107,王嘉诚10107,女,57,重庆市,重庆,普通,2025-11-30
U010108,孙一诺10108,男,26,北京市,北京,普通,2026-03-23
U010109,吴明轩10109,男,29,陕西省,渭南,普通,2025-05-04
U010110,黄明轩10110,女,31,广东省,东莞,白银,2024-07-06
U010111,张欣然10111,男,28,福建省,莆田,普通,2025-10-24
U010112,赵诗涵10112,女,45,北京市,北京,白银,2023-10-13
U010113,陈思源10113,女,30,福建省,漳州,普通,2025-01-22
U010114,朱明轩10114,男,37,广东省,深圳,普通,2025-06-05
U010115,赵佳怡10115,女,30,江苏省,南京,普通,2023-03-27
U010116,刘子涵10116,男,37,山东省,青岛,白银,2024-09-02
U010117,周欣然10117,女,16,安徽省,芜湖,白银,2025-05-05
U010118,胡思源10118,男,21,浙江省,绍兴,普通,2025-12-12
U010119,朱明轩10119,女,36,江苏省,苏州,普通,2024-10-09
U010120,胡嘉诚10120,女,27,福建省,莆田,白银,2024-10-04
U010121,刘嘉诚10121,男,31,山东省,临沂,普通,2026-02-19
U010122,吴子涵10122,女,38,陕西省,宝鸡,普通,2025-12-19
U010123,黄思源10123,男,30,广东省,珠海,白银,2025-10-17
U010124,黄明轩10124,女,26,河北省,唐山,白银,2026-05-29
U010125,朱俊杰10125,男,24,河南省,洛阳,白银,2025-09-09
U010126,王嘉诚10126,女,27,广东省,深圳,普通,2024-12-28
U010127,张佳怡10127,女,21,安徽省,合肥,黄金,2026-03-15
U010128,周雨桐10128,男,22,安徽省,芜湖,普通,2025-03-02
U010129,陈诗涵10129,女,29,浙江省,嘉兴,普通,2026-01-02
U010130,胡佳怡10130,女,39,广东省,佛山,普通,2025-02-16
U010131,刘子涵10131,男,32,四川省,成都,普通,2026-04-23
U010132,杨欣然10132,男,28,广东省,广州,普通,2023-12-10
U010133,孙浩然10133,女,38,陕西省,西安,普通,2024-10-28
U010134,高梓萱10134,女,26,陕西省,西安,普通,2025-04-24
U010135,黄嘉诚10135,女,30,河南省,许昌,普通,2023-04-06
U010136,孙雨桐10136,女,22,江苏省,无锡,普通,2024-05-06
U010137,赵浩然10137,男,39,湖北省,荆州,黄金,2026-01-03
U010138,杨嘉诚10138,男,48,湖北省,荆州,普通,2023-12-22
U010139,陈一诺10139,女,46,湖北省,武汉,普通,2025-12-31
U010140,刘浩然10140,男,22,河北省,石家庄,普通,2023-09-05
U010141,刘诗涵10141,男,43,陕西省,西安,黄金,2025-12-28
U010142,张诗涵10142,女,49,重庆市,重庆,普通,2025-09-16
U010143,徐俊杰10143,男,38,河南省,南阳,白银,2023-02-04
U010144,朱浩然10144,女,31,江苏省,苏州,普通,2024-07-31
U010145,李梓萱10145,女,23,河南省,新乡,普通,2025-09-29
U010146,吴子涵10146,男,34,江苏省,南京,普通,2023-04-05
U010147,黄思源10147,男,45,四川省,成都,黄金,2024-05-22
U010148,黄浩然10148,女,29,湖南省,长沙,铂金,2025-12-08
U010149,黄浩然10149,男,32,江苏省,苏州,白银,2026-06-05
U010150,孙一诺10150,女,27,江苏省,苏州,白银,2023-05-26
U010151,张明轩10151,男,35,四川省,德阳,普通,2025-03-25
U010152,胡嘉诚10152,女,30,安徽省,芜湖,普通,2023-09-19
U010153,徐子涵10153,女,32,江苏省,无锡,普通,2024-04-24
U010154,张一诺10154,男,34,重庆市,重庆,白银,2023-03-12
U010155,刘一诺10155,男,32,四川省,德阳,白银,2025-12-23
U010156,刘一诺10156,男,46,上海市,上海,普通,2024-07-16
U010157,陈明轩10157,女,28,山东省,临沂,普通,2026-03-13
U010158,杨诗涵10158,女,38,广东省,深圳,白银,2023-11-26
U010159,黄明轩10159,男,33,湖北省,荆州,普通,2026-06-05
U010160,张雨桐10160,女,32,山东省,青岛,普通,2026-01-26
U010161,张佳怡10161,男,32,四川省,宜宾,铂金,2023-03-23
U010162,周雨桐10162,女,36,广东省,珠海,白银,2024-02-29
U010163,吴一诺10163,男,48,北京市,北京,普通,2023-06-17
U010164,徐俊杰10164,男,17,江苏省,南京,普通,2026-04-13
U010165,吴浩然10165,男,21,重庆市,重庆,白银,2024-07-30
U010166,王思源10166,女,41,广东省,珠海,普通,2025-03-02
U010167,朱浩然10167,女,34,广东省,东莞,普通,2023-10-12
U010168,徐浩然10168,女,36,江苏省,南京,白银,2026-06-18
U010169,黄思源10169,女,27,浙江省,杭州,白银,2025-01-21
U010170,朱欣然10170,男,27,山东省,青岛,普通,2023-03-14
U010171,朱佳怡10171,女,17,河北省,唐山,白银,2025-03-17
U010172,李佳怡10172,男,41,山东省,济南,普通,2024-01-26
U010173,周欣然10173,男,33,江苏省,无锡,普通,2023-01-11
U010174,李俊杰10174,男,38,浙江省,嘉兴,普通,2026-06-03
U010175,杨一诺10175,男,30,广东省,珠海,白银,2024-07-10
U010176,高诗涵10176,女,33,浙江省,绍兴,白银,2024-05-04
U010177,周佳怡10177,女,34,广东省,东莞,铂金,2026-05-05
U010178,孙思源10178,男,31,安徽省,芜湖,白银,2026-01-09
U010179,高俊杰10179,女,27,山东省,济南,白银,2025-12-15
U010180,刘嘉诚10180,男,24,山东省,青岛,白银,2024-04-05
U010181,王佳怡10181,女,24,北京市,北京,普通,2023-07-14
U010182,陈俊杰10182,女,37,河南省,洛阳,普通,2023-08-11
U010183,黄梓萱10183,男,33,浙江省,温州,普通,2025-05-24
U010184,王佳怡10184,女,24,北京市,北京,普通,2025-05-20
U010185,张子涵10185,女,39,广东省,佛山,普通,2025-10-07
U010186,吴子涵10186,女,32,四川省,南充,普通,2023-05-13
U010187,胡俊杰10187,男,46,江苏省,南京,普通,2025-02-18
U010188,孙梓萱10188,男,30,河北省,石家庄,普通,2025-11-20
U010189,周嘉诚10189,女,24,广东省,广州,铂金,2025-01-09
U010190,朱一诺10190,男,53,广东省,珠海,白银,2024-10-14
U010191,李佳怡10191,男,35,安徽省,阜阳,白银,2025-12-15
U010192,高思源10192,女,16,广东省,佛山,普通,2023-03-22
U010193,胡思源10193,女,35,上海市,上海,黄金,2024-10-08
U010194,刘子涵10194,男,42,重庆市,重庆,普通,2024-11-15
U010195,朱子涵10195,女,25,福建省,福州,普通,2026-01-19
U010196,周思源10196,男,45,浙江省,杭州,白银,2023-03-29
U010197,吴思源10197,女,32,浙江省,嘉兴,白银,2023-01-13
U010198,胡佳怡10198,女,29,江苏省,无锡,普通,2026-06-07
U010199,赵欣然10199,男,24,四川省,南充,普通,2026-06-18
U010200,胡雨桐10200,男,25,河北省,保定,白银,2025-07-02
U010201,黄俊杰10201,男,18,河南省,许昌,普通,2025-06-26
U010202,胡雨桐10202,男,37,陕西省,宝鸡,铂金,2023-09-18
U010203,赵明轩10203,男,16,湖南省,衡阳,普通,2025-12-13
U010204,周子涵10204,女,37,山东省,潍坊,普通,2023-01-13
U010205,刘一诺10205,男,29,河北省,保定,普通,2025-06-12
U010206,徐子涵10206,女,38,江苏省,苏州,黄金,2023-11-02
U010207,张俊杰10207,女,16,北京市,北京,白银,2024-02-27
U010208,刘子涵10208,女,36,江苏省,苏州,普通,2026-02-13
U010209,吴一诺10209,男,32,浙江省,嘉兴,普通,2025-12-14
U010210,陈欣然10210,女,38,四川省,成都,白银,2024-04-06
U010211,胡佳怡10211,男,17,广东省,深圳,普通,2023-11-13
U010212,徐雨桐10212,女,41,重庆市,重庆,普通,2023-04-08
U010213,高子涵10213,女,23,山东省,临沂,普通,2025-08-25
U010214,周明轩10214,女,31,湖北省,荆州,普通,2026-04-22
U010215,杨雨桐10215,男,34,河南省,南阳,普通,2023-11-08
U010216,徐诗涵10216,男,37,浙江省,嘉兴,白银,2025-09-28
U010217,周子涵10217,男,16,河北省,唐山,普通,2023-08-31
U010218,高子涵10218,男,27,陕西省,宝鸡,普通,2025-12-08
U010219,高子涵10219,男,23,广东省,佛山,普通,2024-04-26
U010220,王俊杰10220,男,32,北京市,北京,普通,2026-03-03
U010221,杨梓萱10221,男,24,江苏省,常州,普通,2024-03-08
U010222,胡欣然10222,女,36,山东省,青岛,黄金,2024-04-18
U010223,杨子涵10223,女,28,浙江省,宁波,白银,2024-12-08
U010224,高欣然10224,女,24,四川省,南充,普通,2024-04-18
U010225,吴思源10225,女,34,重庆市,重庆,黄金,2023-03-09
U010226,陈一诺10226,女,29,广东省,佛山,普通,2026-01-04
U010227,高欣然10227,男,25,广东省,东莞,普通,2023-08-08
U010228,赵子涵10228,男,26,广东省,东莞,黄金,2024-06-25
U010229,高欣然10229,男,35,广东省,珠海,黄金,2023-03-06
U010230,徐一诺10230,女,33,浙江省,嘉兴,普通,2023-07-22
U010231,徐思源10231,男,43,北京市,北京,白银,2025-12-27
U010232,胡诗涵10232,女,27,陕西省,咸阳,白银,2023-09-23
U010233,王梓萱10233,男,34,河南省,郑州,白银,2023-09-26
U010234,赵思源10234,女,22,河北省,廊坊,普通,2026-06-10
U010235,赵子涵10235,男,41,河南省,新乡,黑金,2025-04-19
U010236,赵明轩10236,男,60,湖北省,武汉,黄金,2025-02-06
U010237,徐雨桐10237,女,37,江苏省,无锡,黄金,2026-01-21
U010238,周明轩10238,男,30,北京市,北京,黄金,2026-02-02
U010239,杨浩然10239,女,49,湖南省,衡阳,普通,2025-10-14
U010240,朱诗涵10240,女,33,重庆市,重庆,普通,2024-11-01
U010241,朱雨桐10241,男,36,山东省,潍坊,普通,2024-01-01
U010242,孙思源10242,男,30,江苏省,常州,普通,2024-07-14
U010243,陈雨桐10243,女,34,广东省,佛山,普通,2026-04-19
U010244,刘明轩10244,女,21,四川省,德阳,普通,2023-03-05
U010245,赵欣然10245,女,43,河南省,新乡,白银,2025-07-16
U010246,胡子涵10246,女,25,河南省,许昌,普通,2024-10-09
U010247,吴佳怡10247,男,40,河南省,郑州,普通,2023-08-23
U010248,杨思源10248,女,19,湖南省,株洲,普通,2024-10-21
U010249,杨明轩10249,男,36,陕西省,西安,黄金,2025-05-06
U010250,高浩然10250,女,37,四川省,成都,白银,2026-03-25
U010251,王梓萱10251,男,27,重庆市,重庆,普通,2025-09-19
U010252,吴子涵10252,女,26,山东省,烟台,白银,2024-06-09
U010253,徐子涵10253,女,21,河北省,唐山,白银,2026-04-25
U010254,杨佳怡10254,男,41,广东省,东莞,普通,2023-01-24
U010255,张浩然10255,女,23,广东省,广州,普通,2025-04-01
U010256,孙俊杰10256,男,40,陕西省,咸阳,普通,2024-12-11
U010257,王嘉诚10257,男,35,广东省,珠海,白银,2026-01-02
U010258,杨梓萱10258,男,30,安徽省,阜阳,普通,2023-09-22
U010259,陈思源10259,女,39,浙江省,嘉兴,普通,2024-07-08
U010260,胡嘉诚10260,女,43,广东省,珠海,普通,2025-01-02
U010261,赵一诺10261,女,41,福建省,漳州,白银,2025-12-18
U010262,高子涵10262,女,39,湖北省,武汉,普通,2023-11-15
U010263,刘梓萱10263,男,40,福建省,泉州,普通,2024-12-17
U010264,高嘉诚10264,女,37,福建省,厦门,白银,2025-05-02
U010265,吴诗涵10265,男,16,湖北省,武汉,白银,2026-01-03
U010266,周欣然10266,女,28,陕西省,宝鸡,普通,2025-10-15
U010267,李欣然10267,男,27,山东省,临沂,普通,2024-08-16
U010268,胡思源10268,男,24,河北省,唐山,普通,2024-05-22
U010269,孙明轩10269,男,22,湖北省,襄阳,普通,2026-03-02
U010270,杨一诺10270,女,49,河南省,南阳,普通,2026-05-12
U010271,吴子涵10271,女,51,重庆市,重庆,普通,2024-06-30
U010272,胡俊杰10272,女,16,湖北省,荆州,普通,2023-03-25
U010273,高欣然10273,男,35,河北省,保定,普通,2024-02-07
U010274,陈子涵10274,女,16,福建省,漳州,黄金,2024-04-15
U010275,赵俊杰10275,女,27,广东省,广州,黄金,2023-08-28
U010276,吴俊杰10276,女,33,上海市,上海,普通,2024-08-09
U010277,杨明轩10277,男,33,广东省,深圳,普通,2025-02-08
U010278,张嘉诚10278,男,34,浙江省,绍兴,黄金,2025-01-15
U010279,张诗涵10279,男,33,河南省,新乡,铂金,2023-05-04
U010280,吴雨桐10280,男,33,北京市,北京,普通,2026-03-31
U010281,李佳怡10281,男,40,河南省,许昌,普通,2024-12-22
U010282,刘诗涵10282,女,39,安徽省,安庆,普通,2025-08-25
U010283,朱嘉诚10283,男,26,江苏省,南京,黄金,2023-01-15
U010284,陈明轩10284,女,27,浙江省,杭州,普通,2024-03-18
U010285,周梓萱10285,男,24,重庆市,重庆,黄金,2024-03-05
U010286,李嘉诚10286,男,25,河北省,石家庄,黄金,2026-01-23
U010287,徐子涵10287,女,27,广东省,佛山,白银,2025-09-12
U010288,黄嘉诚10288,女,28,四川省,绵阳,普通,2024-04-23
U010289,张明轩10289,男,40,山东省,烟台,普通,2025-08-18
U010290,李欣然10290,女,48,四川省,成都,黄金,2026-06-18
U010291,刘嘉诚10291,女,16,福建省,莆田,普通,2023-08-24
U010292,杨佳怡10292,男,28,陕西省,宝鸡,白银,2025-12-03
U010293,黄欣然10293,女,27,浙江省,嘉兴,普通,2023-09-11
U010294,李浩然10294,女,23,湖北省,宜昌,黄金,2025-07-10
U010295,王诗涵10295,女,26,安徽省,安庆,普通,2023-07-12
U010296,高诗涵10296,女,21,广东省,广州,普通,2024-04-29
U010297,张诗涵10297,女,16,河南省,洛阳,普通,2023-06-30
U010298,杨欣然10298,女,41,河南省,郑州,普通,2025-03-20
U010299,赵雨桐10299,男,44,广东省,东莞,普通,2023-03-16
U010300,李梓萱10300,女,31,河南省,许昌,普通,2024-03-24
U010301,杨欣然10301,男,35,江苏省,南通,普通,2025-06-02
U010302,孙梓萱10302,男,29,浙江省,嘉兴,普通,2025-11-02
U010303,周子涵10303,女,37,江苏省,常州,黄金,2025-12-23
U010304,杨浩然10304,男,46,浙江省,温州,白银,2024-09-15
U010305,陈明轩10305,男,29,湖北省,襄阳,普通,2025-06-10
U010306,张欣然10306,男,40,山东省,济南,铂金,2023-01-30
U010307,黄一诺10307,男,20,河北省,保定,普通,2023-05-27
U010308,周浩然10308,女,29,浙江省,绍兴,黄金,2024-02-14
U010309,吴思源10309,男,34,浙江省,温州,普通,2024-07-19
U010310,吴思源10310,男,31,河南省,新乡,白银,2025-02-15
U010311,高梓萱10311,男,51,四川省,绵阳,铂金,2026-01-11
U010312,朱浩然10312,女,32,陕西省,咸阳,普通,2026-02-14
U010313,高梓萱10313,男,35,山东省,青岛,黄金,2025-10-13
U010314,赵一诺10314,女,30,湖南省,衡阳,白银,2023-02-05
U010315,王诗涵10315,男,37,江苏省,苏州,普通,2023-04-06
U010316,王思源10316,男,23,北京市,北京,普通,2025-03-27
U010317,高欣然10317,男,20,四川省,德阳,普通,2023-10-09
U010318,陈一诺10318,女,42,江苏省,常州,黄金,2023-10-29
U010319,陈思源10319,女,33,重庆市,重庆,普通,2023-04-21
U010320,孙梓萱10320,男,29,湖北省,襄阳,白银,2024-01-01
U010321,黄子涵10321,女,22,浙江省,杭州,铂金,2024-01-03
U010322,吴欣然10322,男,23,广东省,广州,白银,2025-05-06
U010323,陈思源10323,女,16,广东省,佛山,普通,2025-05-17
U010324,王梓萱10324,男,16,山东省,烟台,普通,2025-12-18
U010325,徐雨桐10325,女,32,江苏省,南京,白银,2023-04-17
U010326,陈梓萱10326,男,34,山东省,烟台,白银,2026-04-12
U010327,朱欣然10327,女,25,陕西省,咸阳,白银,2023-04-21
U010328,黄梓萱10328,男,24,四川省,绵阳,普通,2026-04-17
U010329,周诗涵10329,男,27,河南省,南阳,普通,2025-12-10
U010330,徐诗涵10330,女,24,广东省,珠海,白银,2024-05-15
U010331,吴俊杰10331,男,22,上海市,上海,普通,2025-06-21
U010332,胡欣然10332,男,25,上海市,上海,黄金,2024-07-15
U010333,黄雨桐10333,男,28,广东省,广州,普通,2026-03-20
U010334,王佳怡10334,女,34,广东省,珠海,黑金,2024-02-24
U010335,黄嘉诚10335,男,31,北京市,北京,黄金,2024-03-27
U010336,杨明轩10336,男,27,浙江省,宁波,白银,2023-11-11
U010337,吴一诺10337,男,33,湖北省,宜昌,白银,2024-07-25
U010338,吴明轩10338,女,24,河南省,南阳,铂金,2026-01-18
U010339,王欣然10339,女,30,湖南省,长沙,铂金,2023-06-15
U010340,张佳怡10340,男,35,广东省,东莞,白银,2024-12-11
U010341,朱嘉诚10341,女,33,湖北省,荆州,普通,2024-10-07
U010342,刘梓萱10342,男,27,河南省,许昌,普通,2026-03-15
U010343,周梓萱10343,男,18,山东省,青岛,普通,2025-04-26
U010344,李子涵10344,男,30,安徽省,阜阳,黄金,2026-05-23
U010345,周俊杰10345,女,26,河南省,南阳,白银,2023-04-30
U010346,徐一诺10346,男,37,陕西省,咸阳,白银,2023-10-31
U010347,陈子涵10347,女,25,广东省,广州,铂金,2025-07-26
U010348,张嘉诚10348,女,36,浙江省,绍兴,普通,2024-05-18
U010349,周梓萱10349,男,35,山东省,潍坊,普通,2026-03-22
U010350,赵梓萱10350,女,16,湖北省,黄冈,白银,2024-12-11
U010351,陈俊杰10351,女,33,山东省,济南,普通,2024-11-14
U010352,王嘉诚10352,女,53,上海市,上海,普通,2024-09-17
U010353,孙嘉诚10353,女,30,广东省,佛山,白银,2023-03-23
U010354,吴明轩10354,男,22,福建省,莆田,白银,2025-01-14
U010355,张浩然10355,男,43,湖北省,武汉,黄金,2024-01-20
U010356,李一诺10356,女,42,北京市,北京,黄金,2024-12-27
U010357,王嘉诚10357,女,16,浙江省,嘉兴,普通,2024-08-04
U010358,赵雨桐10358,女,30,山东省,潍坊,普通,2026-06-03
U010359,朱明轩10359,男,35,江苏省,南京,普通,2025-05-05
U010360,高明轩10360,女,35,江苏省,南京,白银,2024-10-10
U010361,黄一诺10361,男,36,湖北省,襄阳,白银,2026-01-18
U010362,朱欣然10362,女,31,山东省,烟台,普通,2026-01-01
U010363,杨浩然10363,男,33,广东省,广州,普通,2024-08-12
U010364,高一诺10364,女,26,山东省,济南,普通,2023-06-18
U010365,徐俊杰10365,女,28,四川省,绵阳,普通,2023-08-08
U010366,周雨桐10366,女,35,北京市,北京,白银,2025-02-23
U010367,陈俊杰10367,女,22,河北省,廊坊,普通,2024-05-20
U010368,孙雨桐10368,男,42,江苏省,无锡,普通,2024-03-14
U010369,赵明轩10369,男,24,福建省,福州,铂金,2025-03-14
U010370,王佳怡10370,女,47,福建省,漳州,黄金,2026-03-18
U010371,张思源10371,男,28,河南省,许昌,白银,2024-06-15
U010372,张子涵10372,女,21,四川省,宜宾,黄金,2024-10-03
U010373,赵雨桐10373,女,35,江苏省,南京,铂金,2026-01-12
U010374,陈浩然10374,男,16,江苏省,苏州,黄金,2024-07-11
U010375,周诗涵10375,男,24,江苏省,南通,黄金,2024-06-21
U010376,张浩然10376,男,25,重庆市,重庆,白银,2025-08-05
U010377,黄一诺10377,女,16,江苏省,常州,普通,2023-12-22
U010378,吴俊杰10378,男,35,江苏省,常州,铂金,2023-08-07
U010379,朱思源10379,女,33,山东省,潍坊,普通,2023-12-28
U010380,赵雨桐10380,男,41,广东省,广州,白银,2024-11-27
U010381,杨梓萱10381,男,40,江苏省,南通,普通,2025-07-16
U010382,刘思源10382,女,17,江苏省,南京,普通,2023-05-10
U010383,胡浩然10383,男,20,河南省,郑州,普通,2023-10-09
U010384,徐梓萱10384,女,29,河北省,唐山,普通,2024-03-13
U010385,张浩然10385,男,24,广东省,广州,普通,2026-04-21
U010386,李俊杰10386,男,34,广东省,深圳,黄金,2025-12-24
U010387,刘思源10387,男,16,广东省,珠海,黄金,2024-09-03
U010388,徐明轩10388,男,39,广东省,深圳,白银,2026-05-30
U010389,高诗涵10389,女,27,江苏省,苏州,普通,2026-03-14
U010390,陈子涵10390,女,34,重庆市,重庆,普通,2025-10-04
U010391,张诗涵10391,女,31,福建省,莆田,白银,2023-02-19
U010392,赵梓萱10392,男,34,江苏省,南通,普通,2024-03-07
U010393,杨思源10393,男,38,山东省,济南,普通,2025-12-07
U010394,张诗涵10394,女,27,山东省,青岛,普通,2025-09-15
U010395,赵浩然10395,女,18,湖南省,衡阳,普通,2024-06-24
U010396,胡明轩10396,女,28,浙江省,宁波,普通,2023-03-17
U010397,黄明轩10397,女,47,河南省,新乡,普通,2025-12-11
U010398,黄佳怡10398,男,22,河南省,新乡,普通,2025-04-12
U010399,张嘉诚10399,女,34,广东省,深圳,普通,2023-11-25
U010400,徐雨桐10400,女,34,山东省,青岛,白银,2025-01-11
U010401,张诗涵10401,女,42,江苏省,苏州,黄金,2024-08-13
U010402,徐诗涵10402,女,40,湖南省,长沙,普通,2025-02-13
U010403,黄明轩10403,女,35,北京市,北京,普通,2026-02-13
U010404,刘欣然10404,男,24,重庆市,重庆,普通,2025-05-26
U010405,周俊杰10405,女,31,北京市,北京,普通,2023-05-09
U010406,高俊杰10406,男,39,福建省,福州,普通,2024-04-30
U010407,黄浩然10407,男,30,福建省,厦门,白银,2024-05-15
U010408,吴诗涵10408,男,33,广东省,东莞,黄金,2026-02-07
U010409,李子涵10409,男,36,河南省,南阳,白银,2023-03-08
U010410,朱浩然10410,男,38,广东省,深圳,白银,2024-02-09
U010411,徐明轩10411,女,36,江苏省,南京,普通,2026-06-19
U010412,周梓萱10412,女,37,湖南省,衡阳,白银,2023-11-07
U010413,朱一诺10413,女,28,河南省,南阳,普通,2025-05-25
U010414,黄子涵10414,男,33,浙江省,绍兴,普通,2024-01-02
U010415,周明轩10415,男,47,广东省,东莞,普通,2024-01-06
U010416,黄佳怡10416,男,45,江苏省,南京,黄金,2023-10-31
U010417,张嘉诚10417,男,41,河南省,南阳,普通,2023-11-24
U010418,刘浩然10418,女,55,上海市,上海,普通,2026-02-03
U010419,孙梓萱10419,女,32,四川省,德阳,普通,2025-03-09
U010420,张俊杰10420,女,24,上海市,上海,普通,2025-02-10
U010421,李诗涵10421,女,37,安徽省,芜湖,普通,2023-07-26
U010422,杨诗涵10422,男,36,江苏省,苏州,普通,2024-12-16
U010423,赵思源10423,男,45,重庆市,重庆,白银,2023-12-07
U010424,周浩然10424,女,32,山东省,潍坊,白银,2026-02-26
U010425,周欣然10425,女,21,福建省,泉州,白银,2023-03-30
U010426,孙浩然10426,男,20,福建省,福州,铂金,2024-03-18
U010427,吴浩然10427,女,28,浙江省,杭州,普通,2025-12-06
U010428,周雨桐10428,男,18,上海市,上海,普通,2025-08-13
U010429,徐雨桐10429,男,41,河南省,新乡,普通,2023-07-07
U010430,陈欣然10430,男,45,浙江省,温州,普通,2026-04-12
U010431,周嘉诚10431,女,42,江苏省,常州,白银,2025-05-11
U010432,张俊杰10432,男,19,上海市,上海,黄金,2023-03-05
U010433,杨思源10433,女,41,四川省,南充,普通,2023-05-28
U010434,朱子涵10434,男,16,广东省,佛山,普通,2026-03-14
U010435,胡俊杰10435,女,34,山东省,潍坊,白银,2025-05-08
U010436,陈俊杰10436,男,28,重庆市,重庆,黄金,2025-06-23
U010437,周嘉诚10437,女,16,四川省,绵阳,普通,2025-10-18
U010438,胡明轩10438,女,45,河南省,洛阳,白银,2023-02-15
U010439,李佳怡10439,女,31,浙江省,绍兴,白银,2023-04-24
U010440,吴俊杰10440,男,38,河北省,廊坊,白银,2023-11-09
U010441,刘子涵10441,男,24,重庆市,重庆,普通,2024-11-07
U010442,陈佳怡10442,女,31,重庆市,重庆,黄金,2026-01-31
U010443,朱雨桐10443,女,25,湖北省,襄阳,普通,2025-02-27
U010444,刘雨桐10444,男,33,江苏省,无锡,铂金,2023-09-25
U010445,徐俊杰10445,男,35,陕西省,渭南,白银,2023-12-26
U010446,赵俊杰10446,男,28,湖北省,荆州,普通,2025-10-09
U010447,黄诗涵10447,男,18,河南省,洛阳,普通,2023-05-01
U010448,胡子涵10448,女,18,上海市,上海,黄金,2023-04-27
U010449,高思源10449,男,18,湖南省,长沙,普通,2024-07-14
U010450,胡嘉诚10450,男,40,重庆市,重庆,普通,2025-01-04
U010451,王雨桐10451,女,30,重庆市,重庆,普通,2024-08-06
U010452,吴诗涵10452,男,40,陕西省,渭南,黄金,2023-08-27
U010453,张一诺10453,男,41,浙江省,绍兴,铂金,2024-04-19
U010454,孙明轩10454,男,25,河南省,南阳,白银,2023-07-14
U010455,赵浩然10455,女,35,四川省,成都,白银,2025-03-02
U010456,徐一诺10456,男,16,广东省,东莞,白银,2026-01-31
U010457,张嘉诚10457,男,28,福建省,莆田,普通,2026-03-25
U010458,赵一诺10458,男,32,河北省,廊坊,白银,2024-01-22
U010459,胡浩然10459,男,26,广东省,佛山,普通,2026-04-19
U010460,高浩然10460,男,20,四川省,成都,普通,2023-05-14
U010461,赵思源10461,男,35,安徽省,安庆,普通,2024-04-14
U010462,吴明轩10462,女,35,河北省,保定,白银,2024-03-13
U010463,周欣然10463,男,35,山东省,济南,普通,2024-11-29
U010464,吴一诺10464,女,33,上海市,上海,普通,2023-09-07
U010465,刘嘉诚10465,男,24,江苏省,南京,黑金,2025-02-05
U010466,高欣然10466,女,40,河南省,新乡,普通,2025-08-29
U010467,李明轩10467,男,45,河南省,郑州,普通,2026-04-06
U010468,赵佳怡10468,女,37,福建省,厦门,铂金,2025-03-03
U010469,黄思源10469,男,42,江苏省,无锡,白银,2026-04-22
U010470,杨嘉诚10470,男,24,浙江省,温州,普通,2023-10-13
U010471,杨思源10471,女,26,湖南省,长沙,白银,2025-07-16
U010472,孙思源10472,男,36,福建省,莆田,黄金,2024-07-22
U010473,赵佳怡10473,女,44,河北省,唐山,黄金,2025-03-27
U010474,朱一诺10474,女,32,湖北省,黄冈,普通,2026-03-10
U010475,黄嘉诚10475,男,18,四川省,成都,黄金,2024-10-12
U010476,胡浩然10476,男,36,浙江省,绍兴,铂金,2024-05-14
U010477,徐梓萱10477,女,29,湖北省,武汉,铂金,2024-10-06
U010478,胡明轩10478,女,43,福建省,漳州,普通,2024-07-28
U010479,朱俊杰10479,男,28,广东省,深圳,普通,2025-07-30
U010480,徐欣然10480,女,38,江苏省,南京,白银,2023-09-20
U010481,孙雨桐10481,女,39,湖南省,常德,黄金,2024-05-17
U010482,高俊杰10482,女,38,江苏省,南通,白银,2025-05-26
U010483,陈雨桐10483,女,42,河北省,唐山,普通,2024-03-02
U010484,黄一诺10484,女,31,广东省,珠海,普通,2025-07-27
U010485,李诗涵10485,男,38,江苏省,南京,白银,2024-01-15
U010486,朱欣然10486,男,44,重庆市,重庆,黄金,2025-05-13
U010487,赵雨桐10487,男,31,四川省,宜宾,普通,2024-06-03
U010488,孙梓萱10488,女,36,湖南省,常德,普通,2025-07-05
U010489,高一诺10489,男,36,湖南省,衡阳,普通,2023-01-08
U010490,孙子涵10490,男,49,湖南省,岳阳,普通,2025-02-16
U010491,李明轩10491,男,37,上海市,上海,普通,2025-09-03
U010492,高欣然10492,女,41,广东省,广州,黄金,2024-01-10
U010493,张俊杰10493,男,34,河南省,南阳,普通,2026-06-08
U010494,朱佳怡10494,女,20,湖北省,黄冈,普通,2023-04-24
U010495,王思源10495,男,25,山东省,临沂,普通,2024-06-03
U010496,朱一诺10496,男,24,广东省,珠海,白银,2026-06-05
U010497,杨欣然10497,男,41,重庆市,重庆,普通,2023-11-12
U010498,朱嘉诚10498,女,36,山东省,青岛,普通,2025-12-17
U010499,陈明轩10499,男,22,北京市,北京,铂金,2026-06-09
U010500,徐梓萱10500,女,36,福建省,厦门,黄金,2025-11-22
U010501,吴佳怡10501,女,37,浙江省,嘉兴,铂金,2023-11-24
U010502,吴梓萱10502,男,25,上海市,上海,普通,2025-08-04
U010503,赵诗涵10503,女,30,河南省,许昌,黄金,2024-04-20
U010504,朱雨桐10504,男,28,山东省,临沂,铂金,2023-04-03
U010505,王一诺10505,男,28,陕西省,宝鸡,普通,2025-01-17
U010506,赵一诺10506,男,42,上海市,上海,普通,2025-04-06
U010507,朱浩然10507,男,33,广东省,广州,普通,2023-06-05
U010508,吴诗涵10508,男,19,安徽省,合肥,铂金,2026-01-12
U010509,李一诺10509,女,25,陕西省,咸阳,黑金,2026-01-09
U010510,王佳怡10510,男,30,山东省,济南,普通,2025-12-05
U010511,赵梓萱10511,男,33,江苏省,无锡,黄金,2023-10-26
U010512,杨浩然10512,男,22,安徽省,合肥,白银,2026-05-13
U010513,孙俊杰10513,女,33,河南省,郑州,普通,2024-01-29
U010514,张俊杰10514,女,28,浙江省,嘉兴,黄金,2025-04-04
U010515,王俊杰10515,男,25,广东省,佛山,普通,2023-10-06
U010516,朱嘉诚10516,男,50,陕西省,西安,黄金,2024-08-09
U010517,杨嘉诚10517,女,35,浙江省,温州,黑金,2026-04-27
U010518,李子涵10518,男,26,四川省,绵阳,普通,2023-02-27
U010519,周思源10519,女,31,河北省,石家庄,白银,2025-02-08
U010520,周浩然10520,女,18,浙江省,嘉兴,黄金,2024-02-23
U010521,黄明轩10521,男,21,四川省,绵阳,普通,2025-04-16
U010522,吴嘉诚10522,女,35,广东省,佛山,黄金,2023-09-08
U010523,杨雨桐10523,女,34,广东省,广州,普通,2025-08-25
U010524,刘诗涵10524,女,37,江苏省,南通,普通,2025-12-28
U010525,李子涵10525,男,38,广东省,东莞,白银,2024-11-30
U010526,张明轩10526,女,26,浙江省,绍兴,铂金,2025-12-16
U010527,陈一诺10527,男,24,江苏省,南京,黄金,2026-05-11
U010528,吴子涵10528,男,32,安徽省,安庆,黄金,2024-08-29
U010529,王明轩10529,男,41,江苏省,苏州,白银,2024-11-09
U010530,胡浩然10530,男,17,陕西省,宝鸡,普通,2025-09-16
U010531,吴俊杰10531,男,36,江苏省,南京,普通,2025-12-14
U010532,杨雨桐10532,男,21,河南省,许昌,普通,2023-08-26
U010533,张一诺10533,女,37,重庆市,重庆,黄金,2024-11-02
U010534,张佳怡10534,女,27,江苏省,苏州,黄金,2026-06-15
U010535,周子涵10535,女,16,山东省,潍坊,白银,2023-01-27
U010536,黄思源10536,女,40,北京市,北京,普通,2024-08-31
U010537,刘欣然10537,女,28,山东省,临沂,普通,2025-04-27
U010538,王思源10538,女,24,河南省,许昌,铂金,2025-02-20
U010539,陈诗涵10539,女,34,四川省,成都,普通,2026-04-22
U010540,陈俊杰10540,男,26,山东省,青岛,普通,2023-09-14
U010541,周雨桐10541,女,31,江苏省,南通,白银,2025-02-21
U010542,杨子涵10542,女,40,广东省,珠海,普通,2025-05-28
U010543,刘欣然10543,女,49,广东省,广州,普通,2025-03-14
U010544,陈一诺10544,男,38,河南省,新乡,普通,2024-01-28
U010545,杨雨桐10545,女,39,山东省,潍坊,普通,2023-08-04
U010546,张雨桐10546,女,17,江苏省,南京,普通,2025-07-31
U010547,张梓萱10547,女,27,江苏省,常州,普通,2024-03-22
U010548,周思源10548,女,37,山东省,临沂,普通,2023-11-23
U010549,吴嘉诚10549,男,43,湖北省,宜昌,普通,2023-03-12
U010550,周嘉诚10550,女,31,河南省,许昌,普通,2025-08-20
U010551,王明轩10551,男,29,广东省,广州,黄金,2023-01-09
U010552,张浩然10552,男,34,广东省,佛山,普通,2023-09-05
U010553,王子涵10553,男,44,福建省,泉州,普通,2023-07-07
U010554,吴一诺10554,女,28,北京市,北京,黄金,2026-01-06
U010555,高明轩10555,女,40,福建省,福州,普通,2023-04-28
U010556,王子涵10556,男,16,江苏省,南通,铂金,2024-06-24
U010557,朱诗涵10557,女,27,山东省,临沂,白银,2026-01-24
U010558,孙思源10558,男,43,湖北省,武汉,白银,2023-06-10
U010559,王欣然10559,男,18,北京市,北京,普通,2023-10-29
U010560,张佳怡10560,女,35,湖北省,宜昌,铂金,2024-08-03
U010561,杨雨桐10561,女,25,广东省,东莞,黄金,2024-05-05
U010562,吴诗涵10562,男,26,陕西省,咸阳,白银,2023-09-04
U010563,孙梓萱10563,女,29,广东省,广州,普通,2025-08-27
U010564,张雨桐10564,男,28,安徽省,阜阳,普通,2026-02-18
U010565,朱欣然10565,女,17,河南省,郑州,黄金,2023-07-08
U010566,徐子涵10566,男,36,山东省,潍坊,普通,2025-05-11
U010567,刘浩然10567,男,41,河南省,洛阳,普通,2023-04-27
U010568,黄雨桐10568,男,16,广东省,深圳,普通,2025-10-24
U010569,高佳怡10569,男,22,福建省,漳州,黑金,2023-08-11
U010570,杨思源10570,男,29,浙江省,嘉兴,铂金,2025-05-06
U010571,赵嘉诚10571,女,29,安徽省,芜湖,普通,2023-04-22
U010572,张梓萱10572,男,36,江苏省,常州,普通,2023-11-06
U010573,杨欣然10573,女,49,湖南省,常德,黄金,2023-07-17
U010574,徐梓萱10574,女,41,广东省,佛山,白银,2023-02-16
U010575,陈思源10575,男,49,湖南省,株洲,白银,2025-03-20
U010576,周子涵10576,男,58,广东省,东莞,普通,2023-04-14
U010577,朱佳怡10577,男,47,广东省,珠海,白银,2023-11-29
U010578,赵子涵10578,女,30,湖北省,武汉,普通,2024-02-14
U010579,黄明轩10579,女,35,河南省,新乡,普通,2024-06-27
U010580,杨雨桐10580,男,27,上海市,上海,白银,2024-11-29
U010581,孙子涵10581,女,39,江苏省,无锡,普通,2023-12-01
U010582,杨嘉诚10582,女,22,重庆市,重庆,普通,2023-10-28
U010583,徐梓萱10583,男,35,广东省,佛山,黄金,2025-07-28
U010584,孙浩然10584,男,25,上海市,上海,普通,2024-10-22
U010585,吴思源10585,女,44,山东省,潍坊,普通,2023-10-04
U010586,赵浩然10586,男,26,广东省,珠海,普通,2023-06-05
U010587,吴欣然10587,男,39,河北省,廊坊,普通,2024-06-07
U010588,赵佳怡10588,男,30,上海市,上海,普通,2025-07-25
U010589,刘诗涵10589,男,34,广东省,佛山,普通,2023-03-23
U010590,李嘉诚10590,男,22,四川省,成都,白银,2023-02-12
U010591,周嘉诚10591,男,28,广东省,东莞,普通,2023-02-15
U010592,朱嘉诚10592,女,41,安徽省,安庆,白银,2023-10-01
U010593,赵欣然10593,女,29,四川省,宜宾,黑金,2025-01-04
U010594,周思源10594,女,23,上海市,上海,普通,2026-01-18
U010595,刘嘉诚10595,男,38,重庆市,重庆,普通,2025-11-22
U010596,张俊杰10596,女,36,重庆市,重庆,铂金,2023-11-28
U010597,朱浩然10597,男,32,江苏省,苏州,白银,2025-11-16
U010598,吴雨桐10598,男,23,江苏省,苏州,普通,2023-01-28
U010599,刘嘉诚10599,女,26,湖北省,襄阳,黄金,2025-06-22
U010600,胡诗涵10600,女,35,浙江省,嘉兴,普通,2023-07-22
U010601,吴俊杰10601,女,22,山东省,济南,普通,2026-05-17
U010602,王子涵10602,男,25,山东省,临沂,白银,2023-03-29
U010603,黄佳怡10603,女,42,福建省,泉州,普通,2023-11-16
U010604,赵明轩10604,男,30,上海市,上海,黄金,2023-01-03
U010605,张诗涵10605,女,26,江苏省,常州,黄金,2025-12-29
U010606,陈明轩10606,女,30,浙江省,杭州,普通,2023-11-01
U010607,赵思源10607,男,16,广东省,珠海,白银,2023-08-24
U010608,李思源10608,女,26,广东省,广州,普通,2025-04-02
U010609,张梓萱10609,女,27,浙江省,杭州,普通,2024-10-04
U010610,李雨桐10610,女,40,广东省,广州,普通,2026-06-09
U010611,黄思源10611,男,18,广东省,东莞,普通,2024-08-01
U010612,吴佳怡10612,女,38,江苏省,南京,普通,2025-07-26
U010613,朱诗涵10613,女,26,北京市,北京,黄金,2026-05-29
U010614,赵诗涵10614,女,37,四川省,德阳,普通,2026-05-10
U010615,陈一诺10615,女,35,江苏省,南京,普通,2024-02-02
U010616,赵梓萱10616,男,16,福建省,漳州,白银,2026-03-17
U010617,黄思源10617,男,36,湖南省,岳阳,黄金,2024-03-04
U010618,高子涵10618,男,31,四川省,绵阳,普通,2023-05-17
U010619,徐思源10619,女,28,河南省,洛阳,黄金,2025-02-21
U010620,孙子涵10620,女,26,四川省,绵阳,普通,2023-01-27
U010621,张子涵10621,女,37,河南省,新乡,普通,2024-07-31
U010622,胡俊杰10622,女,28,北京市,北京,黄金,2024-09-13
U010623,周嘉诚10623,男,18,广东省,广州,普通,2024-04-08
U010624,朱明轩10624,女,28,江苏省,常州,普通,2024-10-17
U010625,吴浩然10625,男,26,广东省,广州,白银,2024-07-13
U010626,陈思源10626,女,33,陕西省,咸阳,白银,2024-08-04
U010627,黄诗涵10627,女,43,湖南省,株洲,普通,2023-10-16
U010628,赵梓萱10628,男,33,山东省,烟台,普通,2023-02-09
U010629,周欣然10629,女,31,广东省,深圳,普通,2025-03-29
U010630,刘雨桐10630,女,21,湖北省,武汉,普通,2025-03-17
U010631,胡思源10631,女,43,山东省,潍坊,白银,2024-01-05
U010632,周子涵10632,女,30,浙江省,温州,普通,2024-08-25
U010633,李浩然10633,女,50,上海市,上海,普通,2024-12-23
U010634,徐欣然10634,男,26,浙江省,嘉兴,普通,2025-03-15
U010635,高子涵10635,女,38,四川省,绵阳,白银,2024-02-10
U010636,赵子涵10636,女,38,河北省,保定,普通,2023-04-16
U010637,朱明轩10637,男,22,浙江省,绍兴,白银,2024-11-06
U010638,李诗涵10638,女,33,重庆市,重庆,白银,2024-12-23
U010639,陈雨桐10639,男,22,浙江省,嘉兴,白银,2024-08-07
U010640,胡浩然10640,男,38,四川省,绵阳,普通,2026-01-06
U010641,赵浩然10641,男,36,广东省,东莞,普通,2025-09-16
U010642,杨雨桐10642,男,25,四川省,德阳,普通,2024-02-01
U010643,赵思源10643,男,43,福建省,莆田,白银,2024-07-24
U010644,朱嘉诚10644,女,21,河北省,廊坊,普通,2024-12-19
U010645,孙浩然10645,女,36,湖北省,襄阳,铂金,2024-07-08
U010646,徐诗涵10646,女,23,湖南省,株洲,普通,2024-03-26
U010647,陈一诺10647,女,31,上海市,上海,普通,2024-01-09
U010648,徐俊杰10648,男,39,湖南省,常德,普通,2025-10-26
U010649,徐俊杰10649,男,41,河北省,唐山,普通,2025-12-19
U010650,李诗涵10650,男,29,山东省,潍坊,普通,2024-12-13
U010651,陈思源10651,男,24,上海市,上海,普通,2023-08-17
U010652,朱诗涵10652,男,33,福建省,莆田,普通,2025-08-20
U010653,朱子涵10653,男,26,四川省,宜宾,黄金,2026-06-22
U010654,张雨桐10654,女,29,湖北省,襄阳,白银,2024-12-10
U010655,吴浩然10655,女,40,浙江省,温州,普通,2023-10-23
U010656,杨浩然10656,男,27,河南省,许昌,普通,2023-08-12
U010657,吴嘉诚10657,男,26,安徽省,阜阳,黄金,2025-08-30
U010658,孙佳怡10658,男,20,河南省,洛阳,普通,2025-05-14
U010659,朱梓萱10659,女,27,四川省,成都,普通,2026-06-10
U010660,王浩然10660,女,22,江苏省,南京,黄金,2024-08-02
U010661,赵梓萱10661,男,29,广东省,深圳,普通,2023-09-27
U010662,李佳怡10662,男,18,广东省,深圳,白银,2023-02-01
U010663,吴一诺10663,女,32,河南省,南阳,普通,2025-07-14
U010664,陈一诺10664,男,28,重庆市,重庆,黄金,2023-09-21
U010665,王嘉诚10665,男,16,四川省,德阳,普通,2024-02-04
U010666,陈梓萱10666,男,21,广东省,广州,铂金,2023-01-29
U010667,朱浩然10667,女,26,上海市,上海,黄金,2023-11-17
U010668,高佳怡10668,男,34,浙江省,宁波,普通,2026-01-07
U010669,张浩然10669,女,37,湖北省,荆州,铂金,2023-05-22
U010670,刘一诺10670,女,31,湖南省,常德,普通,2023-08-07
U010671,黄佳怡10671,男,34,广东省,珠海,白银,2025-06-03
U010672,胡雨桐10672,女,35,浙江省,嘉兴,黄金,2025-10-07
U010673,杨欣然10673,女,33,广东省,深圳,普通,2023-09-06
U010674,徐浩然10674,男,28,陕西省,渭南,普通,2026-01-08
U010675,朱雨桐10675,男,21,安徽省,安庆,铂金,2024-12-09
U010676,孙明轩10676,男,26,上海市,上海,普通,2024-11-22
U010677,李嘉诚10677,女,35,福建省,厦门,普通,2024-08-01
U010678,王诗涵10678,男,20,陕西省,渭南,白银,2024-09-26
U010679,胡诗涵10679,男,29,湖南省,常德,普通,2023-05-25
U010680,赵诗涵10680,女,32,福建省,漳州,白银,2024-12-02
U010681,王佳怡10681,男,24,四川省,南充,普通,2025-12-01
U010682,吴浩然10682,女,41,福建省,漳州,白银,2023-12-30
U010683,黄浩然10683,男,19,河南省,洛阳,普通,2024-06-15
U010684,高佳怡10684,女,33,福建省,泉州,白银,2024-06-20
U010685,黄俊杰10685,男,34,上海市,上海,白银,2023-01-31
U010686,胡梓萱10686,女,25,江苏省,无锡,黄金,2025-11-02
U010687,孙子涵10687,女,27,北京市,北京,白银,2023-12-23
U010688,陈佳怡10688,男,36,湖北省,武汉,普通,2023-05-27
U010689,朱梓萱10689,女,37,江苏省,无锡,普通,2026-03-29
U010690,李诗涵10690,男,36,四川省,南充,普通,2025-05-02
U010691,吴梓萱10691,女,26,重庆市,重庆,普通,2026-02-07
U010692,徐子涵10692,女,31,湖南省,长沙,普通,2023-02-28
U010693,赵一诺10693,女,33,北京市,北京,黄金,2026-03-07
U010694,赵浩然10694,男,40,湖北省,襄阳,普通,2025-08-04
U010695,周明轩10695,男,42,湖南省,岳阳,普通,2023-03-19
U010696,胡嘉诚10696,女,36,河南省,郑州,白银,2024-02-01
U010697,周思源10697,男,32,广东省,广州,普通,2025-08-13
U010698,朱嘉诚10698,男,27,河北省,廊坊,铂金,2023-11-28
U010699,王欣然10699,男,53,福建省,福州,白银,2023-06-26
U010700,黄一诺10700,女,41,重庆市,重庆,白银,2024-01-21
U010701,陈俊杰10701,男,19,江苏省,南京,普通,2024-07-22
U010702,刘子涵10702,女,18,四川省,南充,普通,2023-08-26
U010703,李思源10703,男,18,浙江省,绍兴,白银,2025-07-05
U010704,张梓萱10704,女,34,河南省,许昌,普通,2025-11-27
U010705,周浩然10705,女,27,湖北省,襄阳,普通,2023-04-25
U010706,杨雨桐10706,男,22,北京市,北京,黄金,2023-09-15
U010707,张子涵10707,女,38,广东省,深圳,普通,2025-11-03
U010708,黄思源10708,女,34,湖北省,襄阳,白银,2024-05-23
U010709,杨梓萱10709,女,33,湖南省,岳阳,白银,2023-05-20
U010710,王雨桐10710,女,33,北京市,北京,白银,2024-07-22
U010711,朱俊杰10711,男,18,福建省,福州,白银,2023-11-05
U010712,赵佳怡10712,男,28,上海市,上海,普通,2023-06-17
U010713,胡子涵10713,女,32,山东省,济南,普通,2025-01-24
U010714,王浩然10714,男,41,浙江省,温州,普通,2024-03-06
U010715,吴佳怡10715,男,26,福建省,厦门,白银,2024-05-19
U010716,刘俊杰10716,男,30,山东省,临沂,普通,2025-11-01
U010717,王雨桐10717,男,34,湖北省,宜昌,普通,2024-04-24
U010718,杨佳怡10718,女,31,福建省,漳州,普通,2024-09-13
U010719,李浩然10719,女,53,江苏省,常州,普通,2025-03-06
U010720,赵子涵10720,男,27,安徽省,芜湖,白银,2024-03-22
U010721,杨子涵10721,女,32,江苏省,无锡,普通,2024-06-17
U010722,周佳怡10722,女,28,江苏省,苏州,普通,2025-04-06
U010723,陈诗涵10723,男,43,河南省,许昌,普通,2025-09-19
U010724,赵思源10724,女,29,北京市,北京,白银,2023-07-03
U010725,张佳怡10725,男,27,广东省,广州,白银,2023-04-06
U010726,王诗涵10726,女,31,江苏省,南京,普通,2024-06-20
U010727,周嘉诚10727,女,28,广东省,东莞,白银,2025-11-01
U010728,赵思源10728,女,31,江苏省,常州,普通,2025-12-10
U010729,赵欣然10729,女,20,北京市,北京,普通,2023-03-31
U010730,高诗涵10730,男,38,江苏省,苏州,普通,2023-10-16
U010731,徐雨桐10731,男,22,江苏省,无锡,普通,2023-04-17
U010732,胡雨桐10732,男,27,重庆市,重庆,白银,2024-06-05
U010733,李欣然10733,男,34,安徽省,芜湖,黄金,2024-07-19
U010734,胡雨桐10734,女,19,山东省,临沂,白银,2026-01-16
U010735,周子涵10735,男,34,广东省,东莞,普通,2026-02-07
U010736,胡雨桐10736,女,30,广东省,佛山,普通,2023-05-18
U010737,杨一诺10737,女,37,湖北省,黄冈,黄金,2023-12-10
U010738,杨雨桐10738,女,21,北京市,北京,白银,2026-01-31
U010739,李一诺10739,男,50,安徽省,芜湖,黄金,2026-02-14
U010740,高明轩10740,女,49,陕西省,咸阳,普通,2024-06-09
U010741,高佳怡10741,女,43,湖北省,黄冈,白银,2025-08-24
U010742,赵梓萱10742,男,19,福建省,莆田,普通,2023-10-24
U010743,杨明轩10743,女,31,福建省,厦门,黄金,2025-06-28
U010744,刘诗涵10744,男,22,广东省,广州,普通,2025-08-29
U010745,张雨桐10745,女,41,四川省,绵阳,白银,2025-01-08
U010746,朱一诺10746,女,16,江苏省,无锡,普通,2024-12-10
U010747,周浩然10747,女,19,福建省,莆田,普通,2025-04-09
U010748,张嘉诚10748,男,40,北京市,北京,普通,2024-05-07
U010749,王佳怡10749,女,33,河南省,许昌,普通,2023-07-27
U010750,周雨桐10750,女,41,广东省,珠海,普通,2025-01-22
U010751,吴梓萱10751,女,26,上海市,上海,黄金,2023-01-03
U010752,孙诗涵10752,女,20,山东省,济南,铂金,2023-04-05
U010753,朱欣然10753,男,42,江苏省,常州,白银,2025-08-13
U010754,孙俊杰10754,男,34,山东省,青岛,铂金,2024-10-28
U010755,陈俊杰10755,男,28,四川省,南充,普通,2026-01-18
U010756,黄子涵10756,女,27,安徽省,阜阳,铂金,2024-07-10
U010757,张佳怡10757,女,37,山东省,烟台,普通,2025-02-11
U010758,张子涵10758,女,36,浙江省,嘉兴,普通,2023-06-18
U010759,吴一诺10759,女,31,山东省,烟台,普通,2023-09-20
U010760,赵俊杰10760,男,39,北京市,北京,普通,2025-02-27
U010761,陈诗涵10761,女,41,河南省,许昌,白银,2023-08-28
U010762,黄子涵10762,男,33,安徽省,芜湖,普通,2023-07-25
U010763,赵俊杰10763,男,24,湖北省,武汉,普通,2024-06-09
U010764,孙明轩10764,男,31,上海市,上海,普通,2024-10-14
U010765,孙一诺10765,男,20,四川省,南充,白银,2025-02-17
U010766,周嘉诚10766,男,32,山东省,潍坊,普通,2024-04-28
U010767,张俊杰10767,男,26,上海市,上海,铂金,2023-01-09
U010768,王浩然10768,男,34,广东省,东莞,白银,2025-06-21
U010769,高明轩10769,女,42,湖北省,武汉,普通,2024-05-13
U010770,周一诺10770,男,27,河南省,南阳,铂金,2024-04-29
U010771,吴明轩10771,女,28,河北省,石家庄,普通,2024-07-06
U010772,孙俊杰10772,男,18,上海市,上海,铂金,2023-08-10
U010773,周雨桐10773,男,26,河北省,唐山,普通,2025-07-17
U010774,李浩然10774,女,18,广东省,珠海,普通,2024-05-30
U010775,高梓萱10775,女,23,湖北省,黄冈,白银,2025-03-29
U010776,李嘉诚10776,男,43,湖北省,黄冈,白银,2024-09-17
U010777,高梓萱10777,女,35,四川省,德阳,普通,2024-07-07
U010778,黄诗涵10778,男,25,山东省,济南,铂金,2025-02-01
U010779,王梓萱10779,男,32,广东省,东莞,普通,2025-08-19
U010780,杨明轩10780,女,17,河北省,廊坊,黄金,2024-07-27
U010781,杨思源10781,男,35,陕西省,渭南,白银,2026-02-20
U010782,杨雨桐10782,男,45,河南省,洛阳,白银,2024-06-04
U010783,朱一诺10783,男,16,北京市,北京,普通,2023-06-24
U010784,周俊杰10784,男,25,重庆市,重庆,普通,2023-10-24
U010785,周一诺10785,男,19,上海市,上海,普通,2023-01-31
U010786,周浩然10786,男,35,福建省,泉州,白银,2024-03-28
U010787,张子涵10787,女,29,山东省,青岛,黄金,2025-10-09
U010788,孙子涵10788,男,56,浙江省,温州,白银,2025-06-14
U010789,徐诗涵10789,男,45,湖北省,武汉,普通,2025-10-19
U010790,陈梓萱10790,男,16,山东省,临沂,普通,2025-01-16
U010791,刘诗涵10791,女,44,上海市,上海,普通,2025-02-01
U010792,刘浩然10792,男,22,北京市,北京,普通,2023-04-06
U010793,王一诺10793,女,27,江苏省,苏州,普通,2024-04-30
U010794,朱俊杰10794,男,28,河北省,廊坊,铂金,2023-10-16
U010795,徐梓萱10795,男,16,重庆市,重庆,普通,2023-03-24
U010796,吴明轩10796,女,38,浙江省,杭州,白银,2025-11-11
U010797,刘一诺10797,女,49,湖南省,常德,铂金,2026-04-03
U010798,陈梓萱10798,女,41,安徽省,安庆,普通,2023-10-05
U010799,孙梓萱10799,女,16,四川省,南充,普通,2023-09-27
U010800,刘一诺10800,男,26,广东省,深圳,白银,2026-04-21
U010801,黄明轩10801,女,18,河南省,洛阳,普通,2024-11-03
U010802,徐嘉诚10802,男,16,江苏省,南通,白银,2024-06-03
U010803,吴佳怡10803,男,30,重庆市,重庆,普通,2024-05-11
U010804,徐诗涵10804,女,21,河北省,唐山,普通,2024-04-10
U010805,杨俊杰10805,男,38,北京市,北京,黄金,2026-01-18
U010806,刘浩然10806,女,31,四川省,德阳,白银,2024-07-06
U010807,周思源10807,男,46,山东省,潍坊,白银,2024-05-20
U010808,陈思源10808,男,53,重庆市,重庆,白银,2023-10-30
U010809,赵嘉诚10809,男,24,北京市,北京,普通,2024-01-12
U010810,王明轩10810,女,24,上海市,上海,铂金,2026-01-22
U010811,徐思源10811,男,23,河南省,郑州,铂金,2024-05-21
U010812,朱诗涵10812,男,19,四川省,绵阳,普通,2025-12-02
U010813,高明轩10813,男,24,湖南省,岳阳,白银,2023-07-17
U010814,赵子涵10814,男,16,浙江省,嘉兴,普通,2025-10-17
U010815,胡欣然10815,女,16,山东省,青岛,黄金,2023-12-10
U010816,王思源10816,男,38,山东省,济南,白银,2024-06-18
U010817,杨佳怡10817,女,31,广东省,珠海,白银,2026-06-06
U010818,黄子涵10818,男,48,山东省,潍坊,普通,2023-02-11
U010819,赵梓萱10819,女,29,四川省,绵阳,普通,2024-04-06
U010820,李一诺10820,男,25,山东省,济南,白银,2024-03-19
U010821,周雨桐10821,女,39,湖南省,株洲,铂金,2026-02-20
U010822,徐子涵10822,男,29,福建省,福州,普通,2025-08-07
U010823,刘雨桐10823,男,42,江苏省,常州,白银,2024-01-06
U010824,徐思源10824,男,33,浙江省,绍兴,黄金,2025-08-14
U010825,赵嘉诚10825,男,20,重庆市,重庆,普通,2024-01-05
U010826,胡思源10826,男,48,福建省,泉州,普通,2024-12-07
U010827,吴嘉诚10827,女,31,河北省,保定,白银,2024-12-20
U010828,周思源10828,女,20,四川省,绵阳,普通,2026-05-10
U010829,王思源10829,女,43,福建省,泉州,普通,2025-11-12
U010830,黄俊杰10830,男,29,浙江省,绍兴,普通,2026-02-19
U010831,陈思源10831,男,31,山东省,青岛,普通,2025-06-29
U010832,朱思源10832,女,26,福建省,漳州,白银,2025-08-20
U010833,刘梓萱10833,男,25,陕西省,宝鸡,黄金,2023-12-29
U010834,李欣然10834,男,30,四川省,成都,黄金,2026-04-27
U010835,张一诺10835,男,20,河南省,洛阳,黄金,2024-02-06
U010836,王思源10836,女,27,四川省,成都,白银,2026-04-06
U010837,周梓萱10837,女,30,江苏省,无锡,普通,2023-12-05
U010838,杨梓萱10838,男,20,江苏省,常州,普通,2024-06-19
U010839,孙浩然10839,女,42,广东省,广州,黄金,2024-02-15
U010840,吴梓萱10840,男,23,湖北省,武汉,白银,2023-11-20
U010841,赵嘉诚10841,女,36,山东省,临沂,普通,2023-12-04
U010842,刘梓萱10842,女,32,浙江省,宁波,普通,2024-11-19
U010843,徐欣然10843,男,26,浙江省,嘉兴,黄金,2025-06-05
U010844,徐嘉诚10844,女,30,江苏省,苏州,普通,2024-01-31
U010845,陈佳怡10845,男,17,浙江省,杭州,白银,2024-12-04
U010846,陈浩然10846,女,41,江苏省,南通,普通,2024-01-01
U010847,李思源10847,男,23,山东省,潍坊,普通,2024-04-28
U010848,刘梓萱10848,女,32,山东省,潍坊,普通,2025-05-04
U010849,王诗涵10849,男,32,广东省,珠海,白银,2023-02-04
U010850,周子涵10850,女,26,江苏省,南京,普通,2025-03-17
U010851,黄一诺10851,男,16,河南省,洛阳,白银,2026-01-02
U010852,张嘉诚10852,女,34,广东省,深圳,白银,2025-07-18
U010853,黄一诺10853,男,22,广东省,佛山,普通,2023-10-17
U010854,王欣然10854,男,30,湖南省,长沙,普通,2023-04-25
U010855,徐诗涵10855,男,29,上海市,上海,铂金,2026-03-16
U010856,朱浩然10856,女,31,浙江省,温州,普通,2025-04-27
U010857,吴欣然10857,男,38,北京市,北京,普通,2025-11-18
U010858,吴浩然10858,男,40,浙江省,绍兴,普通,2024-12-03
U010859,王俊杰10859,女,16,上海市,上海,普通,2026-02-18
U010860,周明轩10860,女,44,江苏省,苏州,普通,2024-01-12
U010861,黄佳怡10861,男,19,北京市,北京,普通,2025-08-30
U010862,周浩然10862,男,25,江苏省,常州,普通,2025-02-10
U010863,朱雨桐10863,男,42,湖南省,衡阳,普通,2023-10-26
U010864,吴俊杰10864,女,20,江苏省,南通,普通,2025-07-23
U010865,黄一诺10865,女,21,山东省,临沂,普通,2025-04-10
U010866,高明轩10866,男,22,湖南省,常德,普通,2024-07-05
U010867,王佳怡10867,男,45,河南省,南阳,普通,2023-03-03
U010868,徐梓萱10868,女,23,重庆市,重庆,普通,2025-06-25
U010869,赵梓萱10869,女,30,四川省,成都,普通,2025-04-30
U010870,杨欣然10870,女,35,广东省,东莞,普通,2024-01-13
U010871,李嘉诚10871,女,34,上海市,上海,普通,2023-04-04
U010872,周佳怡10872,女,25,浙江省,宁波,普通,2026-02-05
U010873,徐子涵10873,男,32,上海市,上海,普通,2023-11-11
U010874,李佳怡10874,女,35,河北省,保定,铂金,2026-04-16
U010875,朱一诺10875,男,23,广东省,广州,普通,2025-02-11
U010876,赵俊杰10876,女,36,北京市,北京,黄金,2025-11-19
U010877,周佳怡10877,女,45,广东省,广州,普通,2026-02-22
U010878,黄浩然10878,女,38,江苏省,苏州,普通,2024-08-09
U010879,刘欣然10879,男,30,安徽省,安庆,白银,2026-02-02
U010880,张嘉诚10880,男,41,河北省,保定,普通,2023-02-09
U010881,赵梓萱10881,男,30,广东省,广州,白银,2025-10-06
U010882,王梓萱10882,女,30,陕西省,渭南,白银,2025-02-20
U010883,赵嘉诚10883,男,38,河北省,廊坊,普通,2025-02-08
U010884,朱一诺10884,女,30,广东省,深圳,黄金,2025-01-27
U010885,杨思源10885,女,40,广东省,东莞,白银,2024-07-23
U010886,陈俊杰10886,男,32,浙江省,嘉兴,普通,2026-06-20
U010887,李诗涵10887,女,24,北京市,北京,普通,2025-07-13
U010888,王雨桐10888,女,24,浙江省,杭州,普通,2023-10-11
U010889,张俊杰10889,男,16,重庆市,重庆,白银,2023-08-17
U010890,刘俊杰10890,男,42,四川省,宜宾,普通,2025-04-13
U010891,徐子涵10891,女,31,陕西省,渭南,白银,2025-01-03
U010892,王一诺10892,女,36,安徽省,安庆,普通,2023-05-25
U010893,杨俊杰10893,男,37,四川省,绵阳,铂金,2024-03-27
U010894,吴嘉诚10894,男,28,上海市,上海,白银,2026-06-03
U010895,胡浩然10895,女,22,陕西省,西安,白银,2023-10-15
U010896,高佳怡10896,男,23,湖南省,常德,白银,2025-01-28
U010897,刘佳怡10897,男,31,浙江省,温州,白银,2025-08-30
U010898,黄梓萱10898,女,50,福建省,漳州,黑金,2025-10-31
U010899,杨俊杰10899,男,16,浙江省,杭州,白银,2026-04-06
U010900,张子涵10900,女,28,福建省,厦门,普通,2025-03-03
U010901,王明轩10901,女,33,浙江省,温州,普通,2025-11-19
U010902,周梓萱10902,男,29,福建省,厦门,普通,2023-10-09
U010903,赵梓萱10903,女,19,山东省,济南,普通,2023-12-01
U010904,陈雨桐10904,女,32,河北省,石家庄,普通,2024-01-10
U010905,张欣然10905,女,29,广东省,佛山,普通,2026-02-09
U010906,陈一诺10906,女,31,山东省,潍坊,普通,2025-05-19
U010907,周欣然10907,男,28,四川省,绵阳,普通,2026-02-05
U010908,徐雨桐10908,男,34,陕西省,西安,普通,2025-09-04
U010909,杨一诺10909,男,43,上海市,上海,白银,2024-01-21
U010910,黄浩然10910,女,45,广东省,广州,白银,2025-11-16
U010911,徐俊杰10911,男,26,江苏省,南通,黄金,2024-10-02
U010912,徐欣然10912,男,16,山东省,青岛,普通,2026-04-27
U010913,杨明轩10913,女,39,山东省,烟台,普通,2024-08-15
U010914,孙梓萱10914,男,31,安徽省,芜湖,普通,2024-09-24
U010915,胡嘉诚10915,女,33,湖北省,荆州,黄金,2026-04-01
U010916,孙浩然10916,男,43,河北省,保定,普通,2024-12-04
U010917,徐俊杰10917,女,28,江苏省,常州,黄金,2025-01-26
U010918,胡雨桐10918,女,25,湖南省,衡阳,普通,2026-02-17
U010919,吴明轩10919,女,28,浙江省,嘉兴,普通,2023-01-23
U010920,高明轩10920,女,36,福建省,漳州,白银,2025-11-14
U010921,刘俊杰10921,女,41,山东省,济南,黄金,2024-02-23
U010922,张浩然10922,女,41,山东省,潍坊,白银,2024-03-21
U010923,徐雨桐10923,男,22,湖北省,黄冈,白银,2024-08-14
U010924,吴雨桐10924,男,37,重庆市,重庆,普通,2023-12-14
U010925,杨嘉诚10925,女,18,陕西省,渭南,白银,2023-03-13
U010926,吴浩然10926,女,39,福建省,漳州,普通,2026-06-17
U010927,朱雨桐10927,女,43,福建省,莆田,普通,2023-01-13
U010928,张俊杰10928,女,47,浙江省,绍兴,白银,2023-06-29
U010929,刘雨桐10929,男,33,河南省,南阳,白银,2024-03-22
U010930,王俊杰10930,女,30,四川省,宜宾,普通,2025-10-30
U010931,刘欣然10931,男,22,陕西省,西安,普通,2023-03-12
U010932,朱思源10932,女,33,四川省,绵阳,普通,2024-05-08
U010933,王子涵10933,女,38,河北省,石家庄,铂金,2025-04-30
U010934,高子涵10934,男,45,浙江省,宁波,黑金,2025-02-03
U010935,高子涵10935,女,38,湖南省,常德,普通,2026-05-13
U010936,王俊杰10936,男,34,浙江省,绍兴,普通,2024-05-25
U010937,孙俊杰10937,男,25,河北省,廊坊,黄金,2025-10-23
U010938,张雨桐10938,女,23,湖南省,长沙,普通,2023-09-07
U010939,刘雨桐10939,女,33,四川省,德阳,普通,2023-03-12
U010940,李雨桐10940,男,41,广东省,珠海,白银,2025-12-07
U010941,王梓萱10941,女,30,山东省,济南,普通,2024-11-06
U010942,刘欣然10942,女,36,安徽省,合肥,普通,2024-04-29
U010943,朱一诺10943,男,28,河南省,洛阳,普通,2025-11-10
U010944,杨子涵10944,女,31,重庆市,重庆,铂金,2025-05-14
U010945,杨嘉诚10945,女,32,河北省,唐山,白银,2023-12-14
U010946,胡一诺10946,男,38,湖北省,宜昌,铂金,2024-09-22
U010947,刘雨桐10947,男,22,湖北省,宜昌,普通,2023-05-27
U010948,胡嘉诚10948,男,18,山东省,济南,铂金,2024-09-07
U010949,黄诗涵10949,女,38,湖南省,常德,铂金,2023-05-15
U010950,高雨桐10950,男,36,重庆市,重庆,普通,2023-04-08
U010951,徐子涵10951,男,44,广东省,佛山,白银,2023-06-21
U010952,朱欣然10952,女,27,安徽省,合肥,普通,2024-11-19
U010953,朱梓萱10953,女,42,上海市,上海,普通,2023-11-03
U010954,王浩然10954,男,19,重庆市,重庆,黄金,2026-06-17
U010955,李雨桐10955,男,26,陕西省,宝鸡,黄金,2023-10-14
U010956,朱诗涵10956,男,34,河北省,唐山,普通,2025-12-08
U010957,高嘉诚10957,女,33,福建省,漳州,白银,2026-04-09
U010958,赵明轩10958,男,31,安徽省,安庆,黑金,2023-07-13
U010959,赵梓萱10959,女,36,湖南省,株洲,普通,2024-09-09
U010960,高子涵10960,男,23,四川省,成都,白银,2025-01-14
U010961,孙佳怡10961,女,23,广东省,佛山,普通,2024-02-11
U010962,赵子涵10962,女,33,福建省,莆田,黄金,2024-05-29
U010963,孙明轩10963,女,32,江苏省,南通,黄金,2025-05-11
U010964,高一诺10964,女,20,河南省,新乡,普通,2025-01-04
U010965,赵诗涵10965,女,30,河北省,保定,普通,2023-07-18
U010966,孙浩然10966,男,38,北京市,北京,普通,2024-12-12
U010967,徐诗涵10967,男,25,四川省,南充,普通,2024-03-01
U010968,周梓萱10968,男,33,浙江省,宁波,普通,2024-11-04
U010969,吴子涵10969,男,23,陕西省,西安,普通,2023-06-13
U010970,杨诗涵10970,男,36,福建省,莆田,普通,2023-10-23
U010971,陈俊杰10971,男,35,四川省,宜宾,普通,2023-07-07
U010972,赵思源10972,男,33,山东省,济南,黄金,2025-09-01
U010973,周俊杰10973,女,25,山东省,临沂,黄金,2024-12-21
U010974,周浩然10974,女,26,广东省,珠海,普通,2024-07-03
U010975,胡俊杰10975,男,38,北京市,北京,黄金,2024-10-12
U010976,王一诺10976,女,16,广东省,广州,普通,2025-11-15
U010977,张佳怡10977,男,19,山东省,烟台,普通,2024-12-10
U010978,周佳怡10978,男,35,江苏省,南通,铂金,2026-05-23
U010979,李诗涵10979,女,27,四川省,南充,普通,2026-03-26
U010980,徐子涵10980,男,31,四川省,德阳,普通,2024-09-14
U010981,周梓萱10981,男,38,广东省,珠海,白银,2023-03-14
U010982,高嘉诚10982,男,29,福建省,泉州,铂金,2024-09-26
U010983,胡明轩10983,女,18,江苏省,苏州,铂金,2023-08-21
U010984,吴俊杰10984,男,45,福建省,莆田,普通,2025-07-02
U010985,刘思源10985,女,44,广东省,广州,黄金,2024-09-20
U010986,胡梓萱10986,男,25,湖北省,荆州,白银,2025-07-10
U010987,黄欣然10987,男,16,上海市,上海,白银,2024-08-12
U010988,陈欣然10988,女,36,陕西省,渭南,黑金,2025-05-03
U010989,周嘉诚10989,女,25,山东省,临沂,白银,2023-08-29
U010990,高梓萱10990,男,25,江苏省,无锡,普通,2025-12-24
U010991,赵嘉诚10991,女,39,四川省,成都,普通,2025-08-14
U010992,周梓萱10992,男,21,河南省,南阳,普通,2025-07-27
U010993,赵诗涵10993,女,16,四川省,绵阳,普通,2026-05-04
U010994,周思源10994,男,33,浙江省,宁波,普通,2023-02-18
U010995,胡思源10995,女,33,河南省,郑州,普通,2025-06-30
U010996,赵一诺10996,男,36,浙江省,宁波,白银,2023-01-15
U010997,张嘉诚10997,男,28,四川省,成都,普通,2025-12-08
U010998,刘浩然10998,男,26,浙江省,嘉兴,黄金,2023-06-28
U010999,赵嘉诚10999,男,16,福建省,福州,白银,2025-06-15
U011000,张欣然11000,女,32,湖南省,常德,普通,2023-07-13
U011001,张欣然11001,女,32,北京市,北京,铂金,2023-02-14
U011002,胡思源11002,女,24,重庆市,重庆,普通,2025-02-08
U011003,高一诺11003,男,24,上海市,上海,普通,2025-04-14
U011004,高佳怡11004,男,30,广东省,东莞,普通,2026-03-15
U011005,赵浩然11005,女,55,广东省,广州,黄金,2026-04-29
U011006,周一诺11006,男,36,北京市,北京,白银,2026-04-24
U011007,赵明轩11007,男,19,广东省,东莞,普通,2024-03-07
U011008,朱思源11008,女,16,浙江省,宁波,普通,2023-04-07
U011009,黄俊杰11009,女,46,河南省,许昌,铂金,2026-05-17
U011010,赵佳怡11010,男,23,广东省,佛山,铂金,2026-05-01
U011011,朱雨桐11011,男,17,北京市,北京,白银,2025-04-13
U011012,徐子涵11012,男,25,北京市,北京,普通,2023-10-28
U011013,张佳怡11013,男,22,河南省,许昌,黄金,2026-06-13
U011014,朱佳怡11014,女,36,广东省,珠海,铂金,2024-11-13
U011015,杨诗涵11015,女,31,湖北省,荆州,普通,2025-10-06
U011016,吴嘉诚11016,男,35,福建省,漳州,白银,2025-05-12
U011017,赵欣然11017,女,34,山东省,潍坊,普通,2023-07-19
U011018,杨欣然11018,男,41,浙江省,嘉兴,黄金,2026-02-25
U011019,胡嘉诚11019,男,24,四川省,成都,普通,2023-07-26
U011020,徐诗涵11020,女,30,湖南省,岳阳,白银,2024-06-20
U011021,黄雨桐11021,男,37,江苏省,无锡,普通,2023-09-06
U011022,张浩然11022,女,28,湖北省,武汉,铂金,2024-10-31
U011023,张浩然11023,男,40,浙江省,嘉兴,普通,2026-01-07
U011024,王一诺11024,男,25,江苏省,苏州,普通,2026-03-17
U011025,张梓萱11025,男,37,河北省,廊坊,普通,2026-05-16
U011026,赵雨桐11026,女,38,北京市,北京,普通,2024-03-05
U011027,周子涵11027,男,25,浙江省,温州,普通,2025-11-13
U011028,黄明轩11028,男,40,福建省,莆田,铂金,2026-06-04
U011029,杨俊杰11029,男,33,河南省,新乡,白银,2025-01-29
U011030,吴一诺11030,女,23,陕西省,咸阳,普通,2023-04-02
U011031,李欣然11031,女,28,广东省,广州,白银,2026-03-02
U011032,孙明轩11032,女,34,江苏省,苏州,普通,2024-08-11
U011033,张欣然11033,男,37,湖北省,宜昌,白银,2025-06-21
U011034,张俊杰11034,女,24,河南省,郑州,普通,2025-11-02
U011035,杨佳怡11035,男,41,安徽省,芜湖,普通,2023-06-01
U011036,陈诗涵11036,男,28,重庆市,重庆,白银,2023-07-01
U011037,黄雨桐11037,男,35,广东省,珠海,白银,2025-05-30
U011038,吴诗涵11038,男,41,山东省,临沂,白银,2023-10-10
U011039,陈欣然11039,女,25,广东省,深圳,普通,2025-11-20
U011040,高欣然11040,女,27,湖北省,武汉,普通,2026-04-09
U011041,张子涵11041,女,39,四川省,绵阳,普通,2025-04-07
U011042,朱一诺11042,女,24,江苏省,常州,普通,2023-01-24
U011043,周明轩11043,男,33,广东省,佛山,普通,2025-02-11
U011044,周梓萱11044,男,37,河北省,廊坊,黄金,2023-01-06
U011045,李子涵11045,女,24,陕西省,宝鸡,普通,2023-10-04
U011046,刘子涵11046,女,30,四川省,绵阳,普通,2023-04-17
U011047,刘一诺11047,男,24,河南省,许昌,白银,2025-07-16
U011048,胡诗涵11048,女,33,湖南省,岳阳,普通,2025-06-15
U011049,黄梓萱11049,女,30,浙江省,绍兴,普通,2026-05-26
U011050,黄嘉诚11050,男,24,湖南省,常德,白银,2023-05-03
U011051,孙俊杰11051,男,27,北京市,北京,普通,2023-11-21
U011052,朱俊杰11052,女,24,四川省,南充,白银,2025-11-12
U011053,孙诗涵11053,女,35,上海市,上海,普通,2023-11-07
U011054,朱雨桐11054,女,33,四川省,南充,普通,2023-09-19
U011055,吴明轩11055,男,22,陕西省,渭南,黄金,2023-06-27
U011056,吴思源11056,女,38,江苏省,南通,普通,2023-09-10
U011057,徐欣然11057,女,18,安徽省,安庆,黑金,2023-11-13
U011058,徐子涵11058,男,39,福建省,泉州,黑金,2026-02-24
U011059,刘明轩11059,男,31,浙江省,温州,普通,2025-09-05
U011060,孙一诺11060,女,26,湖北省,襄阳,普通,2024-03-16
U011061,张嘉诚11061,男,29,江苏省,南京,普通,2023-12-31
U011062,朱嘉诚11062,女,43,山东省,青岛,白银,2023-03-26
U011063,杨明轩11063,女,30,四川省,南充,普通,2024-05-02
U011064,徐佳怡11064,男,23,北京市,北京,普通,2024-06-18
U011065,徐思源11065,女,21,浙江省,温州,黑金,2026-05-03
U011066,张雨桐11066,男,16,河南省,新乡,白银,2023-03-28
U011067,胡欣然11067,女,30,广东省,珠海,白银,2024-07-09
U011068,杨浩然11068,女,38,河南省,南阳,普通,2025-02-03
U011069,孙诗涵11069,女,27,四川省,德阳,白银,2023-07-12
U011070,王诗涵11070,女,43,陕西省,咸阳,普通,2025-12-18
U011071,吴俊杰11071,女,22,广东省,珠海,普通,2024-05-15
U011072,张俊杰11072,男,16,河南省,郑州,普通,2026-05-25
U011073,刘一诺11073,男,36,广东省,珠海,普通,2023-04-04
U011074,张浩然11074,男,32,广东省,佛山,普通,2025-10-01
U011075,王嘉诚11075,男,47,广东省,深圳,普通,2025-05-23
U011076,胡思源11076,女,29,安徽省,安庆,普通,2025-02-10
U011077,李思源11077,女,31,江苏省,南京,普通,2024-09-16
U011078,周一诺11078,女,16,河南省,郑州,普通,2024-08-03
U011079,朱明轩11079,男,42,陕西省,宝鸡,普通,2024-09-15
U011080,胡子涵11080,女,34,上海市,上海,普通,2025-08-06
U011081,周佳怡11081,女,39,安徽省,阜阳,普通,2023-12-10
U011082,孙一诺11082,男,17,湖北省,宜昌,白银,2024-06-05
U011083,周子涵11083,男,33,四川省,绵阳,黄金,2023-12-18
U011084,高梓萱11084,男,35,山东省,济南,普通,2025-07-13
U011085,孙俊杰11085,女,19,上海市,上海,黄金,2025-07-09
U011086,赵明轩11086,女,32,湖北省,襄阳,普通,2024-03-08
U011087,陈嘉诚11087,女,39,湖南省,长沙,黄金,2026-04-04
U011088,王浩然11088,女,29,重庆市,重庆,黑金,2026-02-13
U011089,刘思源11089,男,34,湖北省,武汉,普通,2025-04-18
U011090,高一诺11090,男,33,广东省,深圳,黄金,2024-10-16
U011091,陈梓萱11091,女,48,上海市,上海,普通,2026-06-08
U011092,陈雨桐11092,女,30,浙江省,宁波,白银,2023-11-06
U011093,刘梓萱11093,男,45,上海市,上海,普通,2023-10-31
U011094,胡欣然11094,女,35,河北省,石家庄,铂金,2024-03-08
U011095,陈俊杰11095,女,44,北京市,北京,白银,2024-06-23
U011096,高欣然11096,男,49,四川省,南充,普通,2025-11-11
U011097,刘一诺11097,女,38,上海市,上海,黄金,2023-09-23
U011098,周雨桐11098,女,31,北京市,北京,普通,2023-08-20
U011099,王浩然11099,男,32,江苏省,南京,铂金,2025-05-19
U011100,刘思源11100,女,33,上海市,上海,白银,2024-12-04
U011101,孙子涵11101,女,30,北京市,北京,普通,2024-05-30
U011102,张雨桐11102,男,30,北京市,北京,铂金,2023-09-25
U011103,黄一诺11103,男,33,上海市,上海,普通,2026-02-24
U011104,高子涵11104,男,39,北京市,北京,黄金,2023-05-19
U011105,徐子涵11105,男,26,湖北省,荆州,白银,2023-11-29
U011106,黄梓萱11106,男,34,重庆市,重庆,普通,2025-10-08
U011107,杨诗涵11107,男,37,浙江省,宁波,黄金,2023-07-26
U011108,徐一诺11108,女,23,江苏省,南京,白银,2025-11-09
U011109,黄浩然11109,女,22,河南省,洛阳,铂金,2024-12-23
U011110,刘梓萱11110,女,38,河北省,保定,黑金,2026-04-10
U011111,王诗涵11111,男,21,福建省,福州,黑金,2025-06-10
U011112,胡俊杰11112,女,25,四川省,宜宾,白银,2024-11-28
U011113,胡诗涵11113,男,24,北京市,北京,普通,2023-01-06
U011114,杨明轩11114,男,50,浙江省,宁波,黄金,2025-01-24
U011115,王俊杰11115,男,42,山东省,临沂,白银,2024-04-10
U011116,赵一诺11116,男,18,福建省,福州,普通,2024-05-11
U011117,朱欣然11117,男,29,浙江省,绍兴,普通,2024-11-04
U011118,张诗涵11118,女,25,广东省,佛山,黄金,2025-01-06
U011119,徐明轩11119,女,23,广东省,珠海,普通,2025-05-19
U011120,黄一诺11120,男,23,广东省,东莞,白银,2024-07-30
U011121,刘佳怡11121,男,32,河南省,郑州,普通,2023-07-19
U011122,胡明轩11122,女,39,广东省,佛山,普通,2025-11-08
U011123,徐雨桐11123,男,16,河南省,郑州,普通,2025-11-28
U011124,孙诗涵11124,女,25,陕西省,宝鸡,普通,2024-05-31
U011125,黄雨桐11125,女,61,福建省,泉州,普通,2023-05-11
U011126,赵思源11126,女,17,四川省,南充,白银,2026-02-09
U011127,徐嘉诚11127,男,21,山东省,临沂,普通,2026-04-22
U011128,孙浩然11128,男,27,四川省,南充,普通,2024-12-13
U011129,朱思源11129,女,35,四川省,绵阳,白银,2023-08-31
U011130,高雨桐11130,男,23,广东省,深圳,普通,2026-05-23
U011131,王子涵11131,男,48,上海市,上海,普通,2025-11-25
U011132,吴浩然11132,男,28,山东省,临沂,普通,2023-11-09
U011133,胡子涵11133,男,37,上海市,上海,普通,2024-10-31
U011134,高欣然11134,男,16,湖北省,荆州,普通,2024-01-02
U011135,徐俊杰11135,女,39,浙江省,嘉兴,白银,2025-10-06
U011136,黄梓萱11136,男,26,上海市,上海,普通,2025-08-19
U011137,刘欣然11137,女,47,湖南省,常德,普通,2026-01-07
U011138,李浩然11138,男,18,湖北省,黄冈,普通,2025-02-11
U011139,李一诺11139,女,45,湖北省,荆州,白银,2025-01-06
U011140,高嘉诚11140,女,30,广东省,东莞,白银,2023-08-17
U011141,张俊杰11141,男,32,山东省,济南,普通,2025-01-11
U011142,赵雨桐11142,女,35,浙江省,宁波,普通,2023-01-15
U011143,刘浩然11143,女,36,重庆市,重庆,普通,2023-09-05
U011144,张诗涵11144,女,32,湖南省,岳阳,普通,2026-05-29
U011145,赵思源11145,女,35,江苏省,苏州,普通,2024-02-18
U011146,王佳怡11146,女,34,江苏省,苏州,白银,2025-05-12
U011147,胡欣然11147,男,16,河南省,郑州,黄金,2023-09-28
U011148,杨浩然11148,女,28,江苏省,南通,普通,2023-08-11
U011149,刘梓萱11149,男,34,广东省,广州,白银,2026-04-27
U011150,赵浩然11150,男,34,广东省,东莞,普通,2025-04-16
U011151,高欣然11151,女,34,上海市,上海,普通,2025-07-10
U011152,周佳怡11152,男,43,上海市,上海,普通,2023-07-28
U011153,胡欣然11153,女,37,福建省,莆田,普通,2023-09-24
U011154,高浩然11154,女,16,上海市,上海,普通,2023-09-13
U011155,赵佳怡11155,女,30,陕西省,宝鸡,普通,2024-10-05
U011156,朱梓萱11156,女,39,山东省,济南,普通,2023-02-24
U011157,高一诺11157,男,24,浙江省,宁波,普通,2025-02-02
U011158,朱俊杰11158,男,32,浙江省,嘉兴,白银,2026-01-02
U011159,吴嘉诚11159,女,21,山东省,青岛,白银,2025-04-12
U011160,高浩然11160,女,32,湖北省,荆州,白银,2025-05-21
U011161,吴佳怡11161,男,16,湖南省,株洲,普通,2023-10-18
U011162,刘明轩11162,女,33,山东省,青岛,黄金,2024-04-23
U011163,陈佳怡11163,女,30,四川省,绵阳,普通,2023-06-11
U011164,王嘉诚11164,女,21,福建省,漳州,普通,2024-08-01
U011165,王诗涵11165,女,28,江苏省,南京,普通,2023-04-06
U011166,杨佳怡11166,男,16,广东省,东莞,白银,2026-06-12
U011167,吴明轩11167,男,16,湖北省,黄冈,普通,2025-07-17
U011168,陈明轩11168,男,33,河南省,郑州,普通,2023-10-25
U011169,高子涵11169,女,26,广东省,珠海,铂金,2025-01-16
U011170,李明轩11170,男,31,山东省,烟台,普通,2023-08-07
U011171,孙俊杰11171,男,19,湖北省,黄冈,白银,2023-12-31
U011172,李佳怡11172,女,38,江苏省,南通,白银,2024-11-05
U011173,赵诗涵11173,女,21,广东省,深圳,黑金,2026-03-14
U011174,周嘉诚11174,男,27,陕西省,宝鸡,普通,2024-10-26
U011175,周思源11175,女,41,浙江省,绍兴,普通,2025-06-11
U011176,朱佳怡11176,女,27,广东省,佛山,普通,2024-10-28
U011177,朱思源11177,男,32,山东省,青岛,白银,2025-10-22
U011178,高明轩11178,女,49,河南省,新乡,普通,2025-05-06
U011179,陈诗涵11179,男,41,重庆市,重庆,普通,2026-01-14
U011180,杨一诺11180,男,44,山东省,青岛,黄金,2025-06-24
U011181,黄浩然11181,男,36,上海市,上海,白银,2023-04-06
U011182,黄雨桐11182,女,31,湖北省,黄冈,普通,2023-09-19
U011183,徐梓萱11183,男,30,安徽省,阜阳,普通,2024-05-22
U011184,周俊杰11184,男,39,山东省,烟台,普通,2024-09-10
U011185,张雨桐11185,男,30,福建省,厦门,黄金,2025-08-29
U011186,朱浩然11186,男,28,湖南省,株洲,普通,2025-08-16
U011187,胡佳怡11187,女,32,广东省,佛山,普通,2023-07-27
U011188,刘梓萱11188,女,37,河南省,许昌,铂金,2026-06-08
U011189,赵思源11189,女,39,福建省,泉州,普通,2025-09-29
U011190,张思源11190,女,31,广东省,广州,普通,2025-02-12
U011191,刘诗涵11191,女,30,江苏省,南通,普通,2023-09-29
U011192,孙明轩11192,男,35,陕西省,渭南,白银,2023-04-30
U011193,张梓萱11193,女,30,广东省,深圳,普通,2025-12-29
U011194,王明轩11194,男,29,福建省,漳州,白银,2024-06-14
U011195,赵梓萱11195,女,36,湖北省,黄冈,白银,2025-01-10
U011196,李雨桐11196,男,40,江苏省,苏州,白银,2024-07-18
U011197,陈明轩11197,男,23,陕西省,西安,铂金,2025-07-05
U011198,王欣然11198,女,32,湖南省,衡阳,普通,2023-10-07
U011199,吴雨桐11199,男,22,江苏省,常州,普通,2025-12-26
U011200,陈俊杰11200,男,33,江苏省,常州,白银,2025-07-20
U011201,胡俊杰11201,男,35,浙江省,杭州,白银,2023-05-21
U011202,杨佳怡11202,男,36,浙江省,绍兴,普通,2024-04-16
U011203,张梓萱11203,女,21,浙江省,宁波,普通,2024-12-06
U011204,陈欣然11204,男,34,河北省,廊坊,普通,2023-02-20
U011205,刘子涵11205,女,28,四川省,成都,普通,2025-01-29
U011206,王浩然11206,女,31,湖南省,岳阳,普通,2023-04-27
U011207,王诗涵11207,女,28,江苏省,南通,白银,2024-03-15
U011208,吴思源11208,男,44,浙江省,嘉兴,普通,2024-03-10
U011209,吴思源11209,男,24,重庆市,重庆,普通,2023-05-30
U011210,徐雨桐11210,男,28,北京市,北京,白银,2024-04-07
U011211,王佳怡11211,男,28,四川省,绵阳,白银,2026-03-14
U011212,周雨桐11212,男,31,江苏省,无锡,黄金,2023-08-13
U011213,杨佳怡11213,女,26,北京市,北京,普通,2023-06-21
U011214,陈佳怡11214,女,27,湖北省,宜昌,普通,2023-08-15
U011215,黄佳怡11215,女,35,河北省,保定,普通,2023-04-30
U011216,吴子涵11216,女,31,四川省,南充,普通,2026-06-18
U011217,孙嘉诚11217,男,32,上海市,上海,白银,2025-01-21
U011218,杨雨桐11218,男,45,北京市,北京,白银,2023-06-23
U011219,徐梓萱11219,女,20,广东省,佛山,普通,2026-02-21
U011220,黄佳怡11220,男,23,山东省,济南,白银,2026-03-26
U011221,陈浩然11221,男,34,安徽省,合肥,黄金,2023-01-27
U011222,赵嘉诚11222,男,39,河南省,新乡,普通,2024-08-28
U011223,赵诗涵11223,女,34,江苏省,南京,黄金,2024-07-18
U011224,张一诺11224,女,20,安徽省,芜湖,普通,2026-06-07
U011225,刘明轩11225,男,33,广东省,佛山,黄金,2024-03-11
U011226,刘俊杰11226,男,44,湖南省,岳阳,普通,2023-06-13
U011227,刘欣然11227,男,25,上海市,上海,白银,2025-07-20
U011228,朱诗涵11228,女,26,重庆市,重庆,普通,2024-03-18
U011229,周嘉诚11229,女,36,上海市,上海,白银,2024-07-17
U011230,孙明轩11230,女,26,广东省,东莞,普通,2025-08-08
U011231,李子涵11231,女,18,河南省,南阳,普通,2023-08-26
U011232,李明轩11232,女,35,山东省,潍坊,普通,2025-04-16
U011233,杨子涵11233,女,33,北京市,北京,普通,2025-07-09
U011234,徐诗涵11234,男,39,河北省,石家庄,黄金,2023-08-22
U011235,朱佳怡11235,女,41,广东省,珠海,黄金,2024-04-04
U011236,李欣然11236,女,21,上海市,上海,普通,2023-11-05
U011237,胡雨桐11237,男,38,四川省,绵阳,铂金,2023-08-07
U011238,陈欣然11238,女,30,重庆市,重庆,普通,2024-11-08
U011239,孙欣然11239,女,32,广东省,广州,黑金,2024-04-16
U011240,杨浩然11240,女,19,北京市,北京,普通,2026-02-01
U011241,陈嘉诚11241,男,31,湖北省,武汉,白银,2023-05-02
U011242,陈明轩11242,男,17,浙江省,温州,普通,2025-05-24
U011243,张明轩11243,女,26,重庆市,重庆,白银,2025-09-30
U011244,陈浩然11244,女,23,山东省,济南,普通,2024-03-04
U011245,吴梓萱11245,男,19,北京市,北京,普通,2025-04-08
U011246,杨一诺11246,男,28,河南省,郑州,普通,2025-08-04
U011247,赵一诺11247,女,24,浙江省,嘉兴,白银,2023-10-03
U011248,朱浩然11248,女,21,福建省,漳州,普通,2024-02-27
U011249,周佳怡11249,女,31,河北省,石家庄,普通,2025-10-24
U011250,周诗涵11250,女,22,四川省,德阳,白银,2025-09-29
U011251,李子涵11251,女,24,湖北省,武汉,黄金,2026-03-10
U011252,李欣然11252,女,28,陕西省,宝鸡,黑金,2024-03-11
U011253,孙一诺11253,男,29,江苏省,苏州,白银,2024-08-13
U011254,徐思源11254,男,18,山东省,济南,黄金,2024-10-10
U011255,胡佳怡11255,男,35,江苏省,南通,普通,2024-07-15
U011256,王嘉诚11256,男,31,湖北省,武汉,白银,2023-11-07
U011257,杨诗涵11257,女,19,山东省,青岛,普通,2023-08-19
U011258,朱佳怡11258,女,34,山东省,济南,白银,2024-05-20
U011259,高佳怡11259,男,36,安徽省,合肥,黄金,2025-10-14
U011260,张思源11260,女,33,湖南省,常德,白银,2026-05-13
U011261,杨明轩11261,女,30,福建省,泉州,普通,2023-03-30
U011262,孙欣然11262,男,27,河北省,唐山,普通,2024-11-30
U011263,陈子涵11263,男,31,湖南省,衡阳,普通,2025-04-15
U011264,杨思源11264,男,42,陕西省,西安,黄金,2023-02-13
U011265,李诗涵11265,男,35,四川省,成都,普通,2024-02-05
U011266,李子涵11266,女,31,河北省,石家庄,普通,2026-01-03
U011267,张思源11267,女,34,江苏省,无锡,普通,2024-10-11
U011268,孙嘉诚11268,男,33,福建省,厦门,普通,2025-05-24
U011269,黄雨桐11269,男,42,湖南省,长沙,铂金,2023-08-02
U011270,杨梓萱11270,女,33,河南省,南阳,普通,2025-10-01
U011271,周雨桐11271,男,16,广东省,佛山,普通,2024-05-14
U011272,李佳怡11272,男,46,重庆市,重庆,白银,2025-04-23
U011273,徐嘉诚11273,男,25,广东省,佛山,普通,2023-06-04
U011274,吴子涵11274,男,32,广东省,广州,普通,2025-08-28
U011275,胡子涵11275,女,21,四川省,成都,普通,2023-10-29
U011276,赵诗涵11276,女,31,北京市,北京,普通,2023-02-08
U011277,吴诗涵11277,女,37,河北省,廊坊,普通,2024-10-10
U011278,杨子涵11278,男,31,安徽省,阜阳,白银,2023-01-02
U011279,朱思源11279,男,47,河南省,许昌,普通,2023-11-04
U011280,孙佳怡11280,男,32,广东省,广州,黄金,2025-06-16
U011281,王思源11281,女,28,浙江省,杭州,白银,2026-01-05
U011282,周俊杰11282,女,16,山东省,济南,普通,2025-11-14
U011283,李欣然11283,女,34,四川省,德阳,普通,2023-10-06
U011284,刘梓萱11284,女,23,山东省,济南,白银,2023-02-26
U011285,李明轩11285,女,27,河北省,廊坊,普通,2023-06-13
U011286,周浩然11286,女,29,广东省,珠海,普通,2023-10-11
U011287,刘梓萱11287,男,36,浙江省,温州,普通,2025-12-27
U011288,周嘉诚11288,男,44,四川省,德阳,白银,2025-08-19
U011289,吴嘉诚11289,男,30,山东省,临沂,普通,2025-08-07
U011290,徐嘉诚11290,女,40,陕西省,渭南,黄金,2024-05-20
U011291,朱嘉诚11291,男,32,陕西省,宝鸡,普通,2024-04-27
U011292,赵欣然11292,男,23,江苏省,南京,白银,2024-09-23
U011293,刘诗涵11293,女,20,安徽省,阜阳,白银,2024-05-04
U011294,孙俊杰11294,女,18,河南省,许昌,白银,2024-10-28
U011295,陈思源11295,女,29,广东省,佛山,普通,2024-07-30
U011296,刘梓萱11296,男,17,重庆市,重庆,普通,2024-08-16
U011297,孙明轩11297,男,20,山东省,济南,黄金,2023-06-27
U011298,赵嘉诚11298,男,41,河南省,洛阳,普通,2025-01-07
U011299,赵思源11299,男,20,重庆市,重庆,黄金,2024-09-17
U011300,黄浩然11300,男,27,江苏省,苏州,普通,2023-02-21
U011301,朱俊杰11301,男,35,河南省,郑州,白银,2024-12-01
U011302,赵梓萱11302,男,37,浙江省,宁波,普通,2024-03-29
U011303,徐欣然11303,男,20,湖北省,武汉,普通,2025-04-03
U011304,吴浩然11304,女,28,陕西省,宝鸡,普通,2025-04-12
U011305,吴子涵11305,男,43,湖北省,宜昌,普通,2023-02-16
U011306,李浩然11306,女,35,陕西省,西安,普通,2023-07-09
U011307,刘子涵11307,女,16,福建省,泉州,黑金,2025-10-09
U011308,陈明轩11308,女,36,广东省,东莞,普通,2024-06-27
U011309,黄欣然11309,男,39,重庆市,重庆,普通,2023-07-18
U011310,王思源11310,男,46,江苏省,南京,普通,2026-05-04
U011311,朱雨桐11311,女,43,江苏省,南通,普通,2024-04-24
U011312,徐浩然11312,男,16,广东省,东莞,普通,2024-10-05
U011313,吴明轩11313,女,18,河南省,郑州,黄金,2025-03-05
U011314,徐诗涵11314,男,22,广东省,佛山,白银,2025-10-02
U011315,孙梓萱11315,女,25,广东省,深圳,普通,2025-12-04
U011316,张嘉诚11316,男,31,广东省,珠海,黄金,2024-06-01
U011317,张思源11317,男,34,浙江省,杭州,普通,2023-03-15
U011318,杨雨桐11318,男,40,浙江省,嘉兴,白银,2025-06-20
U011319,陈嘉诚11319,男,34,浙江省,宁波,普通,2026-05-07
U011320,吴浩然11320,男,38,湖北省,武汉,普通,2024-09-03
U011321,李嘉诚11321,女,51,河北省,石家庄,普通,2023-09-13
U011322,胡明轩11322,女,16,江苏省,南京,普通,2024-01-12
U011323,朱欣然11323,男,17,江苏省,无锡,黄金,2023-09-30
U011324,吴嘉诚11324,男,35,上海市,上海,黄金,2025-02-26
U011325,孙佳怡11325,男,33,四川省,德阳,普通,2024-12-27
U011326,孙嘉诚11326,男,24,浙江省,杭州,白银,2025-11-02
U011327,刘欣然11327,女,22,河南省,许昌,普通,2024-07-09
U011328,陈诗涵11328,女,24,山东省,济南,普通,2024-05-04
U011329,李明轩11329,男,26,浙江省,绍兴,普通,2023-08-23
U011330,陈欣然11330,男,36,北京市,北京,普通,2024-12-07
U011331,孙子涵11331,男,33,广东省,珠海,白银,2023-12-26
U011332,高明轩11332,女,28,重庆市,重庆,普通,2025-10-27
U011333,高明轩11333,女,30,浙江省,杭州,白银,2023-09-23
U011334,徐浩然11334,男,32,浙江省,温州,普通,2024-10-27
U011335,周俊杰11335,女,36,四川省,成都,普通,2026-02-01
U011336,胡欣然11336,女,40,江苏省,南通,普通,2025-03-14
U011337,朱子涵11337,女,31,湖南省,常德,普通,2024-10-15
U011338,周浩然11338,女,26,河北省,唐山,白银,2025-01-24
U011339,王嘉诚11339,男,36,重庆市,重庆,普通,2023-09-30
U011340,李嘉诚11340,男,40,湖北省,黄冈,普通,2025-08-31
U011341,黄欣然11341,男,20,广东省,佛山,白银,2026-04-22
U011342,张梓萱11342,女,40,北京市,北京,黄金,2025-03-02
U011343,高思源11343,女,20,江苏省,常州,普通,2023-04-12
U011344,杨佳怡11344,男,29,河南省,新乡,黄金,2026-04-29
U011345,陈梓萱11345,男,38,浙江省,宁波,黄金,2024-05-26
U011346,王雨桐11346,女,32,湖北省,襄阳,黄金,2023-09-19
U011347,黄嘉诚11347,女,27,河北省,石家庄,白银,2023-07-11
U011348,陈佳怡11348,男,44,广东省,东莞,普通,2024-09-17
U011349,吴俊杰11349,女,31,湖北省,武汉,普通,2024-09-22
U011350,吴梓萱11350,女,22,四川省,宜宾,普通,2026-02-22
U011351,张一诺11351,男,26,重庆市,重庆,普通,2026-03-24
U011352,黄佳怡11352,女,48,河北省,保定,白银,2026-01-13
U011353,王欣然11353,女,45,重庆市,重庆,黄金,2023-05-19
U011354,王佳怡11354,女,43,山东省,潍坊,普通,2023-03-03
U011355,朱俊杰11355,男,33,湖北省,襄阳,普通,2024-07-24
U011356,李诗涵11356,男,37,河南省,许昌,普通,2023-07-02
U011357,胡浩然11357,男,25,河南省,洛阳,普通,2026-02-06
U011358,黄俊杰11358,男,34,湖北省,荆州,黄金,2024-09-03
U011359,陈雨桐11359,男,29,广东省,深圳,普通,2026-05-20
U011360,陈明轩11360,女,52,山东省,烟台,普通,2025-01-29
U011361,李佳怡11361,女,39,河南省,许昌,普通,2025-12-07
U011362,杨嘉诚11362,女,28,湖北省,襄阳,白银,2025-02-11
U011363,朱雨桐11363,女,42,四川省,成都,普通,2025-10-12
U011364,李嘉诚11364,男,39,重庆市,重庆,白银,2026-01-08
U011365,刘一诺11365,男,37,江苏省,苏州,普通,2025-03-22
U011366,徐雨桐11366,女,28,河南省,新乡,黄金,2025-01-27
U011367,胡思源11367,女,29,山东省,烟台,普通,2023-11-08
U011368,高嘉诚11368,女,31,河北省,石家庄,黄金,2024-05-05
U011369,周梓萱11369,女,23,重庆市,重庆,普通,2024-12-11
U011370,胡诗涵11370,女,16,重庆市,重庆,普通,2025-03-01
U011371,李明轩11371,女,48,江苏省,南京,黄金,2025-03-27
U011372,陈嘉诚11372,女,24,湖南省,岳阳,普通,2023-03-09
U011373,张一诺11373,女,24,四川省,成都,白银,2023-07-02
U011374,孙明轩11374,男,21,四川省,南充,铂金,2023-03-09
U011375,张雨桐11375,女,22,河北省,石家庄,普通,2023-10-09
U011376,朱子涵11376,女,36,北京市,北京,普通,2023-11-16
U011377,李浩然11377,女,17,四川省,宜宾,白银,2024-01-10
U011378,周一诺11378,男,39,河北省,保定,白银,2024-07-23
U011379,黄明轩11379,女,28,浙江省,温州,普通,2023-10-29
U011380,王一诺11380,女,19,湖北省,襄阳,普通,2026-06-14
U011381,张俊杰11381,男,16,浙江省,杭州,普通,2024-07-14
U011382,高欣然11382,男,38,山东省,临沂,白银,2024-08-18
U011383,朱梓萱11383,女,32,山东省,青岛,普通,2026-04-04
U011384,孙子涵11384,男,16,四川省,南充,铂金,2025-11-27
U011385,吴梓萱11385,男,28,广东省,佛山,白银,2023-05-22
U011386,黄俊杰11386,男,19,江苏省,常州,普通,2023-10-28
U011387,王俊杰11387,女,36,湖北省,荆州,白银,2024-03-15
U011388,黄梓萱11388,女,27,江苏省,苏州,普通,2026-01-26
U011389,高嘉诚11389,女,27,重庆市,重庆,白银,2025-11-05
U011390,周一诺11390,男,42,湖南省,株洲,白银,2024-12-10
U011391,高浩然11391,女,33,福建省,福州,普通,2025-10-11
U011392,王欣然11392,女,41,河北省,唐山,白银,2024-07-03
U011393,徐佳怡11393,男,28,四川省,绵阳,白银,2026-03-01
U011394,杨思源11394,女,25,上海市,上海,铂金,2025-04-24
U011395,王明轩11395,女,26,四川省,宜宾,黄金,2024-09-25
U011396,徐嘉诚11396,女,31,福建省,漳州,普通,2026-01-25
U011397,陈一诺11397,女,16,山东省,临沂,普通,2023-02-08
U011398,杨梓萱11398,男,31,江苏省,苏州,铂金,2023-02-17
U011399,王雨桐11399,男,37,江苏省,南京,普通,2024-03-22
U011400,黄思源11400,女,47,江苏省,南通,普通,2025-01-24
U011401,徐欣然11401,男,35,广东省,东莞,黄金,2023-10-28
U011402,胡浩然11402,男,24,河南省,许昌,黄金,2023-03-22
U011403,王浩然11403,女,26,浙江省,温州,普通,2026-02-10
U011404,黄子涵11404,男,24,山东省,青岛,白银,2023-07-29
U011405,赵浩然11405,男,31,浙江省,绍兴,白银,2026-04-30
U011406,张佳怡11406,女,43,江苏省,南通,普通,2025-02-14
U011407,王一诺11407,女,16,江苏省,南京,普通,2025-02-25
U011408,王雨桐11408,男,35,江苏省,苏州,白银,2023-01-08
U011409,周雨桐11409,女,44,福建省,漳州,普通,2023-04-05
U011410,黄俊杰11410,女,17,浙江省,温州,普通,2023-04-18
U011411,杨欣然11411,女,28,广东省,深圳,白银,2025-09-14
U011412,刘俊杰11412,女,21,四川省,成都,黄金,2025-02-07
U011413,李浩然11413,男,26,四川省,南充,普通,2024-07-19
U011414,胡诗涵11414,女,45,北京市,北京,黄金,2023-04-02
U011415,赵俊杰11415,女,37,湖南省,常德,普通,2025-03-16
U011416,张欣然11416,女,24,河北省,石家庄,普通,2023-11-26
U011417,赵佳怡11417,男,29,陕西省,渭南,普通,2023-02-02
U011418,张诗涵11418,女,24,江苏省,无锡,普通,2025-12-19
U011419,刘明轩11419,女,32,河北省,廊坊,普通,2026-03-18
U011420,周欣然11420,男,37,山东省,临沂,普通,2025-12-05
U011421,徐思源11421,男,36,湖北省,武汉,普通,2025-03-13
U011422,刘梓萱11422,女,38,北京市,北京,普通,2023-04-18
U011423,王诗涵11423,女,41,湖南省,衡阳,白银,2023-06-30
U011424,孙雨桐11424,女,25,江苏省,南通,普通,2023-10-29
U011425,杨浩然11425,女,30,广东省,珠海,普通,2025-06-10
U011426,吴明轩11426,男,30,江苏省,常州,普通,2024-06-22
U011427,李欣然11427,女,37,湖南省,常德,白银,2023-11-15
U011428,高浩然11428,女,31,江苏省,无锡,普通,2025-08-01
U011429,周明轩11429,男,32,河南省,新乡,普通,2025-07-31
U011430,张俊杰11430,女,32,湖北省,荆州,黄金,2025-08-08
U011431,王嘉诚11431,女,52,江苏省,无锡,白银,2024-04-06
U011432,黄佳怡11432,男,27,河南省,郑州,白银,2023-09-22
U011433,杨子涵11433,男,41,重庆市,重庆,普通,2024-04-08
U011434,陈诗涵11434,男,36,广东省,珠海,黄金,2025-08-29
U011435,周嘉诚11435,男,29,河南省,新乡,黄金,2023-04-04
U011436,胡佳怡11436,女,22,福建省,福州,铂金,2023-01-25
U011437,杨子涵11437,男,24,浙江省,杭州,普通,2025-02-06
U011438,吴欣然11438,女,27,河南省,新乡,白银,2025-04-02
U011439,刘浩然11439,女,16,福建省,福州,普通,2025-12-22
U011440,陈俊杰11440,女,31,上海市,上海,白银,2024-04-25
U011441,王明轩11441,女,28,上海市,上海,铂金,2024-07-24
U011442,张雨桐11442,男,45,湖南省,衡阳,白银,2024-06-12
U011443,朱俊杰11443,男,16,河北省,唐山,普通,2025-04-11
U011444,孙一诺11444,男,26,河南省,南阳,铂金,2026-03-06
U011445,王子涵11445,男,16,浙江省,嘉兴,白银,2026-02-09
U011446,刘明轩11446,女,27,浙江省,杭州,黄金,2024-09-25
U011447,孙欣然11447,女,31,上海市,上海,普通,2026-04-11
U011448,李诗涵11448,女,56,安徽省,阜阳,普通,2025-03-03
U011449,吴雨桐11449,女,46,河南省,郑州,普通,2025-10-22
U011450,赵一诺11450,男,36,北京市,北京,普通,2024-01-17
U011451,陈浩然11451,女,33,江苏省,无锡,普通,2026-02-13
U011452,张思源11452,女,41,山东省,临沂,普通,2025-09-09
U011453,王佳怡11453,女,30,浙江省,绍兴,铂金,2024-05-01
U011454,吴子涵11454,男,25,广东省,珠海,普通,2023-09-17
U011455,周一诺11455,男,40,福建省,厦门,普通,2024-02-12
U011456,孙诗涵11456,女,39,河南省,洛阳,普通,2023-09-29
U011457,陈俊杰11457,女,26,山东省,潍坊,普通,2023-05-14
U011458,黄雨桐11458,男,23,四川省,成都,铂金,2025-02-21
U011459,胡子涵11459,男,36,河北省,唐山,普通,2023-12-21
U011460,李佳怡11460,女,34,广东省,东莞,普通,2026-01-29
U011461,李一诺11461,男,29,山东省,潍坊,黄金,2026-03-10
U011462,杨梓萱11462,男,38,湖南省,长沙,黄金,2023-09-02
U011463,张一诺11463,女,39,浙江省,绍兴,普通,2024-11-19
U011464,周嘉诚11464,女,25,江苏省,常州,普通,2025-08-18
U011465,朱嘉诚11465,女,39,河南省,南阳,白银,2025-04-22
U011466,黄雨桐11466,男,36,北京市,北京,普通,2025-05-02
U011467,刘欣然11467,女,40,广东省,东莞,普通,2023-04-01
U011468,周一诺11468,男,36,江苏省,南通,普通,2025-05-08
U011469,陈梓萱11469,男,28,广东省,珠海,普通,2024-10-02
U011470,朱诗涵11470,男,39,福建省,厦门,白银,2025-12-27
U011471,赵嘉诚11471,女,33,山东省,烟台,普通,2025-10-27
U011472,孙欣然11472,男,36,四川省,绵阳,普通,2025-05-07
U011473,朱诗涵11473,女,39,陕西省,宝鸡,铂金,2024-07-19
U011474,陈佳怡11474,男,36,山东省,烟台,铂金,2026-02-16
U011475,赵子涵11475,男,25,安徽省,阜阳,黄金,2025-12-13
U011476,李明轩11476,女,34,陕西省,西安,白银,2024-08-26
U011477,赵俊杰11477,女,26,重庆市,重庆,铂金,2024-02-15
U011478,吴欣然11478,女,26,陕西省,宝鸡,白银,2023-05-01
U011479,刘浩然11479,男,42,江苏省,苏州,黄金,2023-03-21
U011480,李明轩11480,女,30,山东省,青岛,普通,2023-02-20
U011481,陈雨桐11481,女,21,河南省,洛阳,白银,2025-12-27
U011482,王嘉诚11482,男,25,湖南省,岳阳,黄金,2024-08-23
U011483,张明轩11483,女,35,河南省,洛阳,普通,2024-04-28
U011484,高一诺11484,女,35,广东省,东莞,普通,2023-04-12
U011485,孙一诺11485,女,16,江苏省,常州,黄金,2025-03-31
U011486,孙欣然11486,女,16,江苏省,南京,白银,2025-03-28
U011487,朱一诺11487,男,37,湖北省,宜昌,普通,2026-04-21
U011488,刘诗涵11488,男,25,河南省,许昌,普通,2025-01-15
U011489,周欣然11489,女,33,河北省,廊坊,白银,2023-08-02
U011490,杨明轩11490,男,24,上海市,上海,普通,2025-09-26
U011491,周浩然11491,男,23,浙江省,嘉兴,普通,2025-12-10
U011492,吴欣然11492,男,46,广东省,广州,普通,2025-01-07
U011493,陈浩然11493,男,37,四川省,绵阳,普通,2025-08-17
U011494,吴明轩11494,男,40,浙江省,温州,黄金,2025-02-17
U011495,李子涵11495,男,34,福建省,漳州,黄金,2025-09-13
U011496,黄嘉诚11496,女,32,北京市,北京,白银,2024-06-04
U011497,陈欣然11497,女,32,上海市,上海,白银,2024-12-06
U011498,胡诗涵11498,男,26,江苏省,南京,黄金,2025-02-06
U011499,胡嘉诚11499,女,25,浙江省,绍兴,白银,2025-04-06
U011500,胡浩然11500,女,32,浙江省,绍兴,普通,2024-06-10
U011501,周思源11501,男,21,江苏省,南通,普通,2026-05-13
U011502,朱佳怡11502,女,24,河北省,唐山,普通,2023-08-21
U011503,周嘉诚11503,男,33,广东省,深圳,黄金,2025-07-08
U011504,吴梓萱11504,女,29,上海市,上海,白银,2023-10-19
U011505,张明轩11505,男,37,江苏省,南京,普通,2025-06-28
U011506,刘明轩11506,女,25,湖北省,黄冈,普通,2024-02-12
U011507,徐嘉诚11507,女,32,浙江省,杭州,黄金,2023-07-01
U011508,刘明轩11508,女,23,湖北省,襄阳,白银,2023-09-06
U011509,黄梓萱11509,女,30,江苏省,无锡,白银,2025-09-15
U011510,吴雨桐11510,女,32,湖北省,宜昌,白银,2023-08-26
U011511,吴嘉诚11511,女,36,广东省,东莞,普通,2023-08-09
U011512,李欣然11512,男,23,浙江省,嘉兴,白银,2026-03-17
U011513,王俊杰11513,男,36,北京市,北京,普通,2023-10-11
U011514,陈俊杰11514,男,31,浙江省,杭州,白银,2023-04-20
U011515,徐欣然11515,男,22,福建省,莆田,普通,2024-01-09
U011516,杨俊杰11516,女,37,江苏省,南京,黄金,2024-09-03
U011517,周诗涵11517,男,35,山东省,临沂,普通,2023-07-24
U011518,黄明轩11518,女,42,湖北省,武汉,黄金,2024-08-11
U011519,赵嘉诚11519,男,36,重庆市,重庆,白银,2024-11-18
U011520,高俊杰11520,男,28,上海市,上海,普通,2025-03-27
U011521,周嘉诚11521,女,37,江苏省,南通,白银,2025-05-29
U011522,胡嘉诚11522,女,44,江苏省,南京,普通,2025-03-07
U011523,张诗涵11523,男,26,湖南省,衡阳,普通,2025-06-18
U011524,徐嘉诚11524,女,32,重庆市,重庆,白银,2023-11-09
U011525,陈一诺11525,女,39,湖北省,黄冈,白银,2024-01-17
U011526,李俊杰11526,女,24,四川省,南充,白银,2025-08-02
U011527,周嘉诚11527,男,51,广东省,广州,普通,2025-01-07
U011528,王佳怡11528,男,17,河南省,新乡,普通,2023-03-20
U011529,张一诺11529,男,43,北京市,北京,普通,2023-03-02
U011530,张思源11530,男,22,福建省,莆田,白银,2025-05-20
U011531,徐思源11531,男,35,山东省,潍坊,普通,2026-06-16
U011532,刘诗涵11532,女,34,湖南省,株洲,黑金,2024-09-12
U011533,朱思源11533,女,44,山东省,潍坊,普通,2024-01-12
U011534,朱诗涵11534,女,24,湖北省,荆州,白银,2023-04-10
U011535,胡子涵11535,女,40,广东省,珠海,普通,2023-09-22
U011536,孙浩然11536,女,58,湖北省,宜昌,黄金,2026-03-28
U011537,高一诺11537,女,30,山东省,临沂,白银,2024-10-15
U011538,高雨桐11538,男,41,湖北省,黄冈,普通,2024-02-09
U011539,杨雨桐11539,女,21,河北省,保定,普通,2025-03-09
U011540,李梓萱11540,男,16,广东省,东莞,普通,2025-09-29
U011541,杨梓萱11541,女,47,浙江省,宁波,普通,2023-11-12
U011542,王一诺11542,女,35,河北省,唐山,普通,2024-10-17
U011543,杨子涵11543,女,19,重庆市,重庆,普通,2026-01-27
U011544,杨一诺11544,女,44,山东省,济南,白银,2023-08-08
U011545,刘俊杰11545,女,25,山东省,潍坊,普通,2023-03-02
U011546,徐梓萱11546,女,23,广东省,广州,铂金,2025-05-28
U011547,李嘉诚11547,女,28,福建省,莆田,普通,2024-12-14
U011548,王思源11548,男,18,广东省,佛山,普通,2026-03-01
U011549,李浩然11549,男,34,江苏省,南京,普通,2023-03-29
U011550,朱雨桐11550,女,21,江苏省,苏州,普通,2025-01-18
U011551,吴子涵11551,男,21,山东省,临沂,普通,2023-04-17
U011552,周梓萱11552,女,28,广东省,佛山,普通,2025-11-15
U011553,陈梓萱11553,女,31,江苏省,南通,普通,2026-02-07
U011554,张梓萱11554,女,16,河南省,南阳,普通,2023-03-25
U011555,黄浩然11555,女,27,江苏省,苏州,普通,2024-07-01
U011556,高梓萱11556,男,41,河南省,郑州,白银,2025-07-12
U011557,徐佳怡11557,女,39,湖南省,岳阳,黑金,2024-12-25
U011558,赵明轩11558,男,22,广东省,珠海,白银,2023-09-26
U011559,孙欣然11559,男,22,浙江省,温州,普通,2024-09-10
U011560,朱梓萱11560,男,16,湖南省,岳阳,普通,2023-04-29
U011561,高欣然11561,女,39,安徽省,安庆,普通,2024-02-23
U011562,孙思源11562,男,37,四川省,南充,白银,2024-09-24
U011563,周佳怡11563,男,22,浙江省,杭州,普通,2025-11-04
U011564,刘诗涵11564,男,16,湖北省,黄冈,普通,2024-11-24
U011565,吴诗涵11565,男,40,安徽省,芜湖,普通,2025-04-10
U011566,朱欣然11566,女,29,湖北省,荆州,普通,2024-02-16
U011567,高佳怡11567,男,46,广东省,深圳,普通,2025-10-02
U011568,徐子涵11568,男,31,江苏省,常州,普通,2026-04-23
U011569,张浩然11569,男,26,陕西省,咸阳,黄金,2024-07-03
U011570,赵俊杰11570,男,41,江苏省,无锡,普通,2023-04-27
U011571,杨佳怡11571,女,25,上海市,上海,普通,2023-08-04
U011572,王佳怡11572,女,16,河南省,南阳,白银,2025-08-03
U011573,刘明轩11573,女,54,四川省,宜宾,普通,2024-01-24
U011574,陈明轩11574,男,17,河南省,许昌,普通,2025-04-17
U011575,赵子涵11575,男,38,江苏省,南通,普通,2026-05-31
U011576,黄嘉诚11576,男,34,湖南省,衡阳,白银,2025-06-23
U011577,胡诗涵11577,男,28,重庆市,重庆,黄金,2023-02-13
U011578,黄明轩11578,女,36,陕西省,宝鸡,普通,2025-05-17
U011579,吴俊杰11579,男,42,河南省,南阳,普通,2024-04-18
U011580,高浩然11580,男,30,山东省,临沂,普通,2024-09-23
U011581,赵子涵11581,男,35,湖北省,荆州,白银,2025-03-26
U011582,杨子涵11582,男,29,山东省,临沂,黄金,2025-12-18
U011583,李梓萱11583,女,23,上海市,上海,普通,2024-09-26
U011584,胡诗涵11584,男,36,河南省,洛阳,铂金,2025-07-13
U011585,朱子涵11585,女,30,山东省,临沂,普通,2026-03-10
U011586,张一诺11586,男,35,陕西省,宝鸡,铂金,2025-02-20
U011587,朱佳怡11587,女,31,上海市,上海,普通,2023-08-10
U011588,周思源11588,女,24,福建省,福州,普通,2024-09-14
U011589,黄子涵11589,女,16,河南省,洛阳,普通,2023-01-09
U011590,高诗涵11590,女,32,安徽省,安庆,普通,2025-10-26
U011591,张明轩11591,女,25,广东省,深圳,黄金,2025-04-04
U011592,周明轩11592,男,36,广东省,深圳,黄金,2023-01-04
U011593,赵雨桐11593,女,38,浙江省,嘉兴,黄金,2023-11-02
U011594,吴梓萱11594,女,26,河北省,唐山,黄金,2025-05-28
U011595,黄雨桐11595,男,28,安徽省,安庆,普通,2026-02-08
U011596,胡一诺11596,男,27,安徽省,安庆,白银,2024-05-31
U011597,胡诗涵11597,男,34,湖北省,宜昌,普通,2023-06-02
U011598,王明轩11598,男,19,河北省,石家庄,白银,2026-02-26
U011599,徐嘉诚11599,男,36,山东省,潍坊,普通,2025-06-21
U011600,刘明轩11600,男,17,河北省,保定,黄金,2024-11-10
U011601,赵雨桐11601,男,25,河南省,洛阳,普通,2024-10-11
U011602,黄雨桐11602,男,39,四川省,南充,普通,2024-12-31
U011603,朱明轩11603,男,34,湖南省,常德,普通,2025-03-04
U011604,朱俊杰11604,女,55,四川省,成都,普通,2024-07-20
U011605,高一诺11605,女,35,广东省,东莞,白银,2026-01-22
U011606,高诗涵11606,女,30,湖北省,襄阳,普通,2023-11-05
U011607,孙佳怡11607,男,32,广东省,深圳,普通,2026-02-06
U011608,孙俊杰11608,女,23,广东省,东莞,铂金,2023-11-06
U011609,李梓萱11609,女,30,江苏省,南京,白银,2024-09-02
U011610,周浩然11610,女,41,浙江省,绍兴,普通,2024-07-20
U011611,朱梓萱11611,男,49,江苏省,南京,普通,2023-12-04
U011612,李梓萱11612,女,34,浙江省,温州,白银,2024-04-11
U011613,杨子涵11613,女,16,广东省,珠海,普通,2024-01-08
U011614,刘一诺11614,男,20,浙江省,嘉兴,普通,2023-11-01
U011615,赵明轩11615,男,42,湖北省,荆州,普通,2024-11-16
U011616,胡欣然11616,女,30,北京市,北京,普通,2024-03-07
U011617,黄浩然11617,男,17,江苏省,无锡,铂金,2025-12-31
U011618,周浩然11618,女,30,江苏省,苏州,普通,2023-09-27
U011619,陈诗涵11619,男,31,福建省,厦门,白银,2025-09-13
U011620,刘浩然11620,女,31,河北省,廊坊,普通,2023-02-01
U011621,赵一诺11621,男,42,江苏省,常州,黄金,2026-02-02
U011622,张思源11622,女,43,重庆市,重庆,黄金,2024-08-27
U011623,徐佳怡11623,女,40,上海市,上海,普通,2024-08-21
U011624,赵梓萱11624,男,39,上海市,上海,普通,2026-04-05
U011625,黄俊杰11625,男,35,河南省,郑州,白银,2024-05-24
U011626,陈佳怡11626,男,36,上海市,上海,普通,2026-03-10
U011627,朱雨桐11627,男,27,广东省,深圳,黄金,2024-05-02
U011628,徐欣然11628,男,32,湖南省,常德,普通,2025-04-15
U011629,杨欣然11629,男,37,四川省,德阳,普通,2024-04-27
U011630,杨子涵11630,男,35,广东省,东莞,普通,2025-10-02
U011631,高嘉诚11631,男,20,广东省,深圳,普通,2026-02-04
U011632,徐俊杰11632,男,32,北京市,北京,普通,2024-11-15
U011633,胡诗涵11633,男,26,江苏省,南通,普通,2024-05-31
U011634,刘明轩11634,女,37,湖北省,襄阳,普通,2025-02-12
U011635,高俊杰11635,男,18,江苏省,常州,普通,2025-06-28
U011636,徐一诺11636,男,30,江苏省,常州,普通,2023-09-19
U011637,高思源11637,女,29,北京市,北京,白银,2024-04-19
U011638,赵一诺11638,男,16,四川省,成都,白银,2026-04-14
U011639,周浩然11639,女,26,重庆市,重庆,普通,2025-06-09
U011640,陈佳怡11640,女,31,福建省,福州,普通,2023-11-14
U011641,高梓萱11641,女,43,安徽省,安庆,普通,2023-06-09
U011642,孙嘉诚11642,男,43,湖南省,长沙,普通,2023-11-29
U011643,高雨桐11643,女,21,湖北省,襄阳,白银,2025-03-20
U011644,徐思源11644,女,27,浙江省,温州,普通,2025-10-05
U011645,朱明轩11645,男,30,广东省,深圳,黄金,2024-11-16
U011646,陈诗涵11646,男,35,安徽省,芜湖,普通,2024-04-16
U011647,高子涵11647,男,41,福建省,漳州,普通,2025-02-03
U011648,李嘉诚11648,男,16,四川省,成都,铂金,2024-09-01
U011649,朱欣然11649,男,36,广东省,广州,白银,2025-04-20
U011650,朱欣然11650,男,34,陕西省,西安,黄金,2025-09-05
U011651,朱俊杰11651,男,39,广东省,深圳,普通,2025-03-24
U011652,赵雨桐11652,男,42,北京市,北京,白银,2025-01-04
U011653,陈诗涵11653,女,39,浙江省,杭州,普通,2024-03-28
U011654,李雨桐11654,男,26,福建省,福州,普通,2024-08-05
U011655,王一诺11655,女,27,安徽省,芜湖,普通,2025-04-02
U011656,王雨桐11656,女,22,安徽省,合肥,白银,2025-11-06
U011657,王一诺11657,男,44,河北省,廊坊,黄金,2025-01-31
U011658,赵嘉诚11658,女,31,四川省,绵阳,普通,2025-11-12
U011659,高一诺11659,男,37,上海市,上海,普通,2023-12-05
U011660,李梓萱11660,男,30,广东省,深圳,白银,2025-07-12
U011661,孙俊杰11661,女,29,广东省,东莞,普通,2024-05-17
U011662,赵一诺11662,男,37,上海市,上海,黄金,2026-03-17
U011663,孙诗涵11663,女,31,浙江省,杭州,普通,2025-02-05
U011664,胡嘉诚11664,男,25,山东省,青岛,普通,2023-05-01
U011665,王佳怡11665,女,31,山东省,潍坊,白银,2023-12-21
U011666,周一诺11666,男,28,湖北省,荆州,白银,2025-01-27
U011667,徐一诺11667,男,16,福建省,泉州,白银,2024-04-09
U011668,周佳怡11668,女,38,江苏省,苏州,黄金,2026-03-10
U011669,王明轩11669,女,21,河南省,许昌,普通,2025-10-08
U011670,陈思源11670,男,49,河南省,南阳,普通,2025-01-27
U011671,吴诗涵11671,女,34,安徽省,阜阳,白银,2025-04-14
U011672,高子涵11672,男,20,安徽省,芜湖,黄金,2025-06-03
U011673,胡子涵11673,女,29,广东省,佛山,普通,2023-08-09
U011674,刘思源11674,女,27,重庆市,重庆,普通,2026-01-15
U011675,胡明轩11675,男,27,福建省,福州,白银,2025-11-12
U011676,张俊杰11676,女,31,江苏省,南京,普通,2023-01-02
U011677,徐诗涵11677,男,30,安徽省,阜阳,黄金,2025-03-17
U011678,王明轩11678,男,20,广东省,广州,普通,2026-05-27
U011679,胡俊杰11679,男,28,福建省,莆田,普通,2026-03-31
U011680,陈明轩11680,女,25,陕西省,渭南,黑金,2025-04-10
U011681,杨明轩11681,男,21,山东省,烟台,普通,2023-05-29
U011682,王浩然11682,女,48,浙江省,温州,普通,2023-10-27
U011683,王雨桐11683,女,29,安徽省,合肥,黄金,2024-04-26
U011684,刘浩然11684,女,32,湖南省,衡阳,黄金,2024-08-03
U011685,张思源11685,女,44,山东省,临沂,铂金,2023-03-07
U011686,徐诗涵11686,女,40,陕西省,西安,黄金,2023-05-07
U011687,朱诗涵11687,女,27,湖南省,衡阳,普通,2023-06-18
U011688,王雨桐11688,男,37,湖北省,黄冈,普通,2025-01-20
U011689,杨梓萱11689,女,30,北京市,北京,普通,2023-11-21
U011690,陈一诺11690,男,36,河南省,郑州,黄金,2026-02-07
U011691,陈雨桐11691,男,22,湖北省,荆州,普通,2026-06-04
U011692,王俊杰11692,女,24,四川省,德阳,黑金,2024-05-11
U011693,刘俊杰11693,女,46,河南省,许昌,黄金,2023-02-16
U011694,孙明轩11694,女,50,上海市,上海,普通,2025-08-31
U011695,胡一诺11695,女,27,广东省,深圳,普通,2024-11-04
U011696,周欣然11696,女,22,上海市,上海,铂金,2025-06-08
U011697,黄梓萱11697,男,37,四川省,绵阳,黄金,2023-05-23
U011698,杨梓萱11698,男,40,重庆市,重庆,普通,2025-07-24
U011699,徐一诺11699,女,35,山东省,济南,普通,2023-07-14
U011700,黄诗涵11700,男,30,陕西省,西安,普通,2023-07-01
U011701,高子涵11701,男,46,浙江省,温州,普通,2024-05-12
U011702,徐佳怡11702,男,27,福建省,漳州,白银,2023-10-06
U011703,刘子涵11703,男,25,河南省,洛阳,铂金,2023-02-26
U011704,陈欣然11704,男,36,江苏省,无锡,黄金,2023-09-11
U011705,高佳怡11705,女,31,江苏省,无锡,黄金,2026-06-08
U011706,孙佳怡11706,女,29,福建省,漳州,普通,2024-12-08
U011707,黄思源11707,男,48,河南省,许昌,黑金,2025-06-14
U011708,赵浩然11708,男,31,上海市,上海,普通,2023-07-21
U011709,张梓萱11709,女,20,重庆市,重庆,普通,2025-12-07
U011710,杨子涵11710,男,38,北京市,北京,铂金,2023-11-16
U011711,陈俊杰11711,女,39,广东省,珠海,白银,2025-08-22
U011712,高俊杰11712,男,34,上海市,上海,白银,2026-04-30
U011713,吴俊杰11713,男,55,湖南省,衡阳,普通,2024-09-10
U011714,高诗涵11714,男,34,浙江省,杭州,普通,2025-12-10
U011715,孙嘉诚11715,男,21,广东省,东莞,白银,2023-05-02
U011716,周俊杰11716,女,32,江苏省,南京,普通,2024-01-07
U011717,胡浩然11717,男,31,江苏省,南京,白银,2025-05-19
U011718,陈佳怡11718,男,37,广东省,佛山,白银,2023-03-02
U011719,徐浩然11719,男,25,湖南省,常德,普通,2025-03-02
U011720,王一诺11720,女,19,河北省,保定,白银,2024-03-17
U011721,高雨桐11721,女,31,江苏省,无锡,普通,2024-12-17
U011722,李诗涵11722,女,20,江苏省,无锡,普通,2023-03-12
U011723,陈子涵11723,女,42,北京市,北京,普通,2025-01-17
U011724,朱明轩11724,男,25,山东省,济南,普通,2023-11-21
U011725,刘一诺11725,男,28,山东省,潍坊,黄金,2025-02-25
U011726,胡佳怡11726,女,28,四川省,绵阳,普通,2024-08-18
U011727,杨思源11727,女,29,浙江省,嘉兴,铂金,2025-09-05
U011728,张佳怡11728,男,29,重庆市,重庆,白银,2023-12-17
U011729,刘雨桐11729,男,37,江苏省,无锡,普通,2026-05-03
U011730,高嘉诚11730,男,23,江苏省,南通,白银,2025-11-23
U011731,王浩然11731,女,21,河北省,唐山,普通,2025-02-13
U011732,吴欣然11732,女,20,湖南省,岳阳,普通,2023-07-11
U011733,李欣然11733,男,33,广东省,东莞,铂金,2024-11-19
U011734,黄佳怡11734,男,31,河北省,保定,普通,2024-07-24
U011735,赵诗涵11735,女,20,上海市,上海,普通,2025-01-12
U011736,孙梓萱11736,男,26,广东省,珠海,黑金,2024-11-23
U011737,周雨桐11737,男,27,广东省,深圳,普通,2024-01-10
U011738,黄一诺11738,男,29,广东省,广州,普通,2026-06-01
U011739,周俊杰11739,女,27,北京市,北京,黄金,2023-11-11
U011740,赵诗涵11740,男,30,福建省,厦门,普通,2024-07-05
U011741,朱雨桐11741,男,46,江苏省,苏州,普通,2023-12-19
U011742,高浩然11742,女,40,山东省,烟台,白银,2023-02-24
U011743,王嘉诚11743,女,32,河南省,郑州,普通,2024-03-16
U011744,杨明轩11744,女,16,上海市,上海,普通,2026-01-08
U011745,孙诗涵11745,女,26,河北省,廊坊,黑金,2025-09-16
U011746,杨一诺11746,女,23,重庆市,重庆,黄金,2024-07-01
U011747,刘梓萱11747,男,34,四川省,成都,普通,2025-12-17
U011748,刘子涵11748,女,34,上海市,上海,普通,2023-11-28
U011749,徐明轩11749,女,29,北京市,北京,白银,2024-11-25
U011750,李浩然11750,女,21,广东省,佛山,普通,2024-05-12
U011751,刘诗涵11751,男,42,浙江省,杭州,黄金,2025-04-23
U011752,李浩然11752,女,21,安徽省,安庆,普通,2024-02-27
U011753,李明轩11753,女,16,四川省,成都,普通,2024-07-30
U011754,胡欣然11754,女,25,四川省,成都,普通,2023-02-17
U011755,周佳怡11755,女,21,浙江省,绍兴,白银,2024-05-03
U011756,张俊杰11756,男,45,河北省,石家庄,黄金,2023-12-25
U011757,朱雨桐11757,女,18,广东省,广州,普通,2024-06-01
U011758,高浩然11758,男,35,四川省,德阳,普通,2024-04-14
U011759,杨明轩11759,女,46,北京市,北京,白银,2023-09-23
U011760,李雨桐11760,男,47,四川省,宜宾,普通,2024-09-27
U011761,朱子涵11761,女,41,陕西省,西安,铂金,2023-08-02
U011762,陈梓萱11762,男,25,上海市,上海,普通,2025-04-04
U011763,周欣然11763,女,16,河南省,许昌,白银,2024-07-12
U011764,胡俊杰11764,女,19,河南省,南阳,普通,2026-03-16
U011765,周子涵11765,男,23,北京市,北京,白银,2023-12-30
U011766,孙嘉诚11766,男,31,河南省,新乡,铂金,2024-03-01
U011767,高诗涵11767,男,30,安徽省,合肥,黄金,2025-07-24
U011768,吴欣然11768,男,30,福建省,厦门,普通,2023-05-08
U011769,赵子涵11769,男,18,北京市,北京,普通,2026-01-25
U011770,王梓萱11770,女,21,福建省,福州,黄金,2025-11-09
U011771,胡雨桐11771,女,42,湖北省,荆州,白银,2026-06-08
U011772,刘明轩11772,女,35,北京市,北京,普通,2024-07-02
U011773,朱一诺11773,女,25,江苏省,苏州,普通,2025-10-30
U011774,朱俊杰11774,男,24,福建省,泉州,白银,2025-01-10
U011775,刘浩然11775,男,36,山东省,潍坊,普通,2024-02-28
U011776,赵诗涵11776,女,31,湖北省,宜昌,黄金,2024-12-31
U011777,王子涵11777,男,48,湖北省,武汉,普通,2023-05-15
U011778,黄一诺11778,男,28,江苏省,苏州,白银,2026-03-30
U011779,王诗涵11779,男,43,浙江省,杭州,普通,2025-11-15
U011780,黄欣然11780,女,30,江苏省,南京,普通,2023-02-28
U011781,徐浩然11781,男,31,河南省,南阳,普通,2023-01-25
U011782,陈明轩11782,女,30,湖北省,襄阳,白银,2025-11-22
U011783,孙子涵11783,女,41,广东省,深圳,普通,2023-04-21
U011784,王欣然11784,男,29,河北省,石家庄,普通,2023-07-23
U011785,陈雨桐11785,女,35,山东省,烟台,普通,2023-11-18
U011786,周浩然11786,男,43,江苏省,无锡,黄金,2024-08-04
U011787,刘佳怡11787,男,35,浙江省,温州,普通,2024-03-12
U011788,王子涵11788,男,35,上海市,上海,黄金,2025-11-25
U011789,黄子涵11789,女,32,江苏省,南京,黄金,2025-10-05
U011790,张欣然11790,女,20,江苏省,南京,普通,2025-09-02
U011791,王俊杰11791,女,20,浙江省,嘉兴,普通,2025-02-04
U011792,赵梓萱11792,女,29,江苏省,常州,白银,2025-02-15
U011793,赵明轩11793,男,47,北京市,北京,普通,2023-04-18
U011794,陈一诺11794,女,19,江苏省,常州,普通,2023-03-21
U011795,陈嘉诚11795,男,38,河南省,洛阳,普通,2026-01-05
U011796,杨佳怡11796,女,27,江苏省,南通,白银,2025-06-13
U011797,王明轩11797,男,32,广东省,深圳,普通,2025-01-09
U011798,徐一诺11798,女,26,广东省,东莞,铂金,2023-12-30
U011799,刘梓萱11799,女,30,河南省,南阳,普通,2024-10-02
U011800,陈子涵11800,男,41,广东省,广州,黄金,2024-01-12
U011801,黄雨桐11801,女,37,广东省,深圳,白银,2026-03-27
U011802,黄子涵11802,女,42,浙江省,绍兴,黑金,2026-02-20
U011803,赵浩然11803,男,50,上海市,上海,普通,2025-02-16
U011804,周子涵11804,男,45,上海市,上海,普通,2023-06-24
U011805,王雨桐11805,女,44,陕西省,西安,白银,2024-04-10
U011806,刘一诺11806,男,26,福建省,泉州,普通,2024-02-05
U011807,张子涵11807,女,35,湖北省,宜昌,普通,2024-05-12
U011808,赵雨桐11808,女,27,河北省,石家庄,普通,2023-06-22
U011809,赵佳怡11809,男,24,北京市,北京,普通,2025-05-24
U011810,王俊杰11810,女,35,河南省,许昌,白银,2025-08-06
U011811,徐雨桐11811,女,25,河北省,唐山,普通,2023-11-17
U011812,张雨桐11812,女,39,四川省,德阳,白银,2025-01-20
U011813,张子涵11813,男,23,山东省,济南,普通,2023-06-06
U011814,吴浩然11814,男,35,福建省,莆田,黄金,2026-02-07
U011815,吴一诺11815,男,25,福建省,厦门,普通,2025-03-02
U011816,周雨桐11816,男,28,湖北省,宜昌,普通,2023-09-19
U011817,杨明轩11817,女,30,浙江省,嘉兴,白银,2023-10-27
U011818,徐明轩11818,男,47,河北省,石家庄,普通,2023-02-26
U011819,胡梓萱11819,女,39,浙江省,温州,铂金,2024-05-22
U011820,吴梓萱11820,男,39,江苏省,苏州,普通,2025-11-14
U011821,刘思源11821,男,28,河南省,新乡,普通,2025-10-19
U011822,朱欣然11822,男,32,广东省,东莞,普通,2025-11-15
U011823,杨明轩11823,男,31,四川省,绵阳,普通,2026-01-28
U011824,陈诗涵11824,女,31,北京市,北京,白银,2025-12-14
U011825,杨一诺11825,男,26,广东省,广州,黄金,2024-10-15
U011826,徐思源11826,女,48,河北省,唐山,普通,2025-09-08
U011827,吴浩然11827,女,37,江苏省,无锡,普通,2025-03-11
U011828,朱思源11828,女,16,山东省,济南,普通,2024-11-27
U011829,吴子涵11829,男,36,河北省,廊坊,普通,2026-06-03
U011830,徐思源11830,男,36,湖南省,株洲,铂金,2023-01-03
U011831,杨雨桐11831,女,22,广东省,广州,黄金,2023-12-30
U011832,黄俊杰11832,女,41,河南省,南阳,普通,2024-01-29
U011833,徐佳怡11833,男,33,四川省,南充,普通,2024-03-16
U011834,吴俊杰11834,男,33,山东省,烟台,白银,2024-09-12
U011835,周欣然11835,女,33,浙江省,杭州,普通,2025-08-17
U011836,张俊杰11836,女,44,浙江省,嘉兴,白银,2025-11-04
U011837,刘佳怡11837,女,32,北京市,北京,白银,2023-05-19
U011838,李思源11838,女,23,广东省,珠海,普通,2026-06-12
U011839,陈佳怡11839,女,27,湖南省,岳阳,白银,2025-02-08
U011840,徐嘉诚11840,男,26,湖南省,株洲,白银,2026-04-12
U011841,孙诗涵11841,男,34,北京市,北京,普通,2025-10-07
U011842,张梓萱11842,女,24,湖南省,常德,普通,2024-03-13
U011843,胡俊杰11843,男,26,山东省,青岛,普通,2024-08-06
U011844,周明轩11844,男,23,广东省,广州,普通,2024-01-16
U011845,黄子涵11845,男,22,安徽省,阜阳,普通,2025-08-03
U011846,徐思源11846,男,28,广东省,广州,普通,2023-10-11
U011847,李浩然11847,女,32,江苏省,常州,普通,2024-03-19
U011848,吴思源11848,女,36,江苏省,南通,普通,2025-11-13
U011849,徐俊杰11849,男,37,重庆市,重庆,普通,2024-05-24
U011850,吴一诺11850,女,50,安徽省,安庆,普通,2024-07-29
U011851,孙子涵11851,女,27,安徽省,阜阳,普通,2023-09-14
U011852,高思源11852,男,30,广东省,深圳,普通,2024-11-15
U011853,杨浩然11853,男,21,浙江省,温州,普通,2024-11-28
U011854,王嘉诚11854,女,38,广东省,佛山,普通,2024-03-11
U011855,黄俊杰11855,男,35,广东省,广州,普通,2024-05-16
U011856,周佳怡11856,女,31,北京市,北京,白银,2024-02-14
U011857,孙欣然11857,男,52,江苏省,常州,普通,2026-04-12
U011858,王子涵11858,女,43,浙江省,温州,白银,2023-02-05
U011859,孙梓萱11859,男,36,河南省,郑州,普通,2026-02-20
U011860,张嘉诚11860,男,33,山东省,青岛,普通,2024-04-15
U011861,刘佳怡11861,男,21,福建省,福州,白银,2024-08-23
U011862,王佳怡11862,男,40,浙江省,杭州,普通,2024-08-29
U011863,黄明轩11863,男,25,湖北省,襄阳,普通,2023-12-13
U011864,吴俊杰11864,男,37,福建省,莆田,白银,2024-03-26
U011865,赵诗涵11865,女,28,河北省,保定,白银,2023-10-15
U011866,李思源11866,女,55,上海市,上海,普通,2025-11-24
U011867,李梓萱11867,男,25,四川省,德阳,普通,2025-04-13
U011868,刘思源11868,男,24,湖北省,襄阳,黄金,2025-11-04
U011869,杨欣然11869,女,24,湖南省,株洲,黄金,2024-03-13
U011870,王雨桐11870,女,22,河南省,许昌,普通,2025-01-11
U011871,周诗涵11871,男,24,湖北省,襄阳,普通,2024-06-15
U011872,孙俊杰11872,女,34,湖南省,衡阳,白银,2023-11-24
U011873,李佳怡11873,男,30,广东省,珠海,白银,2025-03-12
U011874,杨佳怡11874,女,27,安徽省,合肥,黄金,2024-02-29
U011875,黄思源11875,男,30,江苏省,苏州,黄金,2024-04-30
U011876,刘一诺11876,女,32,四川省,成都,白银,2024-04-21
U011877,吴佳怡11877,男,38,福建省,泉州,普通,2024-03-19
U011878,赵嘉诚11878,女,38,湖南省,常德,白银,2024-03-26
U011879,周明轩11879,男,26,上海市,上海,普通,2025-03-25
U011880,徐子涵11880,女,16,湖南省,常德,普通,2025-06-29
U011881,徐子涵11881,女,25,浙江省,温州,白银,2025-09-22
U011882,刘诗涵11882,女,34,河南省,许昌,普通,2026-05-26
U011883,吴子涵11883,男,22,河北省,廊坊,白银,2023-01-31
U011884,孙浩然11884,男,16,浙江省,绍兴,普通,2024-08-17
U011885,吴梓萱11885,女,36,河南省,南阳,白银,2026-02-17
U011886,黄欣然11886,女,21,湖北省,武汉,黄金,2023-04-29
U011887,朱梓萱11887,女,18,广东省,东莞,黄金,2024-05-24
U011888,张诗涵11888,男,28,福建省,厦门,普通,2026-01-28
U011889,周俊杰11889,女,29,河北省,廊坊,普通,2026-06-15
U011890,胡梓萱11890,男,35,北京市,北京,白银,2023-12-28
U011891,朱欣然11891,男,34,福建省,莆田,黄金,2026-03-29
U011892,吴诗涵11892,男,30,浙江省,宁波,铂金,2026-06-01
U011893,杨一诺11893,女,40,湖北省,宜昌,普通,2023-10-09
U011894,孙欣然11894,女,17,四川省,宜宾,普通,2025-07-06
U011895,黄俊杰11895,男,36,山东省,青岛,普通,2025-03-18
U011896,朱雨桐11896,男,43,上海市,上海,普通,2025-09-24
U011897,李子涵11897,男,25,山东省,青岛,普通,2025-10-25
U011898,陈思源11898,女,36,安徽省,安庆,普通,2026-02-13
U011899,刘梓萱11899,女,26,广东省,佛山,铂金,2023-01-03
U011900,赵俊杰11900,男,27,上海市,上海,铂金,2024-11-08
U011901,赵诗涵11901,女,43,广东省,珠海,普通,2026-03-26
U011902,胡明轩11902,女,16,北京市,北京,黄金,2026-03-28
U011903,张佳怡11903,男,17,重庆市,重庆,白银,2025-03-15
U011904,孙明轩11904,女,16,重庆市,重庆,白银,2024-10-25
U011905,吴子涵11905,女,43,河南省,新乡,普通,2023-03-05
U011906,徐思源11906,女,42,河南省,郑州,普通,2025-05-04
U011907,张雨桐11907,女,46,山东省,临沂,普通,2025-11-25
U011908,徐欣然11908,女,43,重庆市,重庆,普通,2025-01-25
U011909,赵诗涵11909,女,34,江苏省,无锡,黄金,2023-09-25
U011910,高一诺11910,女,32,重庆市,重庆,普通,2024-04-25
U011911,王佳怡11911,男,31,山东省,临沂,白银,2024-08-02
U011912,李浩然11912,男,32,广东省,佛山,普通,2024-03-15
U011913,刘佳怡11913,男,27,湖北省,武汉,普通,2023-06-24
U011914,李梓萱11914,女,36,四川省,成都,普通,2023-03-24
U011915,高子涵11915,女,37,河北省,唐山,白银,2023-07-22
U011916,李诗涵11916,女,35,福建省,漳州,白银,2025-10-20
U011917,赵佳怡11917,女,31,河北省,石家庄,白银,2024-02-12
U011918,杨一诺11918,男,37,山东省,济南,白银,2023-02-18
U011919,杨浩然11919,男,21,陕西省,宝鸡,普通,2024-08-14
U011920,李浩然11920,男,31,北京市,北京,普通,2026-04-08
U011921,黄子涵11921,女,39,重庆市,重庆,白银,2023-01-10
U011922,陈子涵11922,女,26,江苏省,南通,黄金,2023-03-10
U011923,杨雨桐11923,男,25,浙江省,绍兴,白银,2024-02-02
U011924,刘梓萱11924,男,38,四川省,南充,普通,2025-04-08
U011925,高雨桐11925,男,31,广东省,深圳,普通,2025-02-27
U011926,胡梓萱11926,男,33,上海市,上海,普通,2026-03-09
U011927,朱梓萱11927,男,24,山东省,潍坊,普通,2024-12-15
U011928,赵欣然11928,女,23,河北省,保定,普通,2026-01-06
U011929,刘嘉诚11929,女,37,河南省,新乡,普通,2026-01-19
U011930,王欣然11930,男,26,广东省,广州,白银,2023-07-26
U011931,朱嘉诚11931,女,23,山东省,潍坊,铂金,2025-04-29
U011932,杨雨桐11932,女,30,湖南省,株洲,黑金,2024-12-07
U011933,李俊杰11933,男,22,浙江省,宁波,白银,2023-07-20
U011934,黄明轩11934,男,17,河南省,郑州,普通,2024-09-09
U011935,孙嘉诚11935,男,39,江苏省,无锡,普通,2023-01-21
U011936,黄梓萱11936,女,29,湖北省,襄阳,普通,2025-05-24
U011937,陈佳怡11937,女,37,广东省,广州,黄金,2026-02-18
U011938,刘浩然11938,女,37,北京市,北京,普通,2026-04-01
U011939,李佳怡11939,女,33,广东省,深圳,普通,2023-02-03
U011940,赵一诺11940,男,39,湖南省,衡阳,普通,2026-03-03
U011941,周一诺11941,男,33,广东省,佛山,普通,2026-01-28
U011942,朱诗涵11942,男,44,浙江省,绍兴,普通,2025-12-22
U011943,王一诺11943,男,47,江苏省,苏州,黄金,2024-08-18
U011944,赵子涵11944,女,25,广东省,深圳,黄金,2023-10-02
U011945,孙明轩11945,男,33,广东省,东莞,普通,2023-04-07
U011946,李诗涵11946,女,25,江苏省,苏州,普通,2024-10-06
U011947,陈俊杰11947,男,50,广东省,珠海,普通,2023-06-08
U011948,朱嘉诚11948,男,33,湖南省,株洲,普通,2023-12-19
U011949,孙诗涵11949,女,32,四川省,绵阳,黄金,2026-02-17
U011950,李思源11950,女,42,河南省,新乡,白银,2025-06-23
U011951,刘浩然11951,男,30,湖北省,襄阳,黄金,2026-06-19
U011952,赵佳怡11952,男,35,湖北省,宜昌,普通,2024-07-05
U011953,高浩然11953,男,20,河南省,郑州,普通,2023-02-22
U011954,张佳怡11954,女,38,江苏省,无锡,普通,2023-11-26
U011955,张佳怡11955,男,34,福建省,莆田,白银,2026-03-17
U011956,刘佳怡11956,女,20,河南省,新乡,白银,2026-05-14
U011957,朱一诺11957,男,30,江苏省,南通,普通,2023-10-28
U011958,孙嘉诚11958,女,19,河北省,石家庄,普通,2023-06-09
U011959,黄俊杰11959,女,39,四川省,南充,普通,2023-12-23
U011960,黄俊杰11960,男,27,重庆市,重庆,白银,2024-09-05
U011961,周欣然11961,女,42,北京市,北京,黄金,2026-03-07
U011962,赵明轩11962,女,21,重庆市,重庆,普通,2024-02-19
U011963,张欣然11963,男,27,江苏省,南京,普通,2023-06-14
U011964,胡佳怡11964,女,38,湖北省,武汉,普通,2025-01-05
U011965,高梓萱11965,男,28,四川省,南充,黄金,2024-10-12
U011966,黄诗涵11966,男,64,四川省,德阳,白银,2025-05-25
U011967,赵诗涵11967,男,40,北京市,北京,白银,2025-02-21
U011968,陈梓萱11968,女,25,山东省,临沂,普通,2024-06-12
U011969,孙佳怡11969,男,39,河北省,保定,铂金,2025-09-05
U011970,赵子涵11970,男,53,福建省,漳州,普通,2026-04-05
U011971,高明轩11971,男,21,广东省,佛山,普通,2023-04-21
U011972,徐子涵11972,男,40,福建省,泉州,普通,2024-08-13
U011973,黄浩然11973,女,21,湖南省,岳阳,普通,2024-12-20
U011974,徐俊杰11974,男,27,上海市,上海,普通,2024-10-12
U011975,赵欣然11975,男,31,四川省,成都,普通,2023-11-25
U011976,吴子涵11976,女,33,陕西省,西安,黄金,2025-08-18
U011977,赵思源11977,男,23,山东省,济南,黄金,2023-11-06
U011978,周浩然11978,女,16,浙江省,绍兴,白银,2024-08-09
U011979,王欣然11979,男,25,河北省,保定,普通,2025-09-13
U011980,徐俊杰11980,男,21,上海市,上海,普通,2026-05-09
U011981,黄雨桐11981,女,41,重庆市,重庆,普通,2024-05-23
U011982,周浩然11982,女,23,四川省,德阳,普通,2024-12-09
U011983,胡雨桐11983,男,23,四川省,宜宾,白银,2024-11-24
U011984,胡明轩11984,女,31,湖南省,株洲,黄金,2025-08-13
U011985,赵明轩11985,男,40,上海市,上海,黄金,2024-11-22
U011986,徐思源11986,男,29,陕西省,咸阳,普通,2026-06-14
U011987,张雨桐11987,女,28,福建省,莆田,普通,2023-11-28
U011988,胡思源11988,女,43,重庆市,重庆,普通,2026-03-19
U011989,王浩然11989,男,25,江苏省,无锡,普通,2026-01-31
U011990,朱诗涵11990,男,32,陕西省,渭南,普通,2024-12-15
U011991,朱子涵11991,男,36,河南省,洛阳,黄金,2025-02-09
U011992,张诗涵11992,女,36,浙江省,杭州,普通,2023-08-21
U011993,李佳怡11993,男,35,山东省,临沂,普通,2023-05-18
U011994,高诗涵11994,女,41,河北省,廊坊,白银,2024-06-06
U011995,徐雨桐11995,男,16,四川省,南充,白银,2025-09-01
U011996,陈明轩11996,女,16,浙江省,宁波,普通,2026-04-02
U011997,赵浩然11997,男,20,湖南省,常德,普通,2023-11-07
U011998,赵诗涵11998,男,22,上海市,上海,普通,2024-09-15
U011999,高诗涵11999,女,29,四川省,成都,普通,2024-04-23
U012000,黄子涵12000,女,37,河北省,唐山,普通,2023-03-30
